价,489
钢,474
铁矿,333
沪,326
的,318
矿石,302
螺纹,302
铁矿石,291
铝,286
钢铁,264
市场,250
镍,247
铜,238
锌,223
金属,204
将,201
涨,195
螺纹钢,180
库存,178
或,176
铜价,175
价格,174
需求,172
市,171
上涨,158
有色,137
震荡,134
期,133
短期,131
月,129
黄金,120
期货,119
多,118
仍,118
钢材,107
反弹,105
大,105
行情,103
跌,102
新高,102
偏,100
限产,99
继续,98
供应,98
弱,97
年,97
兰格,97
黑色,93
持续,91
基本,91
支撑,90
预期,90
高,90
季度,89
中国,88
运行,85
美元,85
有,84
有望,80
空,79
创,79
强,79
难,78
环保,78
在,77
高位,77
行业,76
了,74
走势,73
国内,72
空间,72
产能,71
是,69
下跌,68
钢厂,68
企,67
贸易,66
盘,66
全球,66
供需,66
调整,64
基本面,64
影响,63
后期,62
螺,61
铅,61
2018,61
延续,59
至,58
有色金属,57
分析,56
再,56
色系,55
半年,54
定价,53
上行,52
格局,52
强势,52
回落,50
对,50
下行,49
后,49
维持,49
交易,49
产业,48
元,47
风险,47
机会,47
钢坯,47
和,47
产量,47
看,47
去,47
数据,47
供给,47
宏观,46
四季,46
四季度,46
稳,46
关注,45
因素,45
做,45
现,45
期市,45
进口,44
明日,44
参考,44
与,43
近,43
涨势,43
承压,43
矿,43
突破,42
期价,42
消费,42
不,42
还,42
能,42
低,41
金价,41
大幅,41
现货,41
有限,41
报告,41
回调,41
压力,41
投资,40
逻辑,40
炉料,40
已,39
会,39
小幅,39
振荡,39
美国,39
白银,38
伦,38
空头,37
下,37
如何,37
政策,37
技术,36
后市,36
中期,36
降,36
库,36
中,36
美,36
吨,35
能否,35
大跌,35
吗,35
弱势,34
多头,34
锡,34
卷,34
国际,34
趋势,34
超,33
明年,33
下降,33
为何,33
企业,33
要,33
利润,33
可期,33
钢铁行业,33
LME,33
情绪,32
回升,32
周期,32
阶段,32
利空,32
关税,32
波动,31
明显,31
唐,31
增长,31
增,31
冲,31
7,31
迎来,30
走,30
10,30
逢,30
新,30
4,30
成本,30
钴,30
趋,29
下游,29
经济,29
贸易战,29
及,29
解,28
进入,28
未来,28
山,28
板块,28
资金,28
一,27
改,27
合约,27
头条,27
长期,27
月份,27
展望,27
万吨,27
下半,27
下半年,27
可,27
今年,27
谨慎,26
分化,26
面临,26
8,26
修复,26
合金,26
周,26
旺季,26
金,26
逐步,25
远,25
暴跌,25
单,25
中钢,25
钢协,25
利好,25
预计,25
创新,25
好,25
为,25
商品,25
最大,25
底,24
暴涨,24
上,24
重心,24
贵金属,24
被,24
中美,24
铜矿,24
6,24
再度,23
来,23
品种,23
区间,23
向,23
破,23
振,23
改善,23
看涨,23
策略,23
走高,23
俄,23
季,23
电解,23
电解铝,23
你,23
冬储,23
齐,22
低位,22
乐观,22
1,22
提,22
开启,22
为主,22
盈利,22
5,22
可能,22
日,22
双,22
套利,22
出口,22
逾,22
淡季,22
关口,21
钢材价格,21
热,21
差,21
硅铁,21
跌势,21
概率,21
但,21
成,21
铁合金,21
9,21
增加,21
仓,21
盘整,21
上升,21
解读,21
同比,21
放缓,20
需,20
报,20
3,20
又,20
释放,20
加速,20
买入,20
工业,20
利多,20
走强,20
叠加,20
采暖,20
节前,20
罢工,20
背后,20
家,19
存下,19
因,19
先,19
存,19
产业链,19
较大,19
国际化,19
力,19
牛,19
调研,19
看好,19
年内,19
股,19
待,19
节后,19
亿,19
本金,19
依然,19
这,18
向上,18
预测,18
行空,18
动力,18
铝业,18
端,18
结构,18
生产,18
什么,18
Lgmi,18
从,18
年报,18
特朗普,17
三,17
跌幅,17
易,17
宽幅,17
平衡,17
存在,17
一个,17
成交,17
整体,17
过剩,17
受,17
料,17
公司,17
推动,17
2,17
警惕,17
前,17
启动,17
转,16
锰,16
4000,16
建议,16
贴水,16
下周,16
紧,16
不足,16
避险,16
持仓,16
补,16
上半,16
12,16
到,16
模式,16
等,16
近期,16
以来,16
多久,16
年来,16
财经,16
两,16
一线,15
未,15
抛,15
套,15
今日,15
迎,15
增速,15
保持,15
都,15
下滑,15
上半年,15
最高,15
上调,15
或有,15
收,15
涨幅,15
原料,15
产品,15
制裁,15
冲击,15
历史,15
顶,15
谁,15
牛市,15
四年,15
跌破,14
底部,14
拉,14
扬,14
升,14
缺乏,14
粗,14
商,14
基,14
11,14
中长,14
三季,14
个,14
较,14
一步,14
十,14
涨价,14
内,14
基础,14
行,14
期权,14
计划,14
开始,14
连,14
上市,14
净利,14
加大,14
对话,14
袭,14
疯狂,14
黑金,14
春节,14
紧张,13
短线,13
新低,13
寻,13
全线,13
人士,13
等待,13
深度,13
是否,13
专题,13
博弈,13
还是,13
连续,13
中长期,13
不变,13
强劲,13
停,13
难以,13
走低,13
主力,13
具备,13
持,13
好转,13
动能,13
引发,13
比增,13
PMI,13
上移,13
偏紧,13
回暖,13
发展,13
预,13
三年,13
回归,13
2017,13
硅,12
加息,12
受限,12
扩大,12
100,12
拖累,12
逼近,12
生,12
200,12
起,12
抑,12
不宜,12
出现,12
拐点,12
来临,12
贸,12
发酵,12
世界,12
三季度,12
短缺,12
缓解,12
缺口,12
压制,12
之,12
lgmi,12
即将,12
50,12
步入,12
发,12
窄,12
操作,12
季节,12
蓄势,12
疲软,12
高点,12
隔夜,12
忧虑,12
阶段性,12
面,12
钢材市场,12
高盛,12
助力,12
机构,12
之后,12
钢铁市场,12
疯涨,12
侧,12
一年,11
晨报,11
美联储,11
联储,11
长,11
戴,11
俊,11
态势,11
钢产量,11
景气,11
本周,11
基建,11
表现,11
再现,11
协会,11
钢铁企业,11
矿山,11
问题,11
进一步,11
下移,11
思路,11
重回,11
价格上涨,11
焦,11
季节性,11
嘉,11
评,11
变化,11
力量,11
领,11
最新,11
说,11
价值,11
二季,11
二季度,11
驱动,11
十年,11
前瞻,11
产,11
境外,11
我国,11
悲观,10
跌停,10
价差,10
增量,10
之路,10
陷入,10
涨跌,10
指数,10
铜业,10
两年,10
力度,10
止,10
最,10
消息,10
带来,10
低迷,10
限制,10
交割,10
更,10
不锈,10
博士,10
爆发,10
建材,10
上期,10
结束,10
哪,10
大概,10
加剧,10
布局,10
长线,10
观望,10
金九银,10
比,10
升级,10
重挫,10
矛盾,10
观察,10
钢铁业,10
铁业,10
专家,10
复,10
内外,10
铁板,10
指,10
波,10
图,9
压,9
周一,9
化,9
高度,9
危机,9
妖,9
正,9
智利,9
累,9
下挫,9
重磅,9
3900,9
多数,9
显,9
确定,9
精矿,9
不锈钢,9
改革,9
港口,9
普遍,9
不及,9
指标,9
就,9
COMEX,9
峰,9
现状,9
施压,9
忽视,9
有所,9
国家,9
情况,9
不具,9
怎么,9
逐渐,9
依旧,9
加码,9
过后,9
收缩,9
万,9
核心,9
20,9
方向,9
业绩,9
见,9
何时,9
称,9
盘面,9
期货市场,9
幅度,9
钢铁股,9
高一,9
煤炭,9
第一,9
上下,9
金日,9
攀升,9
炒作,9
一季,9
一季度,9
所,9
年半,9
抄底,8
地产,8
何,8
却,8
早,8
论坛,8
遭遇,8
恐,8
上扬,8
淡,8
站稳,8
供,8
才,8
冬季,8
当前,8
天,8
钢铁价格,8
黑色金属,8
达,8
处于,8
废钢,8
2019,8
开,8
向下,8
这样,8
实现,8
四大,8
以上,8
主导,8
集体,8
减产,8
这么,8
持有,8
打压,8
量,8
银,8
兑现,8
买,8
还有,8
飞,8
成为,8
以,8
关停,8
外,8
且,8
潮,8
中线,8
遭,8
支持,8
错,8
发布,8
图解,8
建筑,8
谨防,8
环比,8
累积,8
全面,8
效应,8
印度,8
进行,8
冶炼,8
矿业,8
夜,8
黄金市场,8
发改委,8
威胁,8
扰动,8
30,8
飙升,8
我,8
股价,8
保,8
环境,8
高炉,8
半年报,8
早餐,8
显现,8
全国,8
评论,8
助推,8
剑,8
趋势性,8
交易所,8
风口,8
再次,8
亿吨,8
升至,8
拓,8
涨停,8
何去何从,8
只,8
可看,8
地条钢,8
条钢,8
升温,7
现实,7
应增,7
不容,7
电池,7
深,7
一路,7
状态,7
氧化,7
通道,7
给,7
筑,7
凸显,7
沽,7
配置,7
演绎,7
提升,7
助,7
5000,7
关键,7
共振,7
炼厂,7
交织,7
慢,7
静,7
接近,7
连涨,7
熊市,7
追,7
走向,7
也,7
受阻,7
受益,7
大增,7
专访,7
旺,7
四,7
待发,7
能源,7
锌矿,7
投,7
拟,7
去年,7
担忧,7
大利,7
谈判,7
上市公司,7
金融,7
短期内,7
期内,7
上攻,7
到底,7
业,7
倍,7
不可,7
巨头,7
进口量,7
止跌,7
处,7
反复,7
声,7
平稳,7
基金,7
坚挺,7
河北,7
大宗,7
让,7
钯,7
位,7
提前,7
事件,7
为什么,7
放量,7
行动,7
压减,7
喜,7
时间,7
调查,7
良好,7
相对,7
普,7
隐忧,7
亿美元,7
煤,7
争夺,7
氛围,7
一周,7
消化,7
规则,7
六年,7
过度,7
复苏,7
研究,7
必,7
触及,7
势,7
多重,7
两难,7
1801,7
由,6
跌跌,6
水泥,6
关系,6
卖盘,6
TD,6
再降,6
80,6
逆势,6
常态,6
砸,6
未改,6
落地,6
蓄力,6
下调,6
王,6
疲弱,6
突发,6
工,6
信,6
降价,6
真的,6
佳,6
1000,6
3000,6
大关,6
仍然,6
气度,6
分析师,6
变数,6
宽松,6
点,6
稳定,6
完成,6
整理,6
打开,6
忧,6
减弱,6
金银,6
再创,6
求,6
报道,6
沙,6
尾声,6
氧化铝,6
化铝,6
何方,6
反,6
时机,6
价高,6
出货,6
债,6
补涨,6
实施,6
独家,6
论,6
减,6
刷新,6
正式,6
需求增,6
相关,6
开工,6
集中,6
利亚,6
第二,6
升水,6
颓势,6
过去,6
终端,6
减少,6
于,6
跳水,6
压下,6
获,6
成材,6
贸易商,6
精,6
节奏,6
原因,6
一片,6
探底,6
低买,6
风暴,6
上演,6
13,6
对待,6
采购,6
前景,6
不断,6
红,6
还要,6
过,6
铜期货,6
左右,6
15,6
离场,6
一度,6
龙头,6
7000,6
刺激,6
续,6
再上,6
中心,6
值得,6
剖析,6
目标,6
焦炭,6
摩擦,6
赚,6
信心,6
资源,6
阻力,6
升势,6
终结,6
年度,6
梦,6
第,6
过程,6
重利,6
新能源,6
置换,6
山东,6
站上,6
发生,6
杀,6
简评,6
形势,6
稀土,6
九,6
者,5
不休,5
房地,5
房地产,5
除,5
银行,5
双双,5
张,5
春季,5
已经,5
抛售,5
困局,5
该,5
降至,5
周五,5
终,5
呈,5
呈现,5
火,5
殆尽,5
一轮,5
风,5
霾,5
重点,5
引导,5
永安,5
停产,5
连降,5
制约,5
队,5
考验,5
指引,5
基建投资,5
增产,5
动向,5
基调,5
工业品,5
亿元,5
解析,5
不确定性,5
确定性,5
定性,5
未变,5
窗口,5
犹存,5
宏观经济,5
春天,5
增大,5
即,5
窄幅,5
充足,5
重组,5
知道,5
渐,5
4200,5
货,5
上方,5
抬升,5
抑制,5
不是,5
公布,5
大佬,5
当,5
险情,5
探讨,5
第四,5
第四季,5
第四季度,5
首,5
附,5
反转,5
连阳,5
开局,5
蓄势待发,5
结合,5
总结,5
触底,5
一筹,5
近月,5
行时,5
到来,5
否,5
澳大利,5
澳大利亚,5
建,5
下方,5
效果,5
厂,5
生变,5
推升,5
中下,5
故事,5
使,5
川,5
出,5
部分,5
因为,5
不容忽视,5
哪里,5
素交,5
攀,5
央行,5
低点,5
35,5
风云,5
投机,5
冶炼厂,5
升空,5
协议,5
试,5
边际,5
数人,5
上海,5
纪要,5
哪些,5
逼,5
流通,5
3800,5
铅锌,5
小涨,5
顺势,5
攀高,5
低估,5
演变,5
条件,5
探,5
全,5
19,5
商务,5
商务部,5
严重,5
首次,5
正中,5
潜力,5
征收,5
挑战,5
北京,5
潜在,5
临近,5
浓,5
这些,5
理性,5
重,5
战略,5
而,5
研,5
股份,5
矿产,5
性行,5
汽车,5
单日,5
信号,5
考虑,5
不大,5
提供,5
开门,5
开门红,5
措施,5
外交,5
交易者,5
跳,5
飙,5
落空,5
北方,5
过分,5
小金,5
精炼,5
封,5
每吨,5
快,5
纪录,5
货价,5
通胀,5
期待,5
金属建材,5
品,5
型材,5
型,5
思考,5
钨,5
局面,5
十一,5
日志,5
大考,5
周三,4
归,4
VS,4
强化,4
问,4
重大,4
路,4
不乐,4
形成,4
新一轮,4
确认,4
刹车,4
纠结,4
落后,4
冲刺,4
300,4
半月,4
荣,4
邱,4
40,4
间运,4
恐慌,4
暂,4
700,4
几何,4
逆,4
期中,4
快速,4
高空,4
究竟,4
竟是,4
酝酿,4
缩,4
均衡,4
弱化,4
亮点,4
红利,4
对冲,4
汪,4
钢铁产业,4
出厂,4
出厂价,4
股市,4
兼并,4
并重,4
地,4
谈,4
仓单,4
趋缓,4
寻求,4
板带,4
带材,4
精品,4
信息,4
推送,4
镀锌,4
远期,4
持续增长,4
丨,4
记,4
局,4
召开,4
业内,4
附近,4
错配,4
带动,4
一场,4
聚焦,4
替代,4
跟踪,4
挺,4
再生,4
略胜,4
略胜一筹,4
清淡,4
估值,4
格林,4
大华,4
紧缺,4
提高,4
势能,4
增强,4
管,4
日本,4
跟随,4
生产商,4
工人,4
4500,4
回顾,4
突出,4
净利润,4
完,4
玩,4
走出,4
废铜,4
尾盘,4
90,4
社会,4
整数,4
整数关,4
俄罗斯,4
罗斯,4
冲天,4
高下,4
旺盛,4
多家,4
中报,4
正当,4
当时,4
缩减,4
延长,4
能力,4
较弱,4
客,4
寒,4
河南,4
选择,4
恢复,4
不会,4
业务,4
推,4
阴云,4
行为,4
拉锯,4
变,4
日均,4
时光,4
减持,4
其,4
心态,4
铁流,4
流通业,4
战,4
可能性,4
大动,4
开工率,4
这个,4
成功,4
准备,4
干扰,4
主线,4
约,4
权威,4
中枢,4
最低,4
应收,4
收紧,4
江西,4
重重,4
角度,4
出新,4
一个月,4
3700,4
需谨慎,4
重要,4
如此,4
推手,4
创出,4
再创新高,4
过山车,4
23,4
看待,4
抢,4
市行,4
袭来,4
客户,4
参与,4
伦敦,4
关闭,4
松,4
地区,4
色调,4
重拾,4
五矿,4
拉升,4
微观,4
60,4
供应链,4
遇阻,4
犹,4
欲,4
豁免,4
非农,4
活跃,4
引入,4
入境,4
投资者,4
基准,4
加,4
季报,4
最好,4
宣布,4
研判,4
难言,4
扫描,4
缓慢,4
三个,4
正在,4
获利,4
宜,4
工作,4
针对,4
别,4
各,4
尚未,4
电商,4
拿,4
有待,4
加强,4
结构性,4
周期性,4
改变,4
近三年,4
春风,4
出台,4
需要,4
1805,4
方正,4
年初,4
转向,4
锂,4
巨大,4
接力,4
保护,4
五年,4
疯,4
环渤海,4
渤海,4
魏,4
揭秘,4
真,4
终于,4
浪,4
爆,4
浮出,3
出水,3
水面,3
上游,3
欧洲,3
一蹶不振,3
不振,3
行风,3
双下,3
呢,3
土,3
困境,3
修,3
怒,3
漫漫,3
惨,3
绿,3
小,3
1901,3
稳中有,3
机,3
70,3
部,3
汹汹,3
现价,3
用,3
年前,3
六连,3
阴,3
不住,3
满,3
怎样,3
新增,3
试探,3
试探性,3
主,3
千元,3
主动,3
风向,3
下探,3
疲态,3
执行,3
第三,3
第三季,3
第三季度,3
澳,3
暂时,3
压回,3
面向,3
良机,3
间或,3
焦化,3
铜精矿,3
关于,3
建华,3
高涨,3
要来,3
调出,3
供不应求,3
不应,3
推进,3
轨道,3
早知,3
托底,3
大型,3
A,3
降速,3
标准,3
平台,3
四个,3
突然,3
布,3
寒冬,3
备货,3
区域,3
择机,3
波段,3
16,3
证,3
或以,3
亦,3
耐心,3
14,3
眼中,3
徘徊,3
或为,3
期间,3
急,3
均,3
如期,3
山西,3
成熟,3
初,3
金白银,3
4100,3
不明,3
反攻,3
创下,3
红火,3
懂,3
应有,3
丹,3
年产,3
年产量,3
减仓,3
盘中,3
中信,3
两日,3
派,3
徐,3
CFTC,3
发市,3
市价,3
美制,3
应声,3
材料,3
01,3
李,3
刚,3
硅硅,3
钢铁工,3
铁工,3
之上,3
起色,3
年金,3
顾及,3
成长,3
增幅,3
迹象,3
涨跌互现,3
仍未,3
讯,3
借机,3
高歌,3
九月,3
复盘,3
加征,3
轮,3
合理,3
讲,3
警报,3
通,3
铝锭,3
天保,3
萎缩,3
汇率,3
月底,3
土耳其,3
地位,3
回,3
之中,3
压缩,3
价低,3
目前,3
真正,3
退出,3
全部,3
出清,3
推荐,3
开采,3
仓位,3
记录,3
制造,3
制造业,3
规模,3
应对,3
安阳,3
观风,3
严,3
测,3
收益,3
跌入,3
限,3
政府,3
短空,3
理由,3
高处,3
抢先,3
500,3
达成,3
框架,3
狂飙,3
背离,3
加工,3
原,3
扩产,3
概念,3
人民,3
人民币,3
溢价,3
求同,3
未能,3
阻止,3
事,3
遇,3
熊,3
心,3
中上,3
Escondida,3
矿工,3
停工,3
七月,3
属实,3
晓,3
开放,3
唱,3
一飞冲天,3
飘红,3
八周,3
解决,3
淡水,3
淡水河,3
水河,3
河谷,3
没,3
污染,3
盈,3
薪资,3
押注,3
均线,3
蓝天,3
保卫,3
保卫战,3
再起,3
纽约,3
迎接,3
显著,3
低于,3
时刻,3
反击,3
卖,3
超跌,3
比降,3
会来,3
内中,3
武安,3
金属板,3
明星,3
铝板,3
铝箔,3
新台阶,3
台阶,3
求稳,3
角度看,3
弹动,3
衰竭,3
跟,3
后续,3
2015,3
竟然,3
对外,3
重创,3
目标价,3
标价,3
狂欢,3
一大,3
巨,3
震,3
250,3
经历,3
发展趋势,3
战火,3
燃,3
心上,3
集团,3
收购,3
落,3
崛起,3
优势,3
督查,3
莫,3
事故,3
镍铁,3
换,3
华东,3
供需矛盾,3
研讨,3
研讨会,3
25,3
掩,3
决定,3
构建,3
打,3
激烈,3
打造,3
大于,3
并未,3
属性,3
中下旬,3
下旬,3
或是,3
我们,3
痛点,3
失衡,3
原生,3
强弱,3
喜迎,3
引领,3
铜板,3
平均,3
大商,3
大商所,3
转移,3
致,3
露天,3
接连,3
引,3
携手,3
国铁,3
受制,3
厚积,3
厚积薄发,3
独,3
逆转,3
政治,3
令,3
跨期,3
打响,3
陷阱,3
小心,3
不过,3
融资,3
分歧,3
可以,3
二月,3
监管,3
尚存,3
凶猛,3
表态,3
美商,3
传统,3
创纪录,3
千三,3
很,3
2007,3
多格,3
现状及,3
隐现,3
没有,3
高于,3
寒潮,3
时候,3
笑,3
开展,3
期货价,3
期货价格,3
提示,3
歇,3
实际,3
V,3
并,3
18,3
精简,3
精简版,3
咖,3
异动,3
看到,3
出手,3
么,3
国外,3
首个,3
春,3
月初,3
差异,3
手,3
跌价,3
终究,3
会上,3
年底,3
史,3
税改,3
转型,3
一些,3
兴业,3
归来,3
郑商所,3
保值,3
十大,3
持平,3
联动,3
何以,3
形态,3
双重,3
电动,3
竞争,3
竞争力,3
一半,3
涌入,3
国企,3
高利,3
立项,3
景,3
大量,3
媒,3
调压,3
过于,3
四日,3
老,3
营,3
方案,3
吨级,3
交易中心,3
铟,3
减排,3
王者,3
动,3
值,3
马力,3
手续,3
手续费,3
续费,3
货盘,3
衍生,3
衍生品,3
取暖,3
交易量,3
联袂,3
铁,3
带钢,3
桥,3
何不,3
八月,3
画风,2
突变,2
二把,2
二把手,2
把手,2
鸽,2
鹰,2
同为,2
黑手,2
伸向,2
19500,2
周二,2
二夜,2
中国工商银行,2
工商,2
工商银行,2
商银,2
纸黄金,2
金纸,2
三亚,2
三亚市,2
17,2
尘,2
尘土,2
若,2
一支,2
多年,2
远大,2
物产,2
舒,2
2019FICC,2
德拉,2
拉基,2
助攻,2
一只,2
脚,2
踏入,2
深渊,2
一夜,2
化铁,2
略显,2
汪洋,2
曳,2
孤,2
舟,2
敢,2
几时,2
数月,2
困兽,2
困兽犹斗,2
落实,2
扼杀,2
凛,2
冬,2
五夜,2
松绑,2
不定,2
疑无路,2
无路,2
相助,2
翻红,2
TC,2
测试,2
两万,2
侃,2
云,2
紧急,2
急刹车,2
伺机,2
伺机而动,2
今明,2
今明两年,2
预估,2
伟,2
BDI,2
不容乐观,2
粉,2
掣肘,2
抛空,2
产前,2
河,2
来势,2
来势汹汹,2
踩踏,2
戛然,2
戛然而止,2
然而,2
毛利,2
华泰,2
团队,2
扎堆,2
较为,2
短,2
印尼,2
掌握,2
登场,2
时代,2
石存,2
凉,2
入主,2
标,2
中性,2
焦点,2
会员,2
229963,2
550,2
增多,2
功能,2
量化,2
测算,2
扩,2
领先,2
可持续性,2
持续性,2
系,2
承受,2
比价,2
玄机,2
稳步,2
WTO,2
成员,2
躺,2
似,2
为了,2
更好,2
打出,2
理解,2
积聚,2
未尽,2
摆脱,2
风吹,2
今后,2
何处,2
组合,2
两个,2
速度,2
热点,2
51000,2
把握,2
铁路,2
运输,2
验证,2
乏力,2
情绪高涨,2
缓,2
横盘,2
CPI,2
无,2
香饽饽,2
饽饽,2
蓄电,2
蓄电池,2
须,2
外套,2
意外,2
准,2
国庆,2
假期,2
回吐,2
强于,2
有理,2
or,2
规律,2
起飞,2
濒临,2
轻,2
吸,2
利率,2
抬头,2
定,2
看跌,2
之下,2
强震,2
1809,2
总结报告,2
轮番,2
秋冬,2
文件,2
比例,2
路在何方,2
日产,2
项目,2
空调,2
空集,2
促进,2
同期,2
笼罩,2
早报,2
争端,2
线,2
越,2
方,2
供应商,2
商贸,2
永,2
出口量,2
470,2
报价,2
月度,2
高估,2
同增,2
暂延,2
尽显,2
Codelco,2
多少,2
130,2
钢领,2
社,2
传导,2
蔓延,2
内生,2
变量,2
直,2
1810,2
新动向,2
进出,2
进出口,2
续加,2
翘尾,2
108,2
万元,2
充裕,2
林,2
柳暗花明,2
暗花,2
明,2
门,2
SMM,2
出逃,2
互,2
征,2
微,2
流入,2
部将,2
夯实,2
原材,2
原材料,2
购买,2
150,2
大戏,2
顶部,2
繁华,2
伊朗,2
状况,2
大方,2
大方向,2
警告,2
转折,2
干预,2
通货,2
软,2
重返,2
一张,2
着,2
乌云,2
线下,2
补短,2
短板,2
开征,2
观看,2
告诉,2
高处不胜,2
不胜,2
钢结构,2
装配,2
装配式,2
3950,2
拆除,2
设备,2
处理,2
要求,2
怪圈,2
韦,2
塔,2
暂停,2
多期,2
浓厚,2
石基,2
加工费,2
进场,2
触,2
任性,2
领跑,2
超出,2
废,2
般,2
催化,2
走到,2
尽头,2
翻身,2
09,2
案例,2
风光,2
险,2
完全,2
先锋,2
交通,2
机制,2
背景,2
美好,2
美好时光,2
好时光,2
停止,2
撼,2
钢铁工业,2
盖,2
时点,2
逆势上涨,2
400,2
流动,2
流动性,2
受助,2
助于,2
欧,2
守,2
七,2
段,2
戊,2
多元,2
多元化,2
会长,2
勇,2
动作,2
行动计划,2
严防,2
能成,2
重演,2
以及,2
时方,2
休,2
避免,2
资产,2
千克,2
顶级,2
绝地,2
合同,2
有效,2
运用,2
铜基,2
及其,2
半数,2
6000,2
花旗,2
市上,2
用电,2
意愿,2
不强,2
频繁,2
国商,2
场主,2
导致,2
第二轮,2
二轮,2
征税,2
中小,2
徐州,2
国有,2
受惊,2
复工,2
38,2
步履,2
步履维艰,2
维艰,2
危,2
排除,2
中厚板,2
厚板,2
加快,2
中铁,2
集,2
采,2
通过,2
风向标,2
铜镍,2
非,2
渐增,2
排放,2
以下,2
虑,2
敌,2
展开,2
度过,2
铂金,2
大跳水,2
传奇,2
这种,2
这里,2
摩根,2
劣势,2
纷纷,2
杀伤,2
杀伤力,2
伤力,2
有点,2
冷静,2
品质,2
得到,2
响起,2
将来,2
不再,2
亚,2
出发,2
评估,2
起诉,2
获得,2
检修,2
惨遭,2
纲,2
白热,2
白热化,2
热化,2
2000,2
驱动力,2
刚果,2
最优,2
优质,2
3200,2
慌,2
大风,2
强力,2
续写,2
下去,2
吸引,2
筹,2
扩建,2
望,2
省,2
登高,2
升贴,2
51,2
家境,2
外客,2
深水,2
道,2
剩,2
满月,2
起步,2
来回,2
跌进,2
取得,2
一致,2
入,2
重启,2
产品价格,2
供求,2
举办,2
从中,2
中德,2
合作,2
钢铁贸易,2
峰会,2
回收,2
九成,2
代表,2
城市,2
个旧,2
循环,2
利用,2
偏低,2
石定,2
3610,2
力加,2
昙花,2
昙花一现,2
显露,2
总是,2
麻烦,2
他,2
伊,2
核,2
悬念,2
需求面,2
强烈,2
服务,2
市场供应,2
神,2
五月,2
人眼,2
并存,2
倒计,2
倒计时,2
计时,2
六成,2
协商,2
京津,2
京津冀,2
八,2
非法,2
南非,2
一波三折,2
三折,2
天上,2
高水平,2
水平,2
欧盟,2
商业,2
55,2
今天,2
所有,2
接受,2
狂潮,2
最高值,2
惜售,2
霸主,2
互搏,2
空气,2
各方,2
备战,2
追随,2
暂缓,2
小时,2
囤货,2
高温,2
退,2
维护,2
43,2
黑天,2
黑天鹅,2
天鹅,2
翻,2
才能,2
长期趋势,2
消息面,2
收复,2
中东,2
频,2
对华,2
自,2
暴力,2
对外开放,2
提速,2
港股,2
打击,2
局势,2
缓和,2
不止,2
热度,2
急速,2
逼空,2
魅力,2
大规,2
大规模,2
地缘,2
场面,2
宝钢,2
之一,2
升高,2
体系,2
初现,2
有空,2
炼成,2
坚持,2
苦,2
十万,2
506,2
空格,2
扭转,2
加产,2
外强,2
白菜,2
更多,2
技术性,2
专栏,2
飞涨,2
3600,2
塌陷,2
不均,2
定调,2
刷,2
春寒,2
追捧,2
一日,2
屡,2
高背,2
视角,2
溃败,2
重现,2
夸大,2
洼地,2
金三银,2
发货,2
岗位,2
最佳,2
如约,2
业大,2
大事,2
三月,2
应,2
一切,2
美国众议院,2
众议,2
众议院,2
议院,2
议长,2
敦促,2
放弃,2
高官,2
特定,2
定产,2
想,2
入冬,2
动态,2
大数,2
物流,2
周四,2
文,2
皓,2
强压,2
有起色,2
缩量,2
两端,2
新动力,2
制品,2
管理,2
节期,2
单边,2
导演,2
24,2
现货价,2
后上,2
听,2
有价无市,2
分钟,2
凤,2
开户,2
券商,2
转变,2
压境,2
一份,2
清醒,2
惨淡,2
收尾,2
供大于求,2
大于求,2
致使,2
办法,2
个别,2
效果显著,2
第一枪,2
一枪,2
录得,2
欧美,2
重生,2
铜陵,2
多发,2
面无,2
大波,2
铝土,2
铝土矿,2
分布,2
死灰,2
死灰复燃,2
灰复,2
复燃,2
存续,2
千万,2
千万吨,2
对此,2
浴,2
雨雪,2
检查,2
得,2
20000,2
算,2
大头,2
却说,2
看有,2
标的,2
渐次,2
调,2
否极泰来,2
泰来,2
1340,2
销售,2
出货量,2
完美,2
收官,2
大举,2
投机者,2
一要,2
正常,2
雾,2
大地,2
步伐,2
补锌,2
600,2
判,2
投放,2
供给制,2
求成,2
四川,2
大起大落,2
频出,2
发生变化,2
现买,2
只有,2
外贸,2
近十年,2
七年,2
RB1805,2
主要,2
博,2
交易日,2
递减,2
进程,2
比较,2
打破,2
大户,2
罗生门,2
接,2
五,2
副,2
争夺战,2
最后,2
表演,2
神秘,2
直接,2
年末,2
无亮点,2
波幅,2
复机,2
突袭,2
趋于,2
战前,2
积极,2
追踪,2
常务,2
常务副,2
工潮,2
火爆,2
05,2
成效,2
只是,2
空袭,2
牢固,2
超额,2
超额完成,2
闹,2
不利,2
启示,2
十二,2
十二月,2
侠,2
不到,2
储备,2
主沉浮,2
沉浮,2
板,2
袭击,2
适当,2
超一,2
业扩,2
后劲,2
资本,2
数周,2
口上,2
猪,2
人,2
4043,2
部长,2
会议,2
衰,2
不存,2
泡沫,2
发起,2
它,2
国合,2
停电,2
对比,2
降温,2
平,2
总体,2
不如,2
上空,2
号角,2
买入价,2
场论,2
几点,2
看法,2
温和,2
捡,2
魔咒,2
批,2
坚定,2
期压,2
躲过,2
十五,2
销量,2
英,2
供过于求,2
假摔,2
实物,2
倒逼,2
暗藏,2
赚到,2
钱,2
赚钱,2
电动车,2
动车,2
牵头,2
亿吨级,2
翻倍,2
十一月,2
一月,2
上有,2
顶下,2
下有,2
有底,2
翻出,2
如来,2
掌,2
往,2
牛行,2
通缩,2
OR,2
爆破,2
前三季,2
烧结,2
高峰,2
单季,2
在所难免,2
难免,2
一定,2
供暖,2
大局,2
已定,2
期货交易,2
关合,2
限额,2
1300,2
黑马,2
易手,2
崩,2
大好,2
十六,2
十六年,2
视点,2
无奈,2
啥,2
业生,2
生产指数,2
带,2
透支,2
工地,2
假,2
普降,2
彼,2
吴,2
央,2
真实,2
破灭,2
朝,2
融,2
点评,2
179,2
错过,2
钼,2
宿命,2
遏制,2
才刚,2
刚刚,2
刚刚开始,2
16000,2
密集,2
热情,2
漫谈,2
东,2
往事,2
证伪,2
规,2
一次,2
现在,2
新疆,2
窗口期,2
费好,2
连回,2
点燃,2
踩,2
并非,2
朝鲜,2
蝴蝶,2
蝴蝶效应,2
爆炸,2
引爆,2
提醒,2
杠杆,2
围绕,2
锌锭,2
八个,2
喊话,2
价格比,2
浅谈,2
央视,2
开盘,2
跃,2
行库,2
全世界,2
经理,2
愈,2
危言,2
危言耸听,2
耸听,2
实业,2
这家,2
不能,2
净,2
最强,2
路矿,1
怀疑,1
人生,1
K,1
冬藏,1
清,1
车站,1
3550,1
参,1
委员,1
委员会,1
紧缩,1
鸣金,1
鸣金收兵,1
收兵,1
玉米,1
好戏,1
开场,1
断崖,1
式,1
PB,1
布满,1
荆棘,1
100160,1
走跌,1
前期,1
水电,1
救,1
不了,1
一去不复,1
一去不复返,1
不复,1
复返,1
人间,1
留不住,1
套路,1
瀚,1
萱,1
Q3,1
恐难,1
跌落,1
落落,1
不停,1
三日,1
160,1
夭折,1
折下,1
化为,1
新机,1
新机遇,1
机遇,1
申银,1
申银万国,1
万国,1
市易,1
首席,1
卷上,1
锌合金,1
氧化锌,1
求进,1
多长,1
长空,1
中断,1
未获,1
今冬,1
高达,1
市北,1
材,1
南下,1
PK,1
诠释,1
华丽,1
特拉,1
特拉斯,1
拉斯,1
斯时,1
离奇,1
两百,1
单月,1
预警,1
何独,1
独自,1
自强,1
13800,1
标致,1
钒,1
会报,1
保持稳定,1
一枝,1
一枝独秀,1
独秀,1
财,1
报数,1
530,1
隐居,1
居次,1
次位,1
方式,1
难觅,1
建立,1
模型,1
开明,1
持仓量,1
量限,1
品牌,1
准入,1
贴近,1
领先于,1
先于,1
焦化厂,1
奔向,1
途,1
明显增加,1
万点,1
守住,1
冲压,1
透视,1
天真,1
垒,1
双方,1
僵持,1
撤退,1
损害,1
南华,1
休整,1
这么久,1
沉默,1
枪,1
宏源,1
4700,1
降压,1
余,1
温,1
拳头,1
收回,1
回来,1
出去,1
持证,1
长明,1
自身,1
脱下,1
任,1
尔,1
风吹雨打,1
闲庭,1
闲庭信步,1
信步,1
新品,1
新品种,1
单交,1
交易平台,1
台上,1
上线,1
定律,1
色弱,1
节点,1
锚定,1
求新,1
新区,1
放松,1
3960,1
头发,1
发威,1
四千,1
二,1
100000,1
110000,1
52000,1
移交,1
昆,1
铁路运输,1
皆,1
镀锌板,1
锌板,1
不含,1
电力,1
兴,1
陷于,1
速,1
个人,1
战斗,1
千,1
掀起,1
近忧,1
远虑,1
LMEWeek,1
本线,1
撞,1
各类,1
海德,1
德鲁,1
铝厂,1
行期,1
落日,1
盘回,1
大半,1
MLF,1
静观,1
国标,1
42,1
现有,1
求变,1
变差,1
明明,1
行当,1
当下,1
20180927,1
正向,1
未成,1
未成熟,1
曹,1
诚,1
峥嵘,1
麦格理,1
16875,1
沿,1
命,1
悬,1
布利,1
决议,1
受压,1
中粮,1
抢得,1
萎靡,1
两头,1
受气,1
九难,1
差下,1
语,1
江山,1
板材,1
双节,1
4680,1
游节,1
备,1
人心,1
心思,1
更适宜,1
适宜,1
4632,1
轮番上阵,1
上阵,1
谜,1
反而,1
平静,1
开发,1
可再生,1
再生能源,1
理会,1
冲突,1
相关性,1
卷土重来,1
重来,1
4166,1
靳,1
义,1
争食,1
内贸,1
世纪,1
1500,1
58,1
反映,1
新建,1
频传,1
林中,1
一马当先,1
马当,1
当先,1
先站,1
4040,1
具有,1
去年同期,1
296,1
杀跌,1
昨晚,1
夜袭,1
机先,1
先兆,1
长宁,1
求好,1
游,1
盲目,1
国贸,1
202,1
铝矿,1
束手,1
束手无策,1
无策,1
传,1
00486,1
高出,1
退税,1
第二周,1
二周,1
宽,1
稳固,1
520,1
革故鼎新,1
鼎新,1
专业,1
矩,1
天津,1
仁,1
智,1
有限公司,1
董事,1
董事长,1
96,1
六日,1
303,1
480,1
计会,1
消息人士,1
提出,1
被忽视,1
钢铁工人,1
受益者,1
帮助,1
助工,1
工资,1
涨回,1
上钢,1
以史为鉴,1
08,1
金融危机,1
渐退,1
三行,1
成长性,1
长性,1
利国,1
875,1
最糟,1
糟糕,1
驯服,1
534,1
转增,1
加热,1
贸易谈判,1
未结,1
未有,1
有所突破,1
飞升,1
云南,1
云南铜业,1
10394,1
积弱,1
返,1
顺畅,1
猛涨,1
外生,1
抗衡,1
106,1
一回,1
调戏,1
败给,1
怎么弄,1
话,1
830,1
改期,1
最新动向,1
赵,1
钰,1
独木,1
尚可,1
支,1
跌到,1
调过,1
海外,1
梳理,1
会展,1
突围,1
制铁,1
混沌,1
迷,1
加对,1
688,1
高开低走,1
开低,1
走资,1
偏差,1
坑,1
降成,1
态度,1
带动性,1
性能,1
三周,1
涨到,1
到顶,1
分进,1
周初,1
一针,1
强心,1
强心剂,1
材料价格,1
15000,1
变上,1
牢,1
转机,1
普京,1
决心,1
如,1
黄金价格,1
差距,1
山环,1
洗盘,1
夺回,1
回避,1
青海,1
本真,1
磨,1
各行,1
委内瑞拉,1
瑞拉,1
解释,1
正价,1
大转折,1
僵尸,1
居安思危,1
牛气,1
气冲,1
行政,1
硬通货,1
特别,1
精准,1
出击,1
创记录,1
拉动,1
沉稳,1
秋季,1
报业,1
沸腾,1
简单,1
不一,1
风云变幻,1
变幻,1
成众,1
众矢之的,1
收益率,1
出路,1
狂风,1
卷积,1
多管齐下,1
下为,1
受累,1
空前,1
禁令,1
印度政府,1
进口税,1
货币,1
高压,1
产下,1
OPEC,1
调停,1
极度,1
继,1
正阳,1
野蛮,1
首批,1
淘汰,1
134,1
渣,1
何时能,1
能够,1
跳出,1
何时休,1
相比,1
赞比亚,1
比亚,1
西澳,1
市场观,1
限电,1
吉达,1
实有,1
116,1
领衔,1
可观,1
8000,1
长忧,1
安全,1
两极,1
两极分化,1
炭,1
横空,1
横空出世,1
空出,1
出世,1
储能,1
劳资,1
发动,1
阴云密布,1
密布,1
亚铁,1
做主,1
百亿,1
尚不,1
不成,1
贬值,1
经典,1
住友,1
无限,1
无限风光,1
周报,1
所加,1
违法,1
违规,1
建设,1
能行,1
没完,1
杜绝,1
挤水分,1
水分,1
急先锋,1
贵州,1
占,1
之利,1
享,1
优,1
加重,1
那些,1
动不动,1
不动,1
底气,1
底气不足,1
工会,1
至少,1
齐发,1
依据,1
成交量,1
翻一番,1
一番,1
直逼,1
主导地位,1
借势,1
福利,1
艳阳,1
艳阳天,1
亏损,1
大面,1
大面积,1
面积,1
近一年来,1
抵御,1
复性,1
改革开放,1
经验,1
经验教训,1
教训,1
入时,1
瑞,1
常州,1
常州市,1
州市,1
清单,1
单影,1
表示,1
万金,1
伦比,1
阻,1
铜材,1
中长线,1
推动力,1
买点,1
39003920,1
山顶,1
希望,1
修正,1
五关,1
MountPolley,1
中央,1
督察,1
回头,1
亟待,1
亟待解决,1
726,1
最多,1
化发展,1
不涨,1
不涨反跌,1
跌交,1
交易员,1
直呼,1
看不懂,1
新解,1
曙光,1
市场需求,1
更胜一筹,1
长于,1
干货,1
4235,1
够,1
部发,1
防治,1
首要,1
中行,1
本轮,1
害,1
支持者,1
惠而浦,1
1987,1
节节,1
节节败退,1
败退,1
铜管,1
BHP,1
获益,1
哀鸿,1
哀鸿遍野,1
遍野,1
逃离,1
同到,1
到期,1
十日,1
49000,1
蓝天白云,1
白云,1
4223,1
失去,1
涨大,1
大门,1
面前,1
钢铁公司,1
下限,1
六千,1
46,1
资金面,1
跌穿,1
盘点,1
挖掘,1
两次,1
动荡,1
链条,1
两部,1
部门,1
放开,1
用户,1
年时,1
优雅,1
作用,1
探出,1
率,1
突发事件,1
水,1
规避,1
避风,1
美国商务部,1
铀矿,1
铀,1
232,1
暗,1
109,1
如果,1
第一个,1
度数,1
惊弓,1
惊弓之鸟,1
亏,1
转正,1
加减,1
加减乘除,1
乘除,1
整治,1
713,1
快讯,1
4183,1
升速,1
线材,1
狂跌,1
操作机,1
会集,1
集锦,1
三分,1
三分之二,1
之二,1
发现,1
广阔,1
明确,1
大屠杀,1
屠杀,1
幸存,1
幸存者,1
伊始,1
第二回,1
二回,1
回合,1
哆哆嗦嗦,1
哆嗦,1
嗦,1
痛失,1
蓄,1
推迟,1
特点,1
体重,1
重合,1
中藏,1
择,1
时,1
战情,1
781,1
唯,1
高大,1
明暗,1
三线,1
速成,1
前置,1
小高炉,1
72,1
钢筋,1
招标,1
不知,1
交淡,1
蕾,1
最全,1
附后,1
定数,1
率先,1
超低,1
限值,1
十字,1
十字星,1
浅近,1
深远,1
撑持,1
属相,1
低谷,1
十四,1
十四年,1
vs,1
偏向,1
一方,1
QE,1
传奇人物,1
奇人,1
人物,1
雷曼,1
两张,1
金牛,1
最重,1
黄,1
晨,1
涌向,1
月前,1
摩根士丹利,1
61,1
觅得,1
无息,1
新兴,1
新兴国家,1
兴国,1
套现,1
汇市,1
死,1
叉,1
梅雨,1
梅雨季,1
雨季,1
席卷,1
席卷全国,1
4130,1
入夏,1
冷,1
溅,1
中冷,1
高品质,1
传闻,1
澄清,1
凉凉,1
招,1
配上,1
危机重重,1
朱,1
此次,1
太大,1
大影,1
堪忧,1
韬光,1
韬光养晦,1
养晦,1
端出,1
注上,1
120000,1
已征,1
775,1
菲,1
批准,1
六位,1
内热,1
城,1
浩劫,1
发文,1
文理,1
再加,1
税政,1
各界,1
450,1
专题报告,1
沥青,1
中信集团,1
艾,1
芬,1
豪,1
股权,1
进军,1
尝试,1
九万,1
九万里,1
万里,1
主因,1
蛰伏,1
雏形,1
头目,1
尽,1
写下,1
写下去,1
五个,1
类,1
空增,1
涨升,1
特罗,1
克,1
劳工,1
导火,1
导火索,1
53000,1
六月,1
六月份,1
辽宁,1
本溪,1
组,1
进驻,1
3750,1
接棒,1
步步,1
步步登高,1
试金石,1
金石,1
秘鲁,1
渠道,1
4145,1
术,1
陆续,1
喧嚣,1
暂无,1
市内,1
等品,1
包钢,1
仙,1
行列,1
光过,1
争议,1
在于,1
行速,1
有利,1
金矿,1
瓶颈,1
滇,1
推出,1
计价,1
价金,1
关键点,1
供求平衡,1
钢铁网,1
铁网,1
应持,1
消退,1
看中,1
易发,1
第一站,1
一站,1
订单,1
特辑,1
风头,1
透露,1
露出,1
扩大内需,1
大内,1
内需,1
抬,1
合组,1
组织,1
开金,1
戈,1
战利,1
甚佳,1
回收率,1
收率,1
来风,1
美达,1
达成协议,1
免除,1
第一批,1
一批,1
枯竭,1
延伸,1
更加,1
更替,1
回报,1
冲昏,1
脑,1
危险,1
系数,1
上旬,1
中板,1
南,1
北,1
鉴,1
争,1
激发,1
一座,1
九连,1
空转,1
转折点,1
层面,1
找麻烦,1
找,1
待价而沽,1
上策,1
失守,1
互联,1
互联网,1
联网,1
网机,1
不得,1
任何,1
形式,1
账户,1
隐性,1
小觑,1
铝带,1
红五月,1
市场价,1
乱花,1
乱花渐欲迷人眼,1
迷人,1
迷人眼,1
感知,1
告一段落,1
一段,1
一段落,1
段落,1
重归,1
撑不住,1
锂电,1
锂电池,1
从业,1
从业者,1
业者,1
必读,1
积蓄,1
存废,1
命运,1
改写,1
纵览,1
关心,1
包括,1
608,1
化开,1
开闸,1
抢到,1
提起,1
诉讼,1
240,1
招架,1
煎熬,1
迷雾,1
缭绕,1
339,1
153,1
涨潮,1
决策,1
运营,1
路透,1
调至,1
纳,1
瓦罗,1
配额,1
效益,1
计好,1
375,1
出局,1
采掘,1
优化,1
1807,1
培训,1
多次,1
游戏,1
91,1
猛增,1
惠及,1
参与者,1
促,1
认可,1
全力,1
解约,1
约期,1
期限,1
可下,1
下属,1
法律,1
纷争,1
存疑,1
半小时,1
三载,1
发挥,1
透明,1
透明度,1
明度,1
读秒,1
读秒阶段,1
华尔街,1
秃鹫,1
魅影,1
惊见,1
巨量,1
存放,1
消耗,1
1330,1
竭力,1
Cochilco,1
跃升,1
594,1
前后,1
等级,1
豪赌,1
交易商,1
趁,1
低价,1
囤,1
或许,1
大威,1
顺应,1
妖风,1
到头,1
储,1
俄国,1
霸权,1
虐,1
裂痕,1
挑起,1
大任,1
生效,1
即欧,1
让步,1
争锋,1
2009,1
2011,1
烫手,1
烫手山芋,1
山芋,1
禁止,1
钛,1
报复,1
第二枪,1
二枪,1
鸣响,1
万事,1
万事俱备,1
俱备,1
月入,1
以后,1
挂牌,1
做好,1
叙利亚,1
作成,1
新加坡,1
遭受,1
故,1
相,1
暂存,1
色价,1
外企,1
永久,1
冰火,1
两重,1
两重天,1
天数,1
无边,1
促成,1
两天,1
宝钢股份,1
股东,1
翻番,1
四周,1
成对,1
冲击波,1
寡头,1
短时,1
价格体系,1
一下,1
哪种,1
暗示,1
Kambalda,1
矿厂,1
转为,1
为生,1
最差,1
辅助,1
难解,1
保驾,1
保驾护航,1
护航,1
成本高,1
中坚,1
甜,1
五盘,1
信心十足,1
十足,1
夜空,1
空中,1
最亮,1
闪耀,1
放大,1
充分,1
下落,1
不温不火,1
温不火,1
价外,1
坎坷,1
十三,1
三五,1
实现目标,1
梁,1
太,1
庚,1
破成,1
成本价,1
本价,1
定局,1
颠簸,1
滑铁卢,1
成也萧何,1
萧何败,1
萧,1
惊人,1
停有,1
对峙,1
化铜,1
议,1
逐步回归,1
启新,1
难寻,1
弹性,1
一般,1
回跌,1
濒临破产,1
破产,1
有救,1
总产,1
天花,1
天花板,1
情结,1
交,1
风波,1
Cadia,1
不可抗力,1
抗力,1
邯郸,1
构筑,1
冷暖,1
闭门,1
3735,1
农场,1
农场主,1
利益,1
获得者,1
未明,1
胜出,1
赶上,1
半瓶,1
茅台,1
太神,1
神奇,1
大批,1
王云飞,1
倒春寒,1
金川,1
价内,1
内忧,1
内忧外患,1
外患,1
窘境,1
大幅度,1
大幅度降低,1
降低,1
全景,1
四种,1
可怜,1
里人,1
仍要,1
隐情,1
裁员,1
往日,1
要到,1
340,1
爷,1
2008,1
翻两番,1
两番,1
476,1
税风,1
安度,1
拦不住,1
跃至,1
水区,1
买单,1
显示,1
将令,1
损失,1
十几,1
十几万,1
几万,1
工作岗位,1
丁,1
士,1
启,1
无序,1
落难,1
二月份,1
大事记,1
三月份,1
上金,1
焦瑾璞,1
纳入,1
审慎,1
如常,1
长存,1
按,1
抢跑,1
李克强,1
显性,1
球市,1
整个,1
收进,1
国相,1
清楚,1
曲折,1
必杀,1
必杀技,1
融合,1
系列,1
提价,1
中天,1
总,1
事儿,1
制黄,1
EIA,1
原油,1
44,1
稍,1
会计,1
会计处,1
或缺,1
详细,1
终裁,1
强烈不满,1
不满,1
采取,1
采取措施,1
回应,1
裁决,1
483,1
不觉,1
4300,1
受宠,1
四月,1
唱主角,1
主角,1
万亿,1
各省,1
各省市,1
省市,1
布金,1
废止,1
讲话,1
不小,1
咋,1
太钢,1
这场,1
戏,1
农机,1
腾飞,1
媒体,1
倾向,1
口实,1
严厉,1
锐,1
增至,1
15588,1
5557,1
再续,1
牵制,1
焦灼,1
百分,1
百分比,1
降幅,1
上日,1
2500,1
威胁论,1
总统,1
锁,1
后年,1
年后,1
近年,1
数千,1
数千倍,1
千倍,1
363,1
第一周,1
大通,1
通货膨胀,1
膨胀,1
抗,1
市值,1
野百合,1
百合,1
际,1
五分,1
五分钟,1
海,1
量身,1
未出,1
印度尼西亚,1
尼西,1
西亚,1
展现,1
专刊,1
偃旗息鼓,1
系统,1
系统性,1
脱水,1
保留,1
交清,1
晴天,1
门槛,1
设为,1
寥寥,1
不稳,1
灵魂,1
老办法,1
绝对,1
稳居,1
公司业绩,1
司业,1
就业,1
五下,1
顶回,1
静悄悄,1
悄悄,1
离,1
仅剩,1
两周,1
渐入,1
渐入佳境,1
佳境,1
主旋律,1
旋律,1
无忧,1
半,1
休假,1
二次,1
布格,1
无力,1
处变不惊,1
暗流,1
涌动,1
未闻,1
墙,1
花香,1
醉,1
不减,1
八一,1
再有,1
小范,1
范围,1
铝制,1
铝制品,1
会考,1
金条,1
亚洲,1
除了,1
珍惜,1
具,1
槃,1
燃起,1
飞天,1
尚,1
迎战,1
联,1
体内,1
雪,1
奋战,1
引资,1
入场,1
场上,1
战术,1
后行,1
利,1
塑料,1
骑虎难下,1
政治觉悟,1
觉悟,1
出自,1
自演,1
浅析,1
专项,1
配方,1
惹,1
祸,1
强弩之末,1
行至,1
前进,1
跌下去,1
输,1
泼冷水,1
冷水,1
帮倒忙,1
倒忙,1
互换,1
战争,1
拿走,1
异常,1
一成,1
7800,1
空运,1
请,1
抛弃,1
惯性,1
一己,1
越来,1
越来越,1
百家,1
调查报告,1
查报,1
提交,1
白宫,1
保收,1
看点,1
疑惑,1
深化,1
乘风,1
方向性,1
向性,1
色料,1
两栖,1
欠,1
喂食,1
满意,1
足,1
时日,1
端倪,1
情真,1
换出,1
出新规,1
调整期,1
整期,1
逞强,1
避,1
锋芒,1
松懈,1
新宠,1
脱离,1
脱离实际,1
愈加,1
抽紧,1
剪刀,1
剪刀差,1
大库,1
加价,1
止跌企稳,1
美国政府,1
国政,1
关门,1
形,1
抗跌,1
销售价,1
售价,1
鼓励,1
电炉,1
间接,1
终极,1
归宿,1
德,1
银发,1
青睐,1
一类,1
调价,1
路上,1
入股,1
下压,1
别急,1
大力,1
3500,1
再见,1
不正,1
演过,1
从微,1
组成,1
成亮,1
哥,1
渐现,1
新平,1
起始,1
每次,1
均价,1
弃,1
发电,1
电池厂,1
倒闭,1
征途,1
纵论,1
RB1801,1
面对,1
韬,1
有人,1
激情,1
惶恐,1
岁末,1
岁末年初,1
末年,1
各部,1
各部委,1
部委,1
提点,1
冷空气,1
去除,1
余万,1
余万吨,1
看成,1
闭眼,1
追涨,1
反常,1
点将,1
应发,1
必将,1
涨风,1
一触,1
一触即发,1
滞后,1
动因,1
BMI,1
法国,1
扩展,1
动上,1
估,1
南北,1
北钢,1
拉大,1
铝加工,1
穿,1
围魏救赵,1
大雪,1
倾城,1
瑞雪,1
瑞雪兆,1
瑞雪兆丰年,1
雪兆丰年,1
丰年,1
4104,1
缺货,1
褪色,1
利润分配,1
分配,1
倾斜,1
新年,1
淡化,1
上年,1
锰矿,1
侵蚀,1
阻碍,1
之外,1
不经,1
风雨,1
能见,1
彩虹,1
花,1
小结,1
收敛,1
非常,1
常乐,1
风起云涌,1
起云,1
云涌,1
502,1
激荡,1
随后,1
数据表,1
压垮,1
掉头,1
历史性,1
风筝,1
狙击,1
万手,1
决战,1
开春,1
山重水复,1
重水,1
重水复,1
柳暗花明又一村,1
一村,1
矛,1
盾,1
1290,1
主席,1
开打,1
7200,1
往下,1
多情,1
起来,1
本区,1
明春,1
实质,1
实质性,1
脚步,1
罢,1
略有,1
万多,1
撼动,1
进,1
行进,1
1270,1
一家,1
坐庄,1
峰回,1
峰回路转,1
回路,1
回路转,1
市场行情,1
或于,1
扎实,1
捕捉,1
绿色,1
当然,1
情绪性,1
暂缺,1
能量,1
180,1
春寒料峭,1
料峭,1
撑反,1
拉起,1
随,1
潜入,1
潜入夜,1
入夜,1
放去,1
巩固,1
最长,1
随之,1
修改,1
计年,1
黎明,1
黎明前,1
黑暗,1
中国金属学会,1
金属学,1
学会,1
副理事长,1
理事,1
理事长,1
碳,1
大罢工,1
峰值,1
构成,1
成大,1
读完,1
领域,1
半个,1
过为,1
升级成,1
闹剧,1
惊魂,1
空袭警报,1
袭警,1
之间,1
小于,1
空间结构,1
价带,1
强有力,1
有力,1
付,1
鹏,1
澳元,1
换新,1
新政,1
上天,1
狗,1
哪样,1
不利因素,1
新华,1
新华社,1
英国,1
变迁,1
立,1
标上,1
上限,1
即有,1
想买,1
屡禁,1
屡禁不绝,1
不绝,1
对症,1
对症下药,1
下药,1
组合拳,1
分,1
拉扯,1
2030,1
炼,1
协,1
两名,1
做出,1
纪律,1
纪律处分,1
处分,1
成全,1
废料,1
储备库,1
就此,1
脱,1
虚,1
实,1
犯错,1
不敌,1
软铅,1
大难,1
汇集,1
敦,1
分享,1
而且,1
一整,1
整年,1
观点,1
证明,1
切不,1
盛极而衰,1
鱼尾,1
尾行,1
难题,1
三天,1
天大,1
保证,1
保证金,1
并提,1
156,1
105,1
午后,1
发疯,1
头风,1
头部,1
历程,1
一千,1
轧钢,1
轧钢厂,1
感叹,1
英雄,1
气短,1
章,1
源,1
单价,1
盆,1
钵,1
单独,1
小品,1
迈入,1
扩张,1
不对,1
不对称性,1
对称,1
对称性,1
下发,1
发紧,1
紧急通知,1
通知,1
每天,1
150200,1
担心,1
相同,1
不敢,1
惊天,1
好不好,1
不好,1
冬天,1
里,1
一把,1
缘何,1
凌,1
止步,1
赶,1
五百,1
五百元,1
百元,1
冷却,1
到位,1
反手,1
共识,1
部长级,1
级会,1
柏林,1
头,1
肩,1
北上,1
奠定,1
自主,1
侵,1
销,1
面有,1
陷,1
全员,1
委推,1
签订,1
履行,1
狂涨,1
严格,1
格致,1
铝片,1
自发,1
活动,1
降格,1
副会长,1
电动汽车,1
奶酪,1
愈演愈烈,1
几内亚,1
动态平衡,1
楼市,1
骤,1
倒挂,1
暖冬,1
防寒,1
233,1
四行,1
贡献,1
贡献率,1
新创,1
一刀,1
一刀切,1
刀切,1
入库,1
抹,1
顾,1
建国,1
需将,1
往上,1
吹响,1
逐鹿,1
国际贸易,1
DataTalks,1
诀窍,1
从长计议,1
计议,1
仅,1
雄,1
再燃,1
总会,1
原来,1
纺织,1
新老朋友,1
老朋友,1
朋友,1
开在,1
蓄谋,1
蓄谋已久,1
已久,1
双城,1
双城记,1
大套,1
胶着,1
难局,1
力持,1
犯了错,1
梦想,1
吞没,1
好日子,1
日子,1
许多,1
绘制,1
心电,1
心电图,1
电图,1
玻璃,1
2013,1
施加,1
681,1
获准,1
品类,1
南方,1
大胆,1
扯淡,1
峻,1
滔,1
长期投资,1
主调,1
轮转,1
滞,1
变动,1
西部,1
版图,1
1524,1
大梁,1
60000,1
阻力位,1
香港,1
首日,1
交活,1
1022,1
各版,1
版块,1
资讯,1
汇总,1
路遥,1
遥遥,1
归于,1
平淡,1
捧,1
1113,1
集聚,1
煽,1
深圳,1
财务,1
水落,1
名义,1
急剧,1
月华,1
华北,1
六,1
投放量,1
100140,1
借助,1
熨平,1
平价,1
68,1
上去,1
双十,1
促销,1
求降,1
八年,1
主营,1
收入,1
居,1
首位,1
预谋,1
吹起,1
凌乱,1
蒙,1
圈,1
降世,1
判断,1
靠,1
不靠,1
谱,1
推演,1
基本常识,1
常识,1
11w,1
14w,1
十五年,1
简史,1
玩过来,1
过来,1
可行,1
逗你玩,1
技改,1
预告,1
暂为,1
信用,1
信用风险,1
心情,1
分解,1
导向,1
境内,1
境内外,1
悖逆,1
反向,1
潮起,1
隐患,1
力人,1
长期存在,1
不松,1
没赚,1
基地,1
到手,1
手软,1
没看,1
这笔,1
账,1
打折,1
建工,1
应用,1
显效,1
面上,1
解决方案,1
612,1
收盘,1
热炒,1
话题,1
深港,1
首宗,1
外汇,1
外汇储备,1
驻守,1
金成,1
新星,1
小跌,1
怼,1
大行,1
行业龙头,1
机械,1
机械设备,1
权威专家,1
十一月份,1
一月份,1
烟雾,1
烟雾弹,1
爆棚,1
3640,1
搞垮,1
泛亚,1
37,1
作为,1
华友,1
夺,1
探花,1
救赎,1
详解,1
流程,1
造就,1
搅动,1
江湖,1
钛白,1
钛白粉,1
白粉,1
厦门,1
猛烈,1
3628,1
受挫,1
红宝,1
63,1
集结,1
478,1
120,1
总量,1
1821,1
ROE,1
三倍,1
业界,1
前行,1
竖炉,1
革正,1
宏桥,1
060,1
振荡整理,1
震荡波,1
国储局,1
收储,1
云铝股份,1
三重,1
三重奏,1
重奏,1
顺,1
节能,1
保护环,1
保护环境,1
烦,1
联手,1
手下,1
防守,1
海运,1
海运费,1
运费,1
成铁,1
王晓明,1
研发,1
上高,1
防,1
煤老板,1
老板,1
巨额,1
押,1
低调,1
蛋糕,1
高三,1
石头,1
专注,1
秘诀,1
百倍,1
计日可期,1
房产,1
房产税,1
误读,1
收复失地,1
失地,1
难道,1
新纪录,1
如期而至,1
拉开,1
不等,1
等于,1
充沛,1
双向,1
前腰,1
腰斩,1
织金,1
迈,1
坎,1
能降,1
存到,1
战略性,1
定价权,1
商调,1
18000,1
填补,1
觉醒,1
次年,1
复兴,1
坐在,1
车上,1
继续加强,1
没商量,1
商量,1
求出,1
今,1
中印,1
大经,1
打架,1
雨水,1
浇灭,1
量价背离,1
3878,1
7100,1
更紧,1
锚,1
2014,1
刮起,1
热潮,1
吨数,1
秋雨,1
雨蒙蒙,1
蒙蒙,1
思,1
烦恼,1
海水,1
火焰,1
公告,1
神户,1
造假,1
老戏骨,1
戏骨,1
无惧,1
度,1
一览,1
USDA,1
矿主,1
166,1
十九,1
九大,1
摇摆,1
工具,1
328,1
工业生产,1
小算盘,1
算盘,1
建筑工地,1
开足,1
开足马力,1
炼钢,1
认购,1
振荡下行,1
可控,1
整周,1
阴晴,1
阴晴不定,1
拍出,1
高价,1
后劲不足,1
愈发,1
天秤,1
苍穹,1
春节前夕,1
前夕,1
主产,1
主产区,1
产区,1
八天,1
奋斗,1
就是,1
哦,1
首创,1
入港,1
港交所,1
文章,1
情,1
精彩,1
486,1
工矿,1
工矿业,1
破解,1
解痛,1
难点,1
已逝,1
肖,1
庆,1
煤炭行业,1
成化,1
化解,1
商用,1
商用车,1
用车,1
天长,1
长假,1
趁机,1
偷袭,1
同步,1
休息,1
详尽,1
尽数,1
析取,1
接下,1
接下来,1
下来,1
第十,1
第十七,1
第十七届,1
十七,1
十七届,1
七届,1
实需,1
合为,1
撑起,1
保护伞,1
宰,1
羊,1
中泰,1
笃,1
慧,1
大部,1
大部分,1
超上,1
总和,1
一带,1
合金钢,1
金钢,1
钢棒,1
棒材,1
反倾销,1
倾销,1
色环,1
东南,1
东南亚,1
南亚,1
荡起,1
双桨,1
论剑,1
私募,1
眼里,1
25100,1
甲醇,1
表,1
宣战,1
有权,1
万吨级,1
撤,1
电,1
临时,1
时限,1
掀,1
大浪,1
当心,1
一过,1
来年,1
年终,1
国,1
B,1
综述,1
陈,1
被套,1
天气,1
应急,1
扒,1
中旬,1
终究会,1
会见,1
见分晓,1
分晓,1
整点,1
灵活,1
活套,1
护身,1
盔甲,1
来话,1
说到底,1
丑小鸭,1
小鸭,1
800,1
平均利润,1
辟谣,1
暴利,1
传言,1
225,1
只用,1
27000,1
不慌,1
诸事,1
反水,1
叶,1
燕,1
武,1
逃不过,1
插曲,1
重影,1
焦作,1
万方,1
镨,1
钕,1
催,1
神器,1
见效,1
骑,1
绝尘,1
场强,1
无望,1
春秋,1
市场规律,1
场规,1
扭曲,1
跨,1
拿货,1
求见,1
云集,1
负增长,1
真相,1
碳酸,1
碳酸锂,1
魔力,1
月经,1
落下,1
0917,1
残酷,1
美丽,1
厉害,1
元素,1
元素周期,1
周期表,1
藏宝,1
藏宝图,1
前世,1
今生,1
彷徨,1
地狱,1
天堂,1
攻城,1
拔,1
寨,1
潮水,1
退去,1
吕,1
当做,1
已成,1
黑色星期,1
星期,1
星期五,1
用电量,1
电量,1
高法,1
法庭,1
庭审,1
串起,1
ST,1
天一,1
贤,1
丰,1
控股,1
转换,1
重金,1
治污,1
接踵,1
接踵而至,1
掉,1
时隔,1
合并,1
不予,1
不予置评,1
置评,1
先行,1
营造,1
起航,1
洗,1
细算,1
算账,1
可怕,1
出炉,1
质量,1
质量标准,1
国家队,1
重仓,1
重仓股,1
浮,1
亮,1
看过,1
变坏,1
跑,1
大黑,1
众,1
停牌,1
涉,1
整合,1
瞄准,1
高歌猛进,1
猛进,1
超乎,1
转供,1
舞,1
1170,1
露天矿,1
灭顶,1
灭顶之灾,1
之灾,1
第一枚,1
一枚,1
棋子,1
嗅觉,1
最灵,1
灵敏,1
冶金,1
冶金工业,1
金工,1
业经,1
主任,1
郑,1
玉,1
1994,1
略,1
煤化,1
煤化工,1
化工,1
涨成,1
烽火,1
乱世,1
金国,1
成品,1
成品油,1
心地,1
动摇,1
削减,1
减收,1
收费,1
挽救,1
区,1
退役,1
融化,1
设立,1
减金,1
高中,1
寻找,1
联动性,1
权益,1
个股,1
下九,1
局地,1
本钢,1
NO,1
无所,1
无所谓,1
所谓,1
这两点,1
两点,1
诛,1
剪,1
烧心,1
闻到,1
割,1
韭菜,1
气息,1
秋冬季,1
环保部,1
部首,1
昨日,1
突,1
头寸,1
保守,1
升机,1
激辩,1
十里,1
软柿子,1
柿子,1
领头,1
领头羊,1
头羊,1
气,1
登台,1
大肆,1
渲染,1
应大,1
遇上,1
上周,1
胜,1
色,1
舞钢,1
计提,1
提存,1
存货,1
给出,1
钢水,1
系上,1
持久,1
一正,1
维,1
少,1
着装,1
装死,1
游春,1
春光,1
乍现,1
木,1
三座,1
三座大山,1
大山,1
压顶,1
起死回生,1
回生,1
其它,1
多亏,1
亏了,1
解惑,1
切勿,1
恍惚,1
说辞,1
突起,1
遐想,1
泪流,1
泪流满面,1
流满,1
满面,1
全金属,1
大劫,1
商家,1
生死,1
88000,1
95000,1
26,1
快报,1
全运会,1
靴子,1
管家,1
外资,1
呼,1
炼铜,1
速将,1
消化不良,1
不良,1
反刍,1
冲破,1
满城,1
尽是,1
棚,1
市长,1
国务,1
国务院,1
提去,1
大变,1
巴克,1
巴克莱,1
克莱,1
河北省,1
能效,1
捂,1
VIX,1
实证,1
很美,1
桑,1
总库,1
分合,1
期望,1
增高,1
减轻,1
整整,1
整一,1
未经,1
基于,1
江,1
拼命,1
加班,1
历史记录,1
史记,1
高能,1
风范,1
年历,1
色笔,1
笔记,1
行数,1
辩证,1
辩证逻辑,1
管下,1
炭黑,1
黑市,1
货源,1
严重不足,1
圈内,1
迅猛,1
报捷,1
蓉,1
制高点,1
石煤,1
仍以,1
全场,1
站,1
一起,1
升为,1
添,1
货主,1
涨停板,1
停板,1
复制,1
瑞银,1
国泰,1
国泰君安,1
君安,1
2985,1
无根,1
根本,1
半路,1
熄火,1
探究,1
急转,1
急转弯,1
转弯,1
幕后,1
扑克,1
缺斤短两,1
运到,1
为啥,1
常,1
减重,1
一两,1
两吨,1
发黑,1
借,1
胆敢,1
符合,1
最近,1
小巴,1
口水,1
口水战,1
水战,1
盎司,1
兴衰,1
启示录,1
败,1
1380016800,1
受到,1
说话,1
之谜,1
脸色,1
烧结机,1
收出,1
见成效,1
秀,1
肌肉,1
五家,1
实地,1
实地考察,1
考察,1
机上,1
所出,1
阅读,1
素引,1
指导,1
话别,1
炒钢,1
汇,1
惨跌,1
226,1
刮,1
烈,1
吹,1
三张,1
宝,1
国产,1
二三,1
回流,1
据点,1
处在,1
风口浪尖,1
浪尖,1
一层,1
一层楼,1
层楼,1
清除,1
创造,1
现金,1
现金流,1
金流,1
吁,1
勿,1
作风,1
孚,1
认为,1
所致,1
股票,1
临,1
坚定不移,1
不移,1
烧,1
何如,1
此为,1
毙,1
新日,1
住,1
副社长,1
社长,1
高档,1
注意,1
无理,1
辣,1
九寨,1
九寨沟,1
震情,1
微弱,1
连连,1
灰,1
犀牛,1
渐近,1
及时,1
稳健,1
犟,1
言,1
银河,1
席位,1
22,1
净流入,1
充当,1
短暂,1
定下,1
年节,1
有些,1
强大,1
永远,1
柏,1
翔,1
局外,1
局外人,1
外人,1
深思,1
漫画,1
戏说,1
重构,1
自有,1
电厂,1
据说,1
葛,1
卫东,1
金属硅,1
近两年,1
厂家,1
一天,1
翻身仗,1
铁腕,1
题材,1
视而不见,1
不见,1
惊雷,1
黑,1
责令,1
321,1
美林,1
湖北,1
江苏,1
企业库,1
多极,1
极值,1
东风,1
醒,1
乘机,1
真金,1
走上,1
上帝,1
灭亡,1
必先,1
一开,1
惊险,1
4900,1
遇刺,1
半年度,1
阔别,1
强行,1
测温,1
双赢,1
增厚,1
石库,1
278,1
不言,1
司机,1
压库,1
取缔,1
民营,1
长乐,1
落寞,1
回乡,1
忘,1
嘿,1
你们,1
触发,1
脉冲,1
按钮,1
铜箔,1
迎风,1
火热,1
廉价,1
替代品,1
能退,1
毫无,1
无阻,1
气势,1
气势如虹,1
扶摇,1
扶摇直上,1
余威,1
作何,1
超级,1
级数,1
银价,1
临考,1
属概念,1
暑热,1
不退,1
永磁,1
成风,1
七成,1
保安,1
安检,1
汹涌,1
一文,1
通览,1
进展,1
八成,1
一会,1
一会儿,1
会儿,1
生动,1
CME,1
红盘,1
挂,1
突降,1
能指,1
亮起,1
警灯,1
坯,1
一直,1
独占,1
独占鳌头,1
鳌头,1
游行,1
综合,1
6074,1
枯,1
追根,1
追根溯源,1
溯源,1
发有,1
好消息,1
Jefferies,1
明后,1
能动,1
动真格,1
真格,1
配合,1
戴维斯,1
维斯,1
双击,1
百年,1
沧海,1
沧海桑田,1
桑田,1
撸,1
育,1
自由,1
自由港,1
CEO,1
获利盘,1
覆,1
迎上,1
龙头企业,1
高端,1
整顿,1
纽约商品交易所,1
商品交易,1
31,1
地下,1
何难,1
斩断,1
乌兰,1
乌兰察,1
乌兰察布,1
国二,1
