title,date
黄金跌了一年 抄底者已逐步浮出水面,2018-11-28
白银投资晨报：画风突变！美联储二把手由鸽转鹰 白银跌跌不休,2018-11-28
一图一逻辑：同为房地产上游，水泥与钢材有何关系？,2018-11-28
黄金投资晨报：特朗普“黑手”伸向欧洲 贸易紧张升温黄金却一蹶不振,2018-11-28
沪锌短线偏弱运行 关注19500元/吨一线支撑,2018-11-28
市场情绪偏空 铜价下行风险未除,2018-11-28
卖盘抛压 白银T+D周二夜盘下跌,2018-11-28
中国工商银行纸黄金纸白银周三亚市早盘双双下跌,2018-11-28
铁矿短期弱势难改 后期机会或在远月？,2018-11-28
17家钢厂齐跌！钢坯再降80，钢价呢？,2018-11-27
白银技术分析：尘归尘土归土 白银若跌破这一支撑有望创多年新低,2018-11-27
远大物产张舒：预期VS现实，锌价能否在低库存下逆势向上？「2019FICC春季论坛」,2018-11-27
白银投资晨报：德拉基再度“助攻”美元 白银一只脚已经踏入深渊,2018-11-27
卖盘抛压 白银T+D周一夜盘下跌,2018-11-27
悲观预期强化铁矿石跌停 调整将会持续,2018-11-27
沪铜走势略显谨慎,2018-11-27
有色空头的困境——低库存的常态化,2018-11-27
硅锰汪洋曳孤舟 敢问价差几时修？,2018-11-27
铁矿石和钢价跌至数月低位，因市场继续抛售,2018-11-26
美联储加息或将放缓 黄金迎来震荡上行,2018-11-26
需求走弱 沪锌反弹高度受限,2018-11-26
白银投资晨报：困兽犹斗！白银遭遇基本面重大危机,2018-11-26
供应增量逐步落实 期镍继续寻底之路,2018-11-26
黄金投资晨报：这三大因素扼杀金价 黄金多头再度陷入困局,2018-11-26
国内钢价跌幅扩大 铁矿石市场震荡下行,2018-11-25
暴跌！再降空间有多大 该抄底了？,2018-11-24
跌！钢坯+期螺怒砸100，钢价跌破4000！,2018-11-24
凛冬降至 “妖”镍寻底路漫漫,2018-11-24
卖盘抛压 白银T+D周五夜盘下跌,2018-11-24
需求拖累环保松绑 钢材后市恐不乐观,2018-11-23
黄金跌了一年 抄底者已逐步浮出水面,2018-11-28
白银投资晨报：画风突变！美联储二把手由鸽转鹰 白银跌跌不休,2018-11-28
一图一逻辑：同为房地产上游，水泥与钢材有何关系？,2018-11-28
黄金投资晨报：特朗普“黑手”伸向欧洲 贸易紧张升温黄金却一蹶不振,2018-11-28
沪锌短线偏弱运行 关注19500元/吨一线支撑,2018-11-28
市场情绪偏空 铜价下行风险未除,2018-11-28
卖盘抛压 白银T+D周二夜盘下跌,2018-11-28
中国工商银行纸黄金纸白银周三亚市早盘双双下跌,2018-11-28
铁矿短期弱势难改 后期机会或在远月？,2018-11-28
17家钢厂齐跌！钢坯再降80，钢价呢？,2018-11-27
白银技术分析：尘归尘土归土 白银若跌破这一支撑有望创多年新低,2018-11-27
远大物产张舒：预期VS现实，锌价能否在低库存下逆势向上？「2019FICC春季论坛」,2018-11-27
白银投资晨报：德拉基再度“助攻”美元 白银一只脚已经踏入深渊,2018-11-27
卖盘抛压 白银T+D周一夜盘下跌,2018-11-27
悲观预期强化铁矿石跌停 调整将会持续,2018-11-27
沪铜走势略显谨慎,2018-11-27
有色空头的困境——低库存的常态化,2018-11-27
硅锰汪洋曳孤舟 敢问价差几时修？,2018-11-27
铁矿石和钢价跌至数月低位，因市场继续抛售,2018-11-26
美联储加息或将放缓 黄金迎来震荡上行,2018-11-26
需求走弱 沪锌反弹高度受限,2018-11-26
白银投资晨报：困兽犹斗！白银遭遇基本面重大危机,2018-11-26
供应增量逐步落实 期镍继续寻底之路,2018-11-26
黄金投资晨报：这三大因素扼杀金价 黄金多头再度陷入困局,2018-11-26
国内钢价跌幅扩大 铁矿石市场震荡下行,2018-11-25
暴跌！再降空间有多大 该抄底了？,2018-11-24
跌！钢坯+期螺怒砸100，钢价跌破4000！,2018-11-24
凛冬降至 “妖”镍寻底路漫漫,2018-11-24
卖盘抛压 白银T+D周五夜盘下跌,2018-11-24
需求拖累环保松绑 钢材后市恐不乐观,2018-11-23
涨跌不定疑无路 矿石正套来相助,2018-11-23
钢厂再降超100！期钢全线翻红 钢价逼近4000！,2018-11-23
锌价短期或回升 中期弱势未改,2018-11-23
TC长单终落地 铜价后市偏弱运行？,2018-11-23
戴俊生：美元指数小幅回落 金属走势分化,2018-11-22
金价有望持续上扬,2018-11-22
中钢协：钢价后期将呈波动调整态势,2018-11-22
惨绿！钢厂大降200！钢价跌的“怀疑人生”！,2018-11-22
沪铅：将测试两万关口,2018-11-21
黄金底部形成 明年将呈现振荡偏强格局,2018-11-21
铁矿石偏强格局将延续,2018-11-21
小K侃有色:锌火殆尽,2018-11-21
有色冬藏：新一轮下行周期基本确认,2018-11-20
铁矿石：有望向上突破 建议短线做多1901合约,2018-11-20
风清云淡霾起铅强,2018-11-20
钢坯紧急刹车站稳3550 钢价蓄力伺机而动,2018-11-19
国内钢价跌幅扩大 铁矿石市场稳中有跌,2018-11-19
供强需弱 沪铅高位振荡,2018-11-19
有色金属重点品种投资月参,2018-11-17
宏观利好引导下 锌价大幅拉涨,2018-11-16
美元走势先抑后扬 期锡维持高位震荡,2018-11-16
智利铜业委员会：下调今明两年铜价预估,2018-11-16
供应预期紧缩 沪锡期价仍存“升”机,2018-11-16
沪钢走势陷入纠结,2018-11-16
王伟：铝价缺乏支撑 弱势行情延续,2018-11-16
螺纹鸣金收兵 永安的玉米好戏才开场！,2018-11-16
铁矿石需求疲弱 BDI指数“断崖式”下跌,2018-11-16
钢厂限产力度下降 钢价回落后期走势不乐观,2018-11-16
冬季钢材价格走势不容乐观,2018-11-15
PB粉累库预期掣肘铁矿石反弹,2018-11-15
沪锌近强远弱 当前不宜抛空,2018-11-15
螺纹钢陷入下跌困境,2018-11-15
“跌跌”不休 镍价反弹之路布满荆棘,2018-11-15
突发停产！期螺大涨70，钢价为何跌跌不休？,2018-11-15
工信部预计四季度钢价仍将在高位运行,2018-11-15
限产前冲刺，中国10月粗钢产量创新高,2018-11-14
分析人士：明年国内铜价易跌难涨,2018-11-14
沪锌宽幅振荡 或面临先扬后抑,2018-11-14
报！河钢大跌100-160！钢价降价来势汹汹？,2018-11-14
螺纹钢期现价格继续走跌？,2018-11-14
钢价走势出现“踩踏行情” 前期涨势戛然而止，3天跌幅超300元/吨,2018-11-14
钢铁价格半月跌近8%“黑色产业链”拐点来临？,2018-11-14
头条：期货暴跌 钢坯大降 现货拐点真的来了？,2018-11-13
沪镍：远水电池用镍救不了近火消费不佳 年前仍将区间震荡运行,2018-11-13
螺纹吨毛利超1000！热卷、螺纹差为何再扩大？,2018-11-13
技术解盘：螺纹钢振荡下挫 锌等待反弹,2018-11-13
“锌锌向荣”一去不复返？明年锌价或难破3000大关,2018-11-13
“六连阴”后铜价走势仍然承压,2018-11-13
最是人间留不住 硅铁深跌满套路,2018-11-12
【华泰钢铁邱瀚萱团队】黑色金属:Q3行业景气度高，恐难持续,2018-11-12
沪锌近强远弱格局明显,2018-11-12
贴水较大 铁矿石有修复需求,2018-11-12
钢市一路跌跌落落，钢坯今日又下40，下周钢市跌不停？,2018-11-12
钢坯三日连降已达160 看分析师深度分析,2018-11-12
国内钢价延续跌势 铁矿石市场震荡趋强,2018-11-10
头条：钢价反弹夭折 下周重磅消息扎堆,2018-11-09
下周螺纹预测：钢价弱势调整 或迎短期反弹,2018-11-09
风险释放 黄金区间运行,2018-11-09
铁矿石期货国际化为贸易企业带来新机遇,2018-11-09
明年全球镍供需处于紧平衡状态,2018-11-09
沪钢高贴水制约下行空间,2018-11-09
【申银万国期货1队】铁矿石后市易涨难跌,2018-11-09
钢贸商恐慌下跌！废钢是否会“深跌”？,2018-11-09
首席预测：2019开年钢价下跌概率较大 但变数是…？,2018-11-09
下游需求持续低迷 热卷上涨动力不足,2018-11-09
短期供应较为宽松 沪铜仍将承压,2018-11-08
技术解盘：螺纹钢 考验3900,2018-11-08
铁矿石期现走势明显分化,2018-11-08
锌下游锌合金、氧化锌市场专题：需求进入下行通道,2018-11-07
短多长空博弈 锌价弱势运行,2018-11-07
印尼锡供应中断 伦锡暂未获提振,2018-11-07
今冬钢材价格走势将会怎样？,2018-11-07
向上还是向下？铜价等待基本面指引,2018-11-07
螺纹钢基差高达700！限产不给力，钢价开启跌势？,2018-11-07
钢市北材南下加速 本周钢价这样走！,2018-11-07
需求疲弱 镍价弱势运行,2018-11-06
基建投资PK新增产能释放 铜价或先强后弱,2018-11-06
铜价或筑底回升 建议逢低试探性买入,2018-11-06
掌握行业动向，诠释铝业未来——2018年中国国际铝业周华丽登场,2018-11-06
特拉斯时代来临 铜消费影响几何？,2018-11-05
未来新增产能有限 铁矿石存在上涨空间,2018-11-05
沪锌宽幅波动成主基调,2018-11-05
头条：本周期钢离奇大跌近两百 11月螺纹钢单月涨千元逆天表现能否再现？,2018-11-03
新预警！钢坯累跌100至3900，钢价要凉？,2018-11-03
工业品或已进入主动去库存周期,2018-11-02
铁合金月报：螺纹新标发酵殆尽 产量新高凸显拐点,2018-11-02
金属多数连续大跌风向转了？ 沪铅为何独自强涨,2018-11-02
利多释放镍价回落为主 中长期中性偏多,2018-11-02
铝价快速下探 考验13800点支撑,2018-11-02
全球经济增速放缓 铜价显疲态库存成焦点,2018-11-02
螺纹钢执行新标致钒价大涨,2018-11-02
世界黄金协会报告：第三季度全球黄金需求保持稳定,2018-11-02
2018年1至9月份中钢协会员钢铁企业实现利润2299.63亿元,2018-11-02
戴俊生：有色都在跌 铅价为何一枝独秀？,2018-11-01
铝月报：消费逐步转弱 铝价承压运行,2018-11-01
四大矿山财报数据解析,2018-11-01
铁矿石需求预计下滑 530—550元/吨逢高沽空,2018-11-01
锌价仍将维持宽幅振荡,2018-11-01
澳矿供应短缺将暂时缓解 铁矿短期或将承压回落,2018-11-01
宏观不确定性增多 铜价或将继续承压,2018-11-01
美元引导铜价下行 基本面隐居次位,2018-11-01
期货高贴水以上涨方式完成修复 螺纹回调空间有限,2018-11-01
2018年1至9月份中钢协会员钢铁企业实现利润2299.63亿元,2018-11-01
避险功能凸显 黄金长牛格局不变,2018-10-31
利好难觅 沪锌弱势整理,2018-10-31
基本面向好 沪铅偏强运行,2018-10-31
钢材投资报告：螺强卷弱格局未变 中期配置逢高空卷螺差,2018-10-31
建立一个量化模型测算：四季度钢材需求究竟是强还是弱？,2018-10-31
黄金将迎来买入良机,2018-10-31
基本面改善 沪铅酝酿阶段回升行情,2018-10-30
缺口由扩转缩 镍市近多远空,2018-10-30
铅进口盈利窗口持续打开 明年将会如何演绎？,2018-10-30
矿端仍将保持宽松 铜品种的向下空间或打开,2018-10-30
铁矿石成交持仓量限制提升品牌交割准入更贴近市场,2018-10-30
一图一逻辑：钢厂补库周期领先于焦化厂的库存周期,2018-10-29
国际铜精矿市场的均衡问题分析,2018-10-29
供需改善 铅价企稳回升,2018-10-29
铜价四季度反弹逻辑犹存,2018-10-29
国际铜精矿市场的均衡问题分析,2018-10-29
宏观经济主导 沪铜涨跌空间有限,2018-10-29
利空因素持续弱化 黄金奔向“牛途”,2018-10-29
钢材四季度和明年上半年行情展望,2018-10-27
关于螺纹钢强需求可持续性的分析,2018-10-27
戴俊生：300系不锈钢库存明显增加 镍价跌破10万点,2018-10-26
基本面缺乏亮点压制铜价,2018-10-26
期货助铁合金产业守住改革红利,2018-10-26
镍价承受宏观对冲压力走势偏弱,2018-10-26
汪建华：4季度钢价这样走,2018-10-26
钢厂最高涨80！库存大降 钢价是否会涨破5000？,2018-10-26
透视这5个关键逻辑：铜博士的春天真的要来了？,2018-10-25
兰格炉料：铁矿石市场延续涨势 后期市场或小幅回落,2018-10-25
基本面与宏观缺乏共振 沪铜期价有下行之忧,2018-10-25
限产减弱 钢厂垒库压力或将增大——唐山钢铁产业调研报告,2018-10-25
港口去库存力度较大 铁矿石涨势可期,2018-10-25
多空双方僵持 沪铜短期将维持振荡,2018-10-25
黄金空头大撤退 金银比价有玄机,2018-10-25
头条：钢厂集体上调出厂价 钢价暴涨在即？,2018-10-24
兰格炉料：铁矿石市场延续涨势 后期市场稳步上涨,2018-10-24
lgmi:窄幅震荡的“困局” 热卷价格短期难改？,2018-10-24
戴俊生：炼厂减产 国内锌库存再创新低,2018-10-24
钢厂集体上调出厂价 钢价暴涨在即？,2018-10-24
WTO成员：美国钢铝关税可能损害金属市场,2018-10-24
【南华期货1队】逢高做空铁矿石,2018-10-24
供不应求趋势延续 沪铅短期上扬可期,2018-10-24
休整了这么久 沪镍要在沉默中爆发了？,2018-10-24
兰格炉料：铁矿石市场延续涨势 后期市场或有回调,2018-10-23
兰格钢铁明日定价参考,2018-10-23
头条：股市再暴跌！期钢躺枪！钢市震荡格局难改！,2018-10-23
【宏源期货1队】铁矿石中期逢低做多,2018-10-23
多空交织 黄金有望震荡走强,2018-10-23
市场人士普遍看好明年铜价,2018-10-23
螺纹钢 整体保持高位振荡,2018-10-23
短期供应较充足 沪铜下行概率较大,2018-10-23
"12家钢厂齐涨！钢坯逼近4000,钢价即将涨破4700！",2018-10-23
兰格报道：废钢价格创年内新高 后期继续看涨？,2018-10-23
钢铁行业兼并重组将加速推进,2018-10-22
钢铁行业兼并重组将加速推进,2018-10-22
消费旺季 沪锡慢牛可期,2018-10-22
限产似有降压 钢材品种价格分化是否还会延续？,2018-10-22
沙钢建材上调50！钢价步入上行轨道？| 周一钢市早知道,2018-10-22
螺纹需求强劲 旺季余温再度托底,2018-10-22
拳头收回来 是为了更好地打出去——再谈对锌行情的理解,2018-10-21
锌市供给压力渐显 建议维持空头配置,2018-10-21
戴俊生：大型持证铅企产量增长明显,2018-10-19
预计2019年锌供应逐步增加 锌价难乐观,2018-10-19
A股创4年新低！唐山突发停限产 钢价会跌吗？,2018-10-19
期螺现大幅贴水 钢价向下空间有限,2018-10-19
自身利多因素积聚 黄金涨势未尽,2018-10-19
下游消费降速 铝价难以摆脱下挫困局,2018-10-19
任尔风吹雨打 铜价闲庭信步,2018-10-19
新品种来了！上期标准仓单交易平台上线铅、锌、锡、镍四个品种,2018-10-19
螺纹钢期现价差有何定律 今后将向何处去,2018-10-18
戴俊生：有色弱势震荡 多铝空镍组合持有,2018-10-18
这两个价差还在持续走低 铁矿石为何突然增仓大涨？,2018-10-18
锌四季度报：库存筑底 锌价在修复反弹中静待布空节点,2018-10-18
铜四季度报：铜市锚定宏观预期 价格区间运行,2018-10-18
镍四季度报：贸易战叠加降库速度趋缓 镍价震荡寻求新区间,2018-10-18
铝四季度报：冬季限产放松 寒冬仍将继续,2018-10-18
备货结束 沪铜价格回升接近尾声,2018-10-18
基建投资增速受限 消费疲弱将打压沪锌,2018-10-18
钢坯连涨至3960！期螺上冲4200 钢价要创新高？,2018-10-18
螺纹钢后期仍将偏强运行,2018-10-18
螺纹多头发威四千二 降库强劲货去哪？,2018-10-17
锌金银热点分析及展望,2018-10-17
白银上方空间有限,2018-10-17
沪镍陷入区间振荡 主力运行区间在100000—110000元/吨,2018-10-17
沪铜难以进一步抬升 51000—52000元/吨区域择机抛空,2018-10-17
镍价震荡重心下移 交易上把握波段思路,2018-10-17
10月16日板带材精品信息推送（昆钢增加铁路运输钢材量）,2018-10-16
兰格炉料：铁矿石市场窄幅调整 后期市场或有下跌,2018-10-16
兰格钢铁明日定价参考,2018-10-16
头条：螺纹钢期现皆涨 “银十”行情兑现？,2018-10-16
一图一逻辑：镀锌板产量与基建投资（不含电力）的关系,2018-10-16
技术解盘：沪锌多头思路 螺纹钢逢高沽空,2018-10-16
氧化铝产量释放 沪铝或重回熊市,2018-10-16
基本面不佳 追高沪铜风险犹存,2018-10-16
基本面改善 铁矿石价格仍有上行空间,2018-10-16
铁合金2018年四季度投资报告：短期维持震荡思路,2018-10-16
铁矿石2018年四季度投资报告：价格大概率下跌,2018-10-16
精矿增量不及预期 后期锡价将走向何方？,2018-10-16
【兴证期货1队】铁矿石买5抛1反套策略,2018-10-15
镍价四季度或以筑底震荡为主,2018-10-15
铜四季度报告——涨也难跌亦难 等待时机耐心看,2018-10-15
铝四季度报告——供应仍然过剩 政策托底铝价,2018-10-15
铅四季度报告——紧供应弱需求 铅价高位震荡,2018-10-15
锌季度报告——远期过剩与短期短缺 锌价进入震荡,2018-10-15
锡四季度报告—矿端缺口仍待验证 消费旺季慢牛可期,2018-10-15
镍四季度报告——降库趋缓 镍价陷于震荡,2018-10-15
供应宽松 铁矿石四季度价格上涨受阻,2018-10-15
宏观抑制需求乏力 铝价震荡偏弱,2018-10-15
产能增速下降 需求持续增长——市场人士看好中长期铜价,2018-10-15
快速出货情绪高涨 钢价缓速上行不刹车？丨周一钢市早知道,2018-10-15
螺纹钢周记：不是一个人在战斗 还有双焦和铁矿,2018-10-15
多空交织 铜市短期盘局难改,2018-10-15
美元与美股下跌美债高企 黄金将震荡盘整,2018-10-12
美元大跌 伦锡发力突破横盘走势,2018-10-12
供需双增 镍持续震荡运行,2018-10-12
美公布CPI数据不及预期 铜价受提振反弹,2018-10-12
千股跌停！钢市库存大降！钢价掀起上涨？,2018-10-12
头条：10月份钢企盈利空间或继续收窄,2018-10-11
技术解盘：热卷压力犹存 沪铜振荡上行,2018-10-11
沪锌多头无近忧有远虑,2018-10-11
螺纹钢 采暖限产提振,2018-10-11
钢坯冲上3900！14家钢厂集体涨价，钢价仍在飞！,2018-10-11
LME Week年会召开：铜成为业内大佬眼中的香饽饽？,2018-10-11
戴俊生：蓄电池库存上升 铅价抛压增加,2018-10-10
现货紧张VS供应增加预期强化 沪锌看多须谨慎,2018-10-10
有色专题：宏观波动加剧 继续关注内盘外套利机会,2018-10-10
铁合金振荡格局难改,2018-10-10
补库需求支撑铁矿石走高,2018-10-10
沪锌短期具备反弹基础,2018-10-10
沪铝成本线附近徘徊,2018-10-10
当“意外”撞上避险情绪 黄金要成“香饽饽”？,2018-10-10
各类宏观指标与镍价关系的探讨,2018-10-09
供需双增 沪镍或维持区间震荡态势,2018-10-09
铜价回调或为阶段买入机会,2018-10-09
降准提振市场情绪 沪钢有望迎来反弹,2018-10-09
铁合金月报丨关注硅锰供需错配的结构机会,2018-10-08
兰格炉料：铁矿石市场以稳为主 期货或将带动现货上涨,2018-10-08
戴俊生：海德鲁铝厂关停的一场“铝”行,2018-10-08
节前钢材累库 本周钢价或震荡偏弱运行,2018-10-08
美元偏强运行 期镍或继续维持区间震荡态势,2018-10-08
国庆期间伦锌冲高回落 日内沪锌或补涨外盘,2018-10-08
假期沪铝停盘外盘回吐大半涨幅 关注今日MLF操作影响,2018-10-08
兰格钢铁明日定价参考,2018-09-29
兰格钢铁明日定价参考,2018-09-28
铁矿石市场盘整运行 节后市场或有上涨,2018-09-28
国庆将至 静观铜价如何演绎,2018-09-28
受益新国标实施 锰硅表现或强于硅铁 ——四季度铁合金市场展望,2018-09-28
供需或有改善 有色金属震荡回升—— 有色金属2018年第四季度策略报告,2018-09-28
库存大增42万吨！期螺急跌至4000 钢价又要凉？,2018-09-28
黑色金属会反弹不？,2018-09-28
加息预期兑现 有色及贵金属再现调整,2018-09-28
多空均有理 铁矿石“且行且振荡”,2018-09-28
聚焦镍锌基本面 后市下跌or企稳？,2018-09-28
兰格钢铁明日定价参考,2018-09-27
兰格炉料：铁矿石市场小幅走强 钢厂补库需求变差,2018-09-27
螺纹钢明明旺季却持续下行 当下行情将如何演绎？（20180927）,2018-09-27
铜市季节性规律解析及节前持仓建议,2018-09-27
美联储如期加息 金价料迎来反弹,2018-09-27
沪锌：买近抛远的正向套利 利润逐步兑现,2018-09-27
山西铝调研—环保常态化 进口矿替代未成熟,2018-09-27
11家钢厂齐跌！钢坯跌至3900 钢市降价潮来了？,2018-09-27
曹嘉诚: 铁矿石初显峥嵘，未来多头能走多远？| 独家专访,2018-09-26
黄金白银中线单布局持续跟踪（长线多，中线观望，短线高空）,2018-09-26
黄金白银中线单布局持续跟踪（长线多，中线观望，短线高空）,2018-09-26
镍价要起飞？ 麦格理预计2019年镍价将到16875美元/吨,2018-09-26
螺纹钢濒临上行通道下沿 四季度螺纹钢走势命悬一线？,2018-09-26
惨绿！钢厂最高降70！期螺跌破4100钢价遭“砸价”！,2018-09-26
铁矿石：维持区间振荡 轻仓高抛低吸,2018-09-26
限产预期不明 “银十”钢市旺季难旺,2018-09-26
美联储将公布利率决议 黄金仍受压制,2018-09-25
有色周评丨锌铝本周展望,2018-09-25
铜价开启反攻模式 中粮抢得期权首单,2018-09-25
消费旺季带动锌价走强 短期价格继续看涨,2018-09-25
上游原料涨价下游产品萎靡 铝业公司“两头受气”,2018-09-25
行情不佳 热卷金九难抬头,2018-09-25
黄金白银的关键底部？（附长线交易策略）,2018-09-25
高基差下 螺纹将向何处去？,2018-09-25
一语定江山：论铜锌的反转与反弹,2018-09-25
期价创下“四连阳” 沪铝期价反弹空间有限,2018-09-25
头条：螺纹钢涨钢坯板材降 双节将至钢市能否继续强！,2018-09-23
沙钢报4680再挺价！节后钢价能否红火开局？,2018-09-22
节后看涨or看跌钢价？看这7图就懂,2018-09-22
戴俊生：下游节前备库 镍价偏强运行,2018-09-21
下周预测：人心思涨之下 钢价蓄势待发,2018-09-21
COMEX期铜收高 因美元疲软,2018-09-21
库存低位支持螺纹钢期货偏强震荡,2018-09-20
期市被“差矿”拖累 铁矿石期现结合操作更适宜,2018-09-20
沪镍呈现多增、空减态势,2018-09-20
沪铝向下空间有限,2018-09-20
钢厂齐涨！螺纹4632刷新高点 节前钢价还涨吗？,2018-09-20
锰硅及硅铁1809合约交割总结报告,2018-09-20
环保限产政策轮番上阵 钢坯供应有何变化？,2018-09-20
重磅！唐山秋冬错峰生产文件正式发布！钢厂限产比例仍是谜！,2018-09-19
有色金属触底反弹 沪铅为何反而陷入平静,2018-09-19
美国铜开发协会：可再生能源将推动铜需求增长,2018-09-19
LME期铜反弹 未理会中美贸易冲突加剧,2018-09-19
美联储加息周期与铜价走势相关性分析,2018-09-19
沪铅有望再创年内新高,2018-09-19
螺纹钢多头力量略胜一筹,2018-09-19
沪锌期价中期将承压,2018-09-19
关注锰硅近月做多机会,2018-09-19
环保停限产卷土重来，期螺涨至4166，钢价继续冲？,2018-09-19
靳义丹：消费低迷银行争食 白银内贸路在何方,2018-09-19
兰格炉料：铁矿石市场持稳运行 后期市场震荡上涨,2018-09-18
兰格钢铁明日定价参考,2018-09-18
数据看钢铁现状：日产明显回升 地产、基建需求趋弱,2018-09-18
缺乏消息指引 隔夜沪铝走势清淡,2018-09-18
世纪锌矿正式开工 到2019年四季度锌矿年产量将达1500万吨,2018-09-18
中国铝业58亿增投氧化铝,2018-09-18
铁矿石长线逢高沽空,2018-09-18
有色金属普遍走弱 继续反映避险情绪,2018-09-18
中国铝业拟新建200万吨氧化铝项目,2018-09-18
头条：下半年利好频传 “钢需”大爆发？,2018-09-17
戴俊生：空调产量大幅下滑 铜价延续弱势,2018-09-17
布林中线受阻 铜价仍需等待关税计划,2018-09-17
沪期锡多空集中减仓 盘中走势先扬后抑,2018-09-17
钢坯一马当先站稳4040 钢价蓄力伺机而动,2018-09-17
沪铝延续震荡格局 原料端具有支撑,2018-09-17
8月投资数据不及预期 对钢铁有何影响？,2018-09-15
下周预测：金九银十价格蓄势待涨 环保政策影响市场情绪,2018-09-14
分析师：全球镍市供应短缺延续 或将支撑价格上涨至2019年,2018-09-14
【中信期货1队】结构好转促进估值修复 铁矿上行时机到来,2018-09-14
环保预期宽松 螺矿比继续修复,2018-09-14
螺纹钢产量较去年同期下降,2018-09-13
12日钢厂齐降！期钢两日大跌296，钢价恐慌杀跌！,2018-09-13
【图解】“空铜派”昨晚夜袭市场！会否成股市危机先兆？,2018-09-12
宏观忧虑情绪笼罩 期锡走势承压震荡,2018-09-12
铜供应增速放缓 需求短期趋稳远期承压 铜价后市如何？,2018-09-12
徐长宁：解读CFTC铜持仓报告,2018-09-12
有色专题：板块分化调整 关注内盘外套利机会,2018-09-12
沪镍：静待需求好转,2018-09-12
格林大华：9月11日螺纹铁矿早报,2018-09-11
游消费需求动能不足 不宜盲目追高沪锌,2018-09-11
美国和中国贸易战升级忧虑拖累铜价下滑,2018-09-11
中美贸易争端升级引发市场对后市价格担忧 伦铅重挫2.02%,2018-09-11
全球铝矿供应紧缺！美国、澳大利亚束手无策，中国要开始出口了！,2018-09-11
传俄铝(00486)因受美制裁拟减产 铝价应声上涨,2018-09-11
业内：提高出口退税对钢铁、有色行业影响几何？,2018-09-10
废钢将再度蓄力上行,2018-09-10
LME贸易战担忧打压期铜走低 周线连跌第二周,2018-09-10
铝产业：材料替代之路越走越宽,2018-09-10
沪铝：成本支撑稳固，多头行情可期,2018-09-07
钢坯冲刺4000期钢全线上涨 钢价涨势能否持续？,2018-09-07
铁矿石底部支撑增强 关注01合约520—550元/吨压力,2018-09-07
螺纹钢震荡趋稳 近强远弱,2018-09-07
螺矿比回落 铁矿石短期偏强,2018-09-07
宏观利空施压 铜价继续寻底,2018-09-07
金价短期蓄力上扬,2018-09-07
革故鼎新 做专业的方矩管供应商——天津仁智达商贸有限公司董事长李永刚,2018-09-06
lgmi:板带材精品信息推送（9.6）,2018-09-06
兰格炉料：铁矿石市场继续持稳 后期市场有上行空间,2018-09-06
兰格钢铁明日定价参考,2018-09-06
沪铝连跌六日 是开始还是结束？,2018-09-06
日本7月钢铁出口量同比增长2%至303万吨,2018-09-06
铁矿石短期走强概率大 1901合约470—480元/吨区间建多单,2018-09-06
格林大华：贵金属价格预计会在中长期弱势运行,2018-09-05
格林大华：政策支撑，钢价调整后仍震荡偏强 矿石跟随政策，区间震荡思路,2018-09-05
消息人士：铝生产商提出日本第四季度铝升水报价下跌,2018-09-05
【月度报告-锰硅/硅铁】被忽视的采暖季预期 被高估的螺纹钢新标,2018-09-05
螺纹钢：出现多空同增态势,2018-09-05
美国钢铁工人成为贸易战的受益者 钢铁价格上涨帮助工资谈判,2018-09-05
期镍领跌基本金属 受美元走强打压,2018-09-05
螺纹站稳4500！期钢涨回4100之上 钢价又要涨？,2018-09-05
铁矿石迎来阶段性做多机会,2018-09-05
铁合金月报：硅锰价格重心将下移 硅铁仓单压制难起色,2018-09-05
专题：供应预期增量压力明显 期镍进入寻底阶段,2018-09-05
金价短期仍存下行空间,2018-09-05
钢铁上市公司上半年利润大增,2018-09-04
以史为鉴 08年金融危机下的铜市场回顾及定价逻辑解析,2018-09-04
沪锌呈现减多增空态势 期价振荡重心或有所下移,2018-09-04
全球铁矿石供需格局步入新阶段,2018-09-04
宏观利空施压 铜价继续寻底,2018-09-04
利多因素渐退叠加宏观冲击 镍价调整暂延续,2018-09-04
上半年钢铁等三行业成长性突出 净利润同比增幅均超50%,2018-09-04
宏观面利空 沪镍期价颓势尽显,2018-09-04
多铜可能是个博弈,2018-09-03
智利国家铜业公司：上半年铜产量为87.5万吨,2018-09-03
Codelco：铜市场最糟糕情况可能已过去 因供应将短缺,2018-09-03
2018年7月基本金属市场回顾及后市展望,2018-09-03
短期内电解铝终端需求仍存？,2018-09-03
分析人士：铜价不具备大幅下跌基础,2018-09-03
被驯服的螺纹 下方还有多少空间？,2018-09-03
钢材需求预期偏乐观 限产效果现走弱迹象,2018-09-03
8月份国内钢铁PMI为53.4% 生产增速趋缓,2018-09-02
需求旺季将至 镍价能否突破震荡格局,2018-09-02
兰格炉料：铁矿石市场涨跌互现 后期市场延续盘整,2018-08-31
头条：期钢暴跌300钢坯跌130 下周钢市能反弹吗？,2018-08-31
本周行情回顾 | 钢材库存转增，螺纹钢领跌黑色板块,2018-08-31
螺纹厂库增加 热卷社库减少 卷螺差修复,2018-08-31
宏观市场逐步企稳 低库存推动锌价反弹,2018-08-31
铜供应仍然过剩 关注中美贸易谈判动向,2018-08-31
钢厂库存超预期 钢价回调仍未结束,2018-08-31
【锡早讯】期锡走势仍未有所突破,2018-08-31
是什么支撑沪锌月差加速扩大?,2018-08-31
利好集中释放推动氧化铝飞升 后市仍警惕四大因素,2018-08-31
有色行情向好 云南铜业上半年净利增长103.94%,2018-08-31
美元积弱难返 黄金“借机”上攻,2018-08-31
报告：消费迎季节性改善 成本向铝价传导更顺畅,2018-08-31
汪建华：9月钢价这样走,2018-08-31
高歌猛涨后！钢市为何“恐高”情绪蔓延？,2018-08-31
铜：内生与外生变量的抗衡,2018-08-31
跌！期螺大跌106！钢坯直降50 钢价会迎降价潮吗？,2018-08-31
8月的螺纹钢，一回调就限产，调戏完后还是败给了库存数据，九月怎么弄呢？,2018-08-30
黑色开始进入下跌阶段 | 今日复盘,2018-08-30
钢贸大佬话钢市：9月建筑钢材价格高位震荡 谨防回调,2018-08-30
lgmi:板带材精品信息推送（8.30）,2018-08-30
兰格炉料：铁矿石市场小幅调整 后期市场继续偏弱,2018-08-30
兰格钢铁明日定价参考,2018-08-30
美隔夜数据好于预期 沪铜近强远弱有望持续,2018-08-30
美元下跌未改期锡疲弱态势,2018-08-30
市场避险情绪有所缓解 基本金属运行分化,2018-08-30
期螺1810和1901合约走势最新动向！到底如何套利？,2018-08-30
3连跌！期螺玩跳水跌破4200 钢价下跌加速？,2018-08-30
成本端推升 沪铝期价重心逐渐上移,2018-08-30
钴业上半年依旧高增长 高镍低钴趋势影响几何？,2018-08-30
赵钰：8月铁矿石先扬后抑 9月会走出什么逻辑？,2018-08-29
兰格炉料：铁矿石市场波动运行 后期市场横盘调整,2018-08-29
现货保持升水 铜价仍将反弹,2018-08-29
季节性因素支撑 沪镍重心将继续上移,2018-08-29
螺纹钢调整后仍将上攻,2018-08-29
铝：地产独木尚可支？,2018-08-29
美对土钢铝加征1倍关税！中国钢材进出口有何影响？,2018-08-29
钢价还会承压下跌吗？分析师这样说！,2018-08-29
钢厂最高跌100！钢价这轮下跌是否会一跌到底？!,2018-08-29
不可忽视的废铜：进口政策持续加码,2018-08-29
头条： 合理回调过后 钢市偏强是大概率！,2018-08-28
兰格炉料：铁矿石市场稳中下跌 后期市场波动盘整,2018-08-28
尾盘翘尾的铝 是否有故事可讲？,2018-08-28
氧化铝价格周环比上涨7% 海外巨头罢工国内供给收缩,2018-08-28
螺纹偏强振荡 警惕利空累积,2018-08-28
沪镍：近期逻辑梳理和套利机会展望,2018-08-28
沪镍继续走弱 但低库存或使10.8万元关口有支撑,2018-08-28
智利铜业寻求突围之路,2018-08-28
警报！钢厂最高跌80 期螺大跌90 钢价开启全面下跌？,2018-08-28
供应充裕压制铁矿石期价 短期仍处于空头配置,2018-08-28
头条：“金九银十”钢材行情趋势如何？,2018-08-27
兰格钢铁明日定价参考,2018-08-27
兰格炉料：铁矿石市场整体调整 后期市场偏弱运行,2018-08-27
唐川林：钢材市场混沌成迷，后期能否柳暗花明？| 独家专访,2018-08-27
特朗普”通俄门”发酵，贵金属或迎反弹,2018-08-27
“金九银十”钢材行情趋势如何？,2018-08-27
基建投资增加对有色金属需求的影响,2018-08-27
日本7月钢材进口量同比下滑2%至68.8万吨,2018-08-27
【SMM铅早讯】沪铅高开低走 资金出逃迹象出现,2018-08-27
【锡早讯】美元走势承压 期锡震荡整理为主,2018-08-27
中美互征关税正式实施 内盘受影响较大 但低库存获支撑下方10.8万止跌,2018-08-27
钴价近4个月来首现上涨,2018-08-25
修复预期偏差 锌价出“坑”,2018-08-24
戴俊生：锌现货偏紧 价格反弹,2018-08-24
库存微降 成交低迷 成材震荡偏弱,2018-08-24
铁矿期货下跌走势明显 贸易商处观望态度,2018-08-24
铁矿石震荡走弱 关注板块带动性能否延续,2018-08-24
铁矿石：港口库存连续三周下降 国内精粉价格易涨难跌,2018-08-24
螺纹现高位回落 是涨到顶了吗？,2018-08-24
部分进口流入 三地锌社会较周初企稳,2018-08-24
业内解读：贸易战对中国金属是一针强心剂,2018-08-24
铝锭连续7天保持贴水50元/吨的节奏 原因为何？,2018-08-24
沪铅：消费萎缩是大趋势 铅价重心大概率下移,2018-08-24
沪镍空头力量不容忽视 期价在整数关口附近或有所反复,2018-08-24
需求、成本和汇率三大因素支撑 铁矿底部将进一步夯实,2018-08-24
原材料价格稳步走高 沪铝上冲15000元/吨一线,2018-08-24
铁矿石：核心矛盾未变 上涨基础不牢,2018-08-24
金价短期反弹可期,2018-08-24
镍价短期有望延续震荡,2018-08-24
镍供需偏紧 上行格局未改？,2018-08-23
铁矿石底部进一步夯实 期货长期贴水格局或迎来转机,2018-08-23
普京去美元决心如钢铁 俄罗斯7月黄金购买创年内新高,2018-08-23
锌的春天在哪里？,2018-08-23
国际黄金价格持续低迷,2018-08-23
多空因素交织 镍震荡中寻求突破,2018-08-23
镍矿港口库存累积 镍价承压,2018-08-22
钢价“涨声一片” 8月底或现回调,2018-08-22
沙钢大涨150元！螺纹再攀新高 钢价恐高吗？,2018-08-22
美元强势 黄金将继续探底,2018-08-22
沪锌上扬概率加大 可逢低买入,2018-08-22
螺纹钢多头力量略胜一筹,2018-08-22
风暴中的土耳其和黄金,2018-08-22
再论有色金属现实与预期的差距,2018-08-22
唐山环保加码 螺纹钢或强势震荡洗盘,2018-08-21
铝价迎来中线做多机会,2018-08-21
本周央行大戏上演！黄金能否夺回避险地位？,2018-08-21
本周钢价有望继续上行,2018-08-21
铜价暴跌20％至13个月以来低点 引发市场普遍担忧,2018-08-21
青海调研后：硅铁价格已近顶部？,2018-08-21
近期钢价或将震荡上行,2018-08-21
限产预期升温 螺纹钢期价创近7年新高,2018-08-21
基本面支撑 沪镍调整仍是做多机会,2018-08-21
繁华过后 回“硅”本真,2018-08-21
环保限产消息提振 热卷强势运行,2018-08-21
铜市仍在磨底之中,2018-08-21
供给压缩需求平稳 沪锌短期拐点真的出现了？,2018-08-20
钢价大涨 各行业如何受影响？,2018-08-20
金价低迷 为何对冲基金却仍在投资黄金？,2018-08-20
限产及成本支撑 铝价走势坚挺,2018-08-20
伊朗、土耳其、委内瑞拉目前状况解释了黄金真正价值,2018-08-20
期螺站稳4500 大方向仍将持续上涨,2018-08-20
警告！铜矿的未来或将出现重大转折,2018-08-20
7月国内市场钢材价格继续小幅回升 后期仍将呈小幅波动走势,2018-08-20
"河北确定今年退出钢铁产能1000万吨以上 全部出清""僵尸企业""",2018-08-20
钢铁行业：库存低位徘徊 钢价景气抬升,2018-08-20
居安思危：牛气冲天的钢价会被行政干预吗？,2018-08-20
避险硬通货黄金为何“软”了,2018-08-20
特别推荐：黄金开采成本,2018-08-20
基本面支撑 镍价长期趋涨,2018-08-20
对冲基金精准出击 金属大跌前空头仓位创记录新高,2018-08-20
房地产、制造业助钢铁量价创新高 下半年基建拉动效应待观察,2018-08-20
钢材需求旺盛 规模钢企沉稳应对秋季环保限产,2018-08-20
多家上市钢企盈利重返历史高点安阳钢铁中报业绩暴涨35倍,2018-08-20
螺纹突破4500！“金九银十”钢价或再涨攀新高！,2018-08-19
对话螺纹：沸腾的行情 简单的你,2018-08-19
国内钢价涨幅扩大 铁矿石市场涨跌不一,2018-08-18
宏观风云变幻起　铜锌套利正当时,2018-08-18
环保政策趋严 钢焦行业景气度提升,2018-08-17
宏观利空来袭 锌再成众矢之的,2018-08-17
一张图：铜/金比下测关键支撑，美债收益率或将见顶？,2018-08-17
铜价跌入熊市 澳大利亚生产商依然看好铜市预期,2018-08-17
贸易战缓解才是大宗商品的“最大出路”,2018-08-17
锌价短期弱势格局难改,2018-08-17
低库存支撑 钢价短期易涨难跌,2018-08-17
有色金属价格承压 铜锌期货创逾一年新低,2018-08-17
狂风卷积着乌云 有色全线下跌,2018-08-16
供给增加预期逐步兑现 锌价反弹空间有限,2018-08-16
金价暴跌、铜价跌入熊市土耳其危机让大宗商品“跌声一片”,2018-08-16
政策多管齐下 为钢需“补短板”,2018-08-16
镍价受累需求预期 阶段调整暂延续,2018-08-16
山西“最严限行”力度空前 钢价“寒冬”要来？,2018-08-16
钯金大跌逾7% 贵金属全线重挫,2018-08-15
“金九银十”螺纹钢价格或高位运行,2018-08-15
钢材价格走势关键看库存,2018-08-15
受美国钢铁禁令影响 印度政府拟开征钢铁进口税,2018-08-15
货币危机叠加库存大增 期锌破位下行,2018-08-15
螺纹市场仍有支撑 短期继续关注前高压力,2018-08-15
短期螺纹供需或维持紧平衡的状态,2018-08-15
螺纹期货建议偏多对待,2018-08-15
限产下产量缩减 短期内成材有支撑,2018-08-15
OPEC月报发布 铜罢工调停延长,2018-08-15
CFTC空头持仓创历史新高 黄金中期继续承压,2018-08-15
限产升级 螺纹钢需求淡季不淡,2018-08-15
政策利好钢铁行业 钢价保持高位运行,2018-08-15
下游采购能力较弱 沪镍短空持有,2018-08-14
Lgmi：从宏观看钢铁 钢需前景稳定可期,2018-08-14
唐山限产升级 支撑钢价走高,2018-08-14
投机客极度看跌！黄金空头持仓创历史新高,2018-08-14
四个理由告诉你 黄金接近底部反弹即将到来！,2018-08-14
沪铅继反弹后持续走弱 日内或难改弱势格局,2018-08-14
期镍或继续延续偏弱态势 重心下移,2018-08-14
螺纹钢高处不胜寒,2018-08-14
螺纹钢多头趋势未变,2018-08-14
环保冲击 螺纹钢强势运行,2018-08-14
钢结构装配式产业抢先落地河南正阳,2018-08-14
螺纹钢或将进行方向选择,2018-08-13
螺纹钢：供应顶需求底,2018-08-13
野蛮上涨钢坯突破3950元 钢价不恐高？,2018-08-13
美元创一年新高 期镍或继续承压 偏弱震荡,2018-08-13
美铝突发罢工 铝价上涨空间开启,2018-08-13
唐山:“去产能”开始拆除设备 首批淘汰钢铁产能134万吨,2018-08-12
国内钢价涨幅收窄 铁矿石市场整体上行,2018-08-11
锰渣处理难达环保要求 锰厂停产何时能够恢复？,2018-08-10
如何跳出锌市怪圈-冶炼厂与矿山的博弈何时休？,2018-08-10
高盛：相比钢铁价格 铜价有更大的上升空间,2018-08-10
美国铝业称罢工不会影响生产 韦丹塔暂停在赞比亚的铜矿业务,2018-08-10
美铝西澳工人罢工利多期价 沪铝有望偏强运行,2018-08-10
铁矿石期货建议震荡对待,2018-08-09
受钢材偏弱震荡影响 短期盘面存在回调风险,2018-08-09
短期铁矿石价格高位震荡 关注下方500点支撑,2018-08-09
矿石价格不断上涨 期货市场观望情绪浓厚,2018-08-09
库存处于低位 螺纹钢维持强势,2018-08-09
铅：反弹预期有限 维持逢高沽空的操作,2018-08-09
【铁合金】短期供需偏紧 期现共振上行,2018-08-09
"10家钢厂齐涨！突发限产 限电,钢价能否涨上4500？",2018-08-09
低库存支撑 镍价有望震荡偏强,2018-08-09
河钢、嘉吉达成200万吨铁矿石基差贸易框架协议,2018-08-09
螺纹、热卷试空,2018-08-08
黑色系狂飙：国际铁矿石价格逼近70美元,2018-08-08
LME和国内低库存支撑 镍价重心继续上修,2018-08-08
预期背离现实 有色金属还能“红”多久,2018-08-08
加工费如期上调 锌价上方空间有限,2018-08-08
铁矿市场存在支撑 短期谨慎看空,2018-08-08
116亿资金进场推涨 螺纹钢领衔多品种商品创新高,2018-08-08
铁矿石市场延续上涨 后期价格高位震荡,2018-08-07
环保扎堆 期螺上触6年高点 钢市还要任性多久？,2018-08-07
矿山供给预期增加 锌价面临回调风险,2018-08-07
库存下滑成本上移 铝价有望逆势走高,2018-08-07
8月份钢企盈利仍然可观,2018-08-07
铁路投资领跑基建回暖 今年有望超出原计划重返8000亿,2018-08-07
镍：废不锈钢产业链调研情况分析,2018-08-07
LME和国内低库存支撑 镍价持续触底反弹,2018-08-07
LME期铜进一步回落 因经济成长忧虑,2018-08-07
铝价具备做多安全边际,2018-08-07
工业金属的两极分化：铜价低迷 铁矿石却创5个月新高,2018-08-06
风险仍存 白银多单持有,2018-08-06
铁矿石巨头扩产为哪般？,2018-08-06
“铅炭电池”概念横空出世 多家储能公司已提前布局,2018-08-06
铜矿劳资谈判催化行情发动 多数人看涨铜价,2018-08-06
中美贸易战依旧阴云密布 镍价重心或低位区间震荡,2018-08-06
澳大利亚铁矿石走到尽头？中国矿企翻身做主 半年利润超百亿！,2018-08-06
镍价上攻时机尚不成熟,2018-08-06
行情解读 | 人民币贬值，09合约贴水修复，矿石夜盘拉涨超5%,2018-08-06
期货经典案例：住友铜事件,2018-08-05
对话螺纹：无限风光在“险”峰,2018-08-05
【黄金市场周报】美国经济强劲，强化加息预期,2018-08-03
兰格炉料：铁矿石市场先涨后跌 后期市场小幅调整,2018-08-03
兰格报道：8月钢市可期 后市风险有所加大,2018-08-03
兰格钢铁明日钢市定价参考,2018-08-03
头条：钢材市场四大宏观利好,2018-08-03
上海铁矿石产业调研纪要：重点关注汇率和溢价变化带来的交易机会,2018-08-03
智利铜矿罢工 推荐多铅空镍,2018-08-03
发改委：钢铁行业违法违规建设产能行为还没完全杜绝,2018-08-03
沪锌反弹或将受限 短期不宜追高,2018-08-03
二季度全球黄金需求同比下降4%,2018-08-03
全球最大铜矿威胁罢工 但未能阻止铜价跌势,2018-08-03
镍阶段调整未尽 长线上涨未改,2018-08-03
硅铁：持续扩仓 上演“挤水分”行情,2018-08-03
下半年钢价有望走高,2018-08-03
期市高位拉锯 螺纹钢变涨跌“急先锋”,2018-08-03
全球最大铜矿威胁罢工 但未能阻止铜价跌势,2018-08-03
全球最大铜矿威胁罢工 但未能阻止铜价跌势,2018-08-03
环保增强扰动 政策引导铁合金价格,2018-08-02
为什么中国钢铁产量依然在创新高？,2018-08-02
贵州铝调研—占交通之利 享矿石之优,2018-08-02
高盛：6月中国钢铁日均产量创历史新高,2018-08-02
COMEX期铜收跌 因中美贸易战忧虑加重,2018-08-02
铜矿罢工那些事：为什么动不动就罢工？与铜价行情的传导机制是怎样的？,2018-08-02
沪铝冲高底气不足 遇回调逢低买入,2018-08-02
镍价中长期向好 有望震荡上行,2018-08-02
弱宏观背景下 “熊心”还在,2018-08-01
铁矿石价格整体稳中上涨,2018-08-01
量价齐升 中国钢厂的美好时光,2018-08-01
Escondida铜矿工会工人计划至少停工30天,2018-08-01
量价齐升 中国钢厂的美好时光,2018-08-01
利好驱动 沪铅有望走强,2018-08-01
螺纹钢多头减持幅度较大 期价涨势或未停止,2018-08-01
宏观、环保齐发力 铝价震荡偏强,2018-08-01
铁合金月报：放量冲高的铁合金背后 究竟有哪些逻辑依据？,2018-08-01
上海期镍上半年成交量翻一番 直逼LME但难撼其主导地位,2018-08-01
政策支撑市场心态螺纹钢资金借势逼仓,2018-08-01
头条：7月钢铁流通业PMI明显回升 钢材需求放量,2018-07-31
lgmi数据看市：回升！七月福利 热卷的艳阳天,2018-07-31
兰格炉料：铁矿石市场涨跌互现 后期市场波动调整,2018-07-31
智利铜矿罢工忧虑 铜价偏强运行,2018-07-31
成本飙升 铝企现亏损大面积关停是否属实？,2018-07-31
环保加码助力钢价走高 螺纹连续上攻创近一年来新高,2018-07-31
宏观风险可抵御 伦铜修复性反弹,2018-07-31
张晓刚谈改革开放40年中国钢铁工业的经验教训和未来之路,2018-07-31
LME期铜下挫 因中国需求忧虑盖过铜矿罢工威胁,2018-07-31
基差修复行情接近尾声 螺纹钢短期或见顶,2018-07-31
金银比长线唱多 黄金进入长线买入时点,2018-07-31
2018年下半年铁矿石投资报告：整体依旧处于主动去库存的状态,2018-07-31
瑞达期货：沪铝逆势上涨 因国内库存持续减少,2018-07-30
常州市钢铁企业限产清单影响分析,2018-07-30
期钢暴涨400 钢坯冲3800 钢价要一飞冲天？,2018-07-30
李晓：已破4100，螺纹表示我还能战,2018-07-30
铅锌领跌 沪镍高位回落,2018-07-30
锌库存上10万金属偏弱 钢企利润大涨加大扩产风险,2018-07-30
沪伦比持续修复 流动性释放难阻铜材消费转弱,2018-07-30
沪锡基本面逐渐改善 中长线涨势可期,2018-07-30
黑色系行情继续关注环保推动力 期螺买点在3900-3920区间,2018-07-30
本周黄金市场分析及未来展望,2018-07-30
国内钢价小幅上涨 铁矿石市场偏强运行,2018-07-30
下半年宏观经济对有色金属影响中性偏多,2018-07-30
螺纹 我在山顶等你,2018-07-30
不锈钢库存累积 镍价调整压力增加,2018-07-27
LME基本金属持稳 受助于美欧贸易协议希望,2018-07-27
贸易战忧虑缓解 基本面向好 期镍或继续向上修正,2018-07-27
有色金属多数飘红整体走势较弱 沪铜小涨四连阳险守万五关口,2018-07-27
MountPolley铜矿或将结束八周罢工 中央环保督察“回头看”将持续,2018-07-27
钢铁业运行稳中向好 七大问题亟待解决,2018-07-27
7家钢厂齐涨！库存大降35万吨，钢价还能涨？,2018-07-27
段戊：7.26继续顺势最多看涨 今日黄金操作建议,2018-07-27
铁矿石价格持续走低 巨头淡水河谷寻多元化发展,2018-07-27
宏观利空不改 铜价承压难反弹,2018-07-26
黄金不涨反跌 交易员直呼“看不懂”,2018-07-26
供给过剩的电解铝是否迎来底部回升,2018-07-26
螺纹钢期价存下跌动能,2018-07-26
弱需求下COMEX铜期货期权交易策略,2018-07-26
双焦产业专家最新解读：环保限产 双焦再现曙光,2018-07-26
下半年采暖季限产影响 沪铝将走出阶段底部,2018-07-26
市场需求有望逐步放量 8月份钢市仍将高位震荡,2018-07-26
持仓分析：螺纹钢 多头更胜一筹,2018-07-26
看空逻辑已生变 铁矿石补涨可能性加大,2018-07-26
钢协会长于勇：钢铁业下半年将有“6大动作”,2018-07-26
干货！钢市下半年走势最新预测，分析师说…,2018-07-26
涨！期螺再破4000！钢价4235再攀高点，没涨够？,2018-07-26
工信部发污染防治行动计划 今年再压减钢铁产能3000万吨左右,2018-07-26
上半年钢铁行业利润同比增长超1.5倍,2018-07-26
严防新增产能成为钢铁去产能首要问题,2018-07-25
上半年钢铁行业利润同比增长超1.5倍,2018-07-25
反弹进入尾声 有色多单止盈离场,2018-07-25
中报观察：钢铁行业高盈利+低估值 去年年中行情会否重演,2018-07-25
钢铁股的演变：本轮上涨的逻辑 以及未来可能的两个阶段,2018-07-25
被贸易战害惨了 钢铝关税支持者美国惠而浦股价创1987年来最大跌幅,2018-07-25
工业金属价格节节败退原因为何？何时方休？,2018-07-25
俄铝事件扰动市场 铝价二季度先涨后跌,2018-07-25
空调消费强劲 但8月铜管开工率或出现季节性回调,2018-07-25
智利下调铜价预期 BHP提高Escondida薪资谈判条件避免罢工,2018-07-25
避险资产获益 白银上探3800元/千克,2018-07-25
金属市场哀鸿遍野对冲基金疯狂逃离 顶级投行押注这个金属将绝地爆发,2018-07-24
Escondida合同到期罢工风险上升 6月氧化铝出口创历史新高,2018-07-24
铜价成功突破十日均线 将测试49000元关口,2018-07-24
技术解盘：铁矿石振荡上行 螺纹钢看高一线,2018-07-24
“蓝天白云保卫战”助钢价淡季上扬,2018-07-24
钢产量连创新高！到底高不高？看库存就知道了！,2018-07-23
螺纹攀高至4223！期钢站稳4000 钢价涨声再起！,2018-07-23
投行：美元涨势失去动力 黄金上涨大门或打开,2018-07-23
宏观面基本面前景依然不明 多数人看好铜价走势,2018-07-23
助力钢铁企业有效运用期货市场,2018-07-23
下半年铜基本面及其展望,2018-07-22
半数钢铁公司预增下限超100%,2018-07-20
金属全绿伦铜一度跌破六千 46家有色企业上半年业绩预喜,2018-07-20
沪锌：空头力量不容忽视,2018-07-20
多家上市公司加码再生铅业务 未来面临原料供应不足问题,2018-07-20
资金面偏紧 淡季将至钢价趋弱,2018-07-20
镍价中长期涨势可期,2018-07-20
纽约金价19日下跌,2018-07-20
伦铜一度跌穿6000美元大关 “铜博士”怎么了,2018-07-20
上半年钢价大幅上涨 19家钢企预计净利大增,2018-07-20
锌精矿供应预计增长 但冶炼产能受限或将提振锌价,2018-07-19
花旗：准备好迎接铜价爆发的十年,2018-07-19
锡市上半年盘点：挖掘锡市两次大动荡背后的逻辑链条,2018-07-19
被低估的钢铁龙头,2018-07-19
两部门：今年全面放开煤炭、钢铁等4行业用户发用电计划,2018-07-19
锌：半年时间跌幅7000点 论如何优雅地“逼仓”？,2018-07-19
低库存起作用 沪锌大概率探出低点,2018-07-19
沪镍空头打压意愿不强,2018-07-19
供应干扰率显著低于预期 沪铜中期弱势基调难改,2018-07-19
突发事件刺激铝价频繁波动企业试水套保、期权规避风险,2018-07-19
“去产能＋环保限产”下粗钢产量为何连创新高？,2018-07-19
美国商务部对铀矿石和铀产品进口启动“232调查”,2018-07-19
沪锌反弹 领涨有色,2018-07-18
“去产能＋环保限产”下 粗钢产量为何连创新高？,2018-07-18
下一个市场主线 至暗时刻的钢铁反击？,2018-07-18
供需面支撑 镍价下行有限 沪镍或10.9万关口偏弱运行,2018-07-18
短期基本面良好 螺纹钢近月合约相对强势,2018-07-18
下半年供应预计宽松 沪铜反弹空间有限,2018-07-18
消费淡季成本上移 沪铝低位整理,2018-07-18
消费淡季供应增加 沪锌走势偏弱,2018-07-18
如果有色反弹 谁会是第一个？,2018-07-17
宏观利空环境及二季度数据疲软 导致镍价跌破11万关口,2018-07-17
惊弓之鸟!数据不佳金属普跌伦锌跌逾4% 沪锌跟随大跌,2018-07-17
沪铜严重超卖 或可试探性买入？,2018-07-17
7月份的铜价超跌了吗？,2018-07-17
数据不及预期 有色走势低迷,2018-07-16
金属镍的季节性分析,2018-07-16
今日财经数据前瞻：关注日内财经数据 基本金属或将延续震荡分化,2018-07-16
从年亏200亿到净利首次转正 中铝开启第二轮加减乘除,2018-07-16
中国6月铁矿石进口环比降约12% 因环境整治及库存增加,2018-07-16
铜价：中期配置机会来临,2018-07-16
征税对有色金属市场的影响,2018-07-16
国内钢价小幅上涨 铁矿石市场处震荡行情,2018-07-14
兰格权威发布：国内中小钢厂高炉开工率下降,2018-07-13
兰格炉料：铁矿石市场盘整运行 后期市场延续盘整态势,2018-07-13
lgmi:板带材精品推送（7.13）,2018-07-13
兰格钢铁明日钢市定价参考,2018-07-13
头条：环保助力期螺创年内新高 下周钢价大概率冲高回落,2018-07-13
环保助力期螺创年内新高 下周钢价大概率冲高回落,2018-07-13
快讯：徐州钢厂开始全面复产,2018-07-13
高盛：因贸易担忧 大幅下调铜价预测,2018-07-13
期螺冲刺4000 钢价强势涨至4183或再攀高,2018-07-13
需求增量有限 下半年铜价运行中枢将下移,2018-07-13
镍半年报：消费弱于市场预期 镍价升速或将放缓,2018-07-13
钢铁库存去化阶段再度确认 螺纹大涨续创新高,2018-07-13
螺纹旺季行情即将启动！,2018-07-13
头条：环保再袭 武安线材有潜力,2018-07-12
兰格钢铁明日钢市定价参考,2018-07-12
兰格炉料：铁矿石市场震荡调整 后期市场低位震荡,2018-07-12
有色金属价格狂跌 铜、铅、锌跌至年内最低......,2018-07-12
操作机会集锦 | 金属板块下半年能否再现明星品种？,2018-07-12
铜价的季节性分析,2018-07-12
中国有色协会:中国对美铝板铝箔月出口降三分之二,2018-07-12
调查发现黄金在澳大利亚有广阔的需求增长潜力,2018-07-12
精矿供给增量明确 锌价跌停冲击整数关,2018-07-12
大宗商品大屠杀 铁矿石成了幸存者,2018-07-12
限产背景下 螺矿比能否再上新台阶？,2018-07-12
美第二轮关税征收伊始 有色金属全面承压,2018-07-12
贸易战“加速升级” 有色“受惊”全线重挫,2018-07-12
贸易战第二回合开启——沪锌哆哆嗦嗦触跌停 沪铜痛失逾6亿资金,2018-07-12
供应收紧叠加需求稳增 镍价长牛进行时,2018-07-12
贸易战加速升级 铜价再度重挫,2018-07-11
有色延续跌势 沪锌一度跌停,2018-07-11
兰格炉料：铁矿石市场小幅调整 后期市场震荡调整,2018-07-11
兰格钢铁明日钢市定价参考,2018-07-11
江西蓄企环保减停产 再生铅炼厂复工再推迟,2018-07-11
下半年钢市或高位波动,2018-07-11
7月份钢企盈利有望维持高位,2018-07-11
上半年钢铁行业运行呈现四大特点,2018-07-11
内外盘金属期货集体重挫，沪锌跌停，LME铜跌3.8%,2018-07-11
贸易战阴云笼罩 铜后市如何演绎,2018-07-11
黄金避险需求提升 短期金价或振荡偏强,2018-07-11
多空因素交织 铁合金市场波动加剧,2018-07-11
贸易战“施压” 下半年锌价“步履维艰”,2018-07-11
锰硅/硅铁半年报：环保风险重重 合金中枢上移,2018-07-11
铝半年报：危中藏机 择时做多,2018-07-11
复盘+展望：从产业链角度看黑色市场表现,2018-07-11
论螺纹需求的预期 今日或反弹动能衰竭,2018-07-11
汪建华：不排除部分黑色品种创年内新高的可能性,2018-07-10
数据看市：7月开局中厚板跌幅加快 后市谨慎偏空,2018-07-10
数据看市：关税开征 唐山限产 短期价格震荡趋弱,2018-07-10
贸易战情绪缓解 有色走势分化,2018-07-10
限产限出新高度 黑色的行情龙头还是螺纹,2018-07-10
河北唐山：今年将压减钢铁产能781万吨,2018-07-10
金属早餐：金属全线反弹唯锌一蹶不振 唐山钢厂或再限产,2018-07-10
钢厂最高大跌100 期螺涨破3800 钢价跟谁走？,2018-07-10
黄金：特朗普明暗三线挑战全球 薪资增速成关键前置指标,2018-07-10
从镍产业链四大框架看镍市后续走向,2018-07-10
lgmi兰格权威发布：国内中小高炉开工率下降,2018-07-09
中铁建北京集采中心首次通过兰格集采平台完成7.2万吨钢筋招标,2018-07-09
兰格钢铁：明日钢市定价参考,2018-07-09
伦铜料创2015年以来最大单周跌幅！过去一个月暴跌逾1000美元,2018-07-09
你竟然还不知道“蓝天保卫战”对钢厂都有哪些影响？,2018-07-09
成交淡 心态忧 钢价还要弱多久——周一钢市早知道,2018-07-09
铁矿石已见市场底部 潜在补涨行情值得耐心等待,2018-07-09
铝半年报：产业利润压缩有限 中期反弹仍可期,2018-07-09
库存说 钢价短期震荡,2018-07-09
国内钢价延续跌势 铁矿石市场稳中趋弱,2018-07-09
周蕾：中美贸易战兑现，沪锌还会继续大跌吗？| 独家专访,2018-07-07
钢厂最高下跌100 钢价最新“风向标”抢先看！,2018-07-07
可能是目前最全的铜镍产业链解析（附后市展望）,2018-07-07
螺矿卷半年报：定数非变数 熊市非牛市,2018-07-07
铁合金半年报：环保增强扰动 政策引导价格,2018-07-07
需求隐忧渐增 铜价震荡转弱,2018-07-07
空头继续打压的意愿不强 沪锌后市有望止跌,2018-07-06
深度剖析唐山为何率先执行“超低排放限值”,2018-07-05
淡季不淡的螺纹：盘面十字星 短期价格有支撑,2018-07-05
7月6日临近 全球基本金属受惊,2018-07-05
螺纹钢上下空间有限 在3700元/吨以下逢低做多,2018-07-05
供“强”需“弱”宏观拖累沪铜或走弱,2018-07-05
镍半年报：结构分化延续 浅近虑深远忧,2018-07-05
短期现货撑持难敌长期精矿供应 锌价跌势又至,2018-07-05
汇率变化有色金属相对外盘展开补跌,2018-07-05
沪镍调整将持续,2018-07-04
螺纹钢 主力观望心态较浓,2018-07-04
贵金属半年报：度过二季度的低谷 贵金属有望恢复震荡上行,2018-07-04
回升空间有限 沪铅追高需谨慎,2018-07-04
铂金跌至十四年低点 贵金属遭强势美元重创,2018-07-03
LME锡库存持续增长 伦锡走势依然承压,2018-07-03
头条：环保vs黑色大跳水 钢市走向你更偏向哪一方？,2018-07-02
兰格报道：七月钢市将偏弱运行,2018-07-02
兰格钢铁：明日钢市定价参考,2018-07-02
兰格炉料：铁矿石市场震荡调整 后期市场盘整运行,2018-07-02
成功预测QE的传奇人物警告：全球即将面临又一个“雷曼时刻”！,2018-07-02
利率涨，黄金跌，这种情况还能持续多久？,2018-07-02
两张好图——黄金牛市的最重要指标已经出现！,2018-07-02
这些有色金属 2018下半年要涨价了,2018-07-02
发改委：5月铜、电解铝、铅价格上涨 锌价格下跌,2018-07-02
下半年废钢行情上涨仍可期,2018-07-02
整理12家机构报告，螺纹、双焦、铁矿多空的核心矛盾点都在这里了,2018-07-01
黄力晨：避险资金加速涌向美元 黄金遭遇集体抛售,2018-06-29
金价7月前瞻：继续破位还是低位反弹？,2018-06-29
金价如此低迷的不可忽视因素：中国！,2018-06-29
摩根士丹利上调铁矿石预期 明年目标价61美元,2018-06-29
沪铜涨势未止 等风来,2018-06-29
利空释放殆尽 期锌觅得技术支撑 短期有反弹需求,2018-06-29
环保限制铅供应 低库存助力铅价上涨,2018-06-29
黄金超跌两大推手： 无息资产劣势“凸显” 新兴国家套现干预汇市,2018-06-29
跌！10家钢厂齐降 钢价下跌潮何时停？,2018-06-28
技术解盘：沪铜死叉再现 热卷或有反弹,2018-06-28
持仓分析：沪镍多空力量相对均衡,2018-06-28
铁合金：关注套保机会的显现,2018-06-28
梅雨季来临 螺纹钢价格7月下行概率较大,2018-06-28
焦炭、螺卷纷纷创出近期低点 徐州复产有这么大的杀伤力吗？,2018-06-27
降价潮席卷全国！钢价跌至4130 钢市入夏有点“冷”！,2018-06-27
基本面利好 沪铅短期强势可期,2018-06-27
黑色系跌跌不休 恐慌溅起,2018-06-27
硅铁：狂欢之中冷静何时出现？,2018-06-27
澳大利亚矿企发力高品质铁矿石开采 产量及出口量将再创新高,2018-06-27
一大传闻得到澄清 期螺巨震“250”钢市“凉凉”响起,2018-06-26
七月钢招将来临 铁合金价格现分化,2018-06-26
从供需错配上讲政策市下的钢材,2018-06-26
7000亿资金释放！钢价跌破4200 跌势难止？,2018-06-26
淡季临近沪铝承压 短期仍将偏弱运行,2018-06-26
锌：市场情绪悲观 做空逻辑不变,2018-06-26
钢市7月危机重重？3月份暴跌或不再现！,2018-06-25
大宗商品专家朱亚伟：此次降准对金属不会有太大影响,2018-06-25
2018年下半年策略报告——经济环境堪忧 有色金属仍需韬光养晦,2018-06-25
硅铁：从需求端出发分析硅铁产量,2018-06-25
6月铜价经历“过山车”行情 后市走势将如何？,2018-06-25
钢铁商品股价与现货出现多品种、全面分化 未来会如何修复？,2018-06-25
镍价高位振荡 关注上方120000元/吨一线的压力,2018-06-25
从产业链角度看镍市发展趋势,2018-06-23
兰格炉料：铁矿石市场小幅调整 后期市场延续盘整态势,2018-06-22
兰格报道：高位承压 7月钢市需警惕风险,2018-06-22
头条：期钢暴跌+库存拐点显现 后期钢价走向何方？,2018-06-22
美钢铝关税已征逾7.75亿美元 菲批准23个矿山评估,2018-06-22
美元或承压偏弱运行 基本金属整体偏弱或延续,2018-06-22
沪镍：建议关注三季度投资机会,2018-06-22
兰格钢铁：明日钢市定价参考,2018-06-21
WTO六位成员起诉美国钢铝关税 蓝天保卫战三年行动计划将实施,2018-06-21
中美贸易战悲观情绪缓解 镍价或区间震荡,2018-06-21
技术解盘：螺纹钢获得支撑 铁矿石再度寻底,2018-06-21
铜价不具备大幅下跌基础,2018-06-21
兰格炉料：铁矿石市场稳中下行 后期市场弱势盘整,2018-06-20
lgmi数据看市：国内热卷检修增 库存增 后市价格谨慎乐观,2018-06-20
兰格钢铁：明日钢市定价参考,2018-06-20
中美贸易战持续升温 镍价重心继续下移,2018-06-20
贸易阴云压城股市、金属期市惨遭浩劫 易纲发文理性看待股市下跌,2018-06-20
贸易摩擦继续升级 铜价维持宽幅运行,2018-06-20
【铁矿石】限产抑制需求 铁矿承压运行,2018-06-20
冲高之后，沪镍涨势能否持续？,2018-06-20
受伦锌深跌拖累 日内期锌或低开,2018-06-19
隔夜财经数据评论：中美贸易争端战火重燃 基本金属分化多数走低,2018-06-19
中美贸易摩擦白热化金属普遍大跌 特朗普威胁再加2000亿美元商品新关税,2018-06-19
美钢铝关税政策引发各界忧虑,2018-06-19
铁矿石：可在450—470元/吨内高抛低吸,2018-06-19
铝价缺乏持续走高动力,2018-06-19
国内钢价小幅上涨 铁矿石市场震荡运行,2018-06-16
专题报告 | 下半年黑色金属走势的核心逻辑和驱动力,2018-06-15
供应趋紧 沥青有望进一步走强,2018-06-13
基本面改善 沪铝重心上移,2018-06-13
5月份中国出口钢材同比降1.4%,2018-06-12
中信集团收购艾芬豪矿业20%股权 进军刚果金最优质铜矿,2018-06-12
锌价强势走高 日内或尝试再测3200整数关口,2018-06-11
【SMM金属早餐】进口增限制铜价跌势 进口锌流通增多,2018-06-11
钢材库存降速大幅收窄 你慌了吗？,2018-06-08
黑金日评：永安疯狂做多黑色 夜盘双焦或将上行,2018-06-08
镍价直上九万里 主因环保大风起？,2018-06-08
铜：蛰伏 爆发,2018-06-08
分析人士：金价上行缺乏强力支撑,2018-06-08
沪铝底部雏形初显 后市仍较看好铝市,2018-06-08
铁矿石多头目标不宜过高,2018-06-08
锡：价格大幅波动背后是基本面过剩还是短缺？,2018-06-08
铝：繁华落尽 回归现实,2018-06-08
利空逐渐释放 铜价有望反弹,2018-06-08
铁矿石需求将有所减弱 价格难以大幅上涨,2018-06-08
库存下降支撑期螺价格走高 后市需警惕需求不足,2018-06-08
供给风险预期再度转强 铜长牛故事能否续写下去？,2018-06-08
"涨！8大钢厂齐涨！全国钢价“一片红火”,还要涨！",2018-06-08
沪铜六连涨创近五个月新高四因素支持铜类上市公司崛起,2018-06-08
四优势支撑钢铁板块强劲反弹“双底”吸引近10亿元大单抢筹,2018-06-08
行业盈利仍处高位 钢铁股迎来反弹,2018-06-08
环保督查下6月份钢企盈利能否继续攀升？,2018-06-07
螺纹钢吨钢赚700 钢坯冲3700 钢价涨势未停！,2018-06-07
沪镍价格创新高 多空增持幅度接近,2018-06-07
锌价涨升空间受限 可试探性买入,2018-06-07
中铝加码“铜战略” 特罗莫克铜矿扩建计划启动,2018-06-07
铜：劳工谈判是导火索 铜价再现牛市行情,2018-06-07
连续大涨突破53000 铜矿供应担忧再度袭来,2018-06-07
三大因素助有色金属板块上攻,2018-06-07
钴价“急刹车”创年内新低 有望迎来补库行情,2018-06-07
期螺创反弹新高 环保推动钢价涨势能延续多久？,2018-06-06
六月份国内钢铁市场震荡趋弱,2018-06-06
宏观利好 提振钢市信心,2018-06-06
铁矿期价受辽宁本溪铁矿事故影响继续拉涨,2018-06-06
又是罢工带来的“涨声”：伦铜大涨近2% 刷新2月以来高点,2018-06-06
有色金属中的新“锡”望,2018-06-06
环保组进驻全国10省 期钢逼近3750 钢价蓄势待涨？,2018-06-06
供应偏紧而需求转好 沪铅上攻动能充足,2018-06-06
需求端表现良好 螺纹钢高位振荡,2018-06-06
镍铁补涨接棒不锈钢上涨 助推镍价步步登高,2018-06-06
环保再发酵 逾6亿资金强势回归 钢市后期风险加大,2018-06-05
关于锡1809合约“被逼仓”可能性分析,2018-06-05
锌专题：全产业链月度分析 现货升贴水为试金石？（附策略）,2018-06-05
金属早餐：美国铝业短线飙升 中国铝业启动秘鲁13亿美元的铜矿扩建计划,2018-06-05
黄金投资渠道及创新,2018-06-05
低库存！紧资金！钢价跌至4145 反复拉锯……,2018-06-05
技术解盘：螺纹钢冲高回落 铁矿石量能萎缩,2018-06-05
环保叠加库存下滑支撑镍价走高,2018-06-05
铁矿石期货国际化一个月 51家境外客户参与交易,2018-06-05
反弹结束？钢市下一步走向何方！,2018-06-04
国内钢价小幅上涨 铁矿石市场基本平稳,2018-06-04
供应增量有叠加库存下滑 镍价维持强势格局,2018-06-04
产业进入环保执行补短板深水期 空头时间被压缩警惕“空间换时间”,2018-06-04
华东一路领涨 库存一降再降 钢价剑指4200？,2018-06-04
钢铁研报：道与术-剩者为王,2018-06-04
钢厂陆续复产 铁矿石后市向好,2018-06-04
铁矿石期货国际化“满月” 实现平稳起步,2018-06-04
铁矿石期货国际化“满月” 51家境外客户参与,2018-06-04
锰硅/硅铁：喧嚣过后 从哪来回哪去,2018-06-01
结构利多凸显 镍价阶段偏强,2018-06-01
铝价仍处于区间震荡 上涨乏力（暂无近虑 却有远忧）,2018-06-01
铝市内外比价将持续走低,2018-06-01
需求旺盛 4月钢煤产量同增,2018-06-01
发改委：4月份钢铁行业运行情况,2018-05-31
发改委：4月份有色金属行业运行情况,2018-05-31
国内有色行业有望继续向好业内专家看好铜、镍、铅等品种,2018-05-31
持仓分析：铁矿石 空头力量不容忽视,2018-05-30
螺纹钢基本面弱势不改,2018-05-30
沪铅后期下行概率较大,2018-05-30
避险需求较弱 黄金短期或继续调整,2018-05-30
基本面分化 多铝空锌正当时,2018-05-30
全球黄金市场仍存风险,2018-05-30
包钢股份去年赚20亿 高管集体增持仍跌进1元仙股行列,2018-05-29
风光过后的铅后市该如何演绎 （附套利分析）,2018-05-29
社会库存下降&冶炼厂检修 锌价连续上涨,2018-05-29
钢市争议在于需求下行速度 交易热卷比螺纹有利,2018-05-29
铅价调整后将继续走高 可逢低买入,2018-05-29
世界金矿产量临近瓶颈 金价长期看多取得一致预期,2018-05-29
中铝“入滇” “大有色”战略或已重启,2018-05-29
贵金属 难现趋势性行情,2018-05-28
伦敦金属交易所将推出人民币计价金属期货产品,2018-05-25
印度最大的铜冶炼厂或关闭 铅产品价格涨至年内新高,2018-05-25
沪镍偏强运行，刷新三年高位,2018-05-25
一个钢贸商眼中的建材世界——从宏观到基本面，再到技术分析,2018-05-25
螺纹钢价格或进一步下探,2018-05-25
铜能否成为下半年最有上涨潜力的金属？铜期权有什么关键点？锌的供需矛盾能否缓解？,2018-05-25
【铁合金】供求平衡趋松 铁合金回落整理,2018-05-25
兰格钢铁网2018河南地区钢材市场研讨会成功举办,2018-05-24
兰格炉料：铁矿石市场小幅波动 后期市场或以坚挺为主,2018-05-24
美或对进口汽车征收25%关税 废铜供应持续紧张,2018-05-24
LME期铜创近一个月最大单日跌幅 因中美贸易乐观情绪消退,2018-05-24
兰格钢铁：明日钢市定价参考,2018-05-23
Lgmi：从中德工业4.0合作看中德钢铁贸易发展,2018-05-23
【中信钢铁唐川林团队】华东黑色调研第一站：水泥订单6月边际下滑明显 | 调研特辑,2018-05-23
从风头无两到颓势难掩 当前的铜价正透露出怎样的信号？,2018-05-23
期价跌破振荡区间 铁矿石空头减持幅度较大,2018-05-23
螺纹钢：关注扩大内需预期能否实现,2018-05-23
铜市：不具备走牛基础,2018-05-23
钢材：需求转弱决定价格下行趋势,2018-05-23
美元小幅回落 铜价重心上抬,2018-05-22
沪铅涨逾3%库存或将续降 上合组织峰会召开金属行业有何影响,2018-05-22
今日财经数据前瞻：今日财经数据清淡 基本金属或将延续震荡偏强,2018-05-22
兰格钢铁：明日钢市定价参考,2018-05-21
头条：中美止戈贸易战 利好落地变利空？钢市下跌模式要开启？,2018-05-21
铁矿石短期上涨空间甚佳,2018-05-21
钢结构建筑钢材回收率达九成，装配式建筑迎来风口,2018-05-21
中美达成协议停打贸易战 LME考虑免除对俄铝部分产品的制裁,2018-05-21
产业早报 | 中美贸易战不打了，谁涨谁跌？铜逢低备货 镍关注高位表现,2018-05-21
第一批资源枯竭代表城市！个旧：延伸锡产业 促进资源循环利用,2018-05-21
兰格炉料：铁矿石市场小幅波动 后期市场震荡调整,2018-05-18
库存偏低 铅价将重拾涨势,2018-05-18
持仓分析：沪铝 期价有望再上新台阶,2018-05-18
沪镍 多空争夺将更加激烈,2018-05-17
锌价中期上涨高度受限,2018-05-17
基差贸易打造铁矿石定价新模式,2018-05-17
锌：产业周期更替 风险大于潜在回报,2018-05-17
莫被“环保”冲昏了脑 钢市危险系数逐渐高,2018-05-17
钢坯涨至3610 钢价最新“风向标”抢先看,2018-05-17
兰格炉料：铁矿石市场稳中回落 后期市场或有上涨可能,2018-05-16
兰格钢铁：明日钢市定价参考,2018-05-16
基本面支撑 锌价短期上涨可期,2018-05-16
供应充裕 铜价上行阻力加大,2018-05-15
lgmi数据看市：5月上旬国内中板南强北弱 后期有上拉但空间看窄,2018-05-14
兰格钢铁明日钢市定价参考,2018-05-14
兰格炉料：铁矿石市场小幅上调 后期市场维持坚挺,2018-05-14
市场情绪并未好转 沪铝振荡区间徘徊,2018-05-14
以铜为鉴 过去的十年,2018-05-13
2018年二季度铜价展望：金融属性与商品属性之争(附现货企业采购策略),2018-05-13
国内钢价小幅下跌 铁矿石市场基本平稳,2018-05-12
钢厂大涨200 需求激发 钢价再拉一波？,2018-05-11
一座全球前十的锌矿 让五矿的故事“从锌开始”,2018-05-11
钢材库存“九连降”期螺尾盘拉升 钢价又要涨？,2018-05-11
LME铜库存持续下降 铜价短线拉升,2018-05-11
5月镍价区间震荡 关注不锈钢价格上涨是否昙花一现,2018-05-11
库存降速放缓钢价显露疲态 5月中下旬或是多空转折点,2018-05-11
微观层面变化不大 沪铜5月难现趋势行情,2018-05-11
中钢协：美国总是给我们找麻烦，我们也要找他的痛点,2018-05-10
伊核协议悬念后 伊朗黄金需求等待爆发,2018-05-10
热卷下游需求面临三大隐忧,2018-05-10
螺纹钢 主力空头增持幅度较大,2018-05-10
钴市巨震：待价而沽仍是上策,2018-05-10
螺纹钢失守60日均线 下跌预期强烈,2018-05-09
央行：互联网机构不得提供任何形式的黄金账户服务,2018-05-09
锌价短期不悲观 宽幅震荡为主,2018-05-09
经济颓势难掩 铜价将再次探底,2018-05-09
利多因素驱动 铁矿石存在补涨需求,2018-05-09
隐性库存风险不可小觑 沪锌反弹空间有限,2018-05-09
全球铝市场供应端不确定性加大 供应链失衡为沪铝伦铝带来套利机会,2018-05-09
金价短期内有反弹可能,2018-05-09
供需紧平衡 镍价高位震荡,2018-05-09
贸易商看涨信心不足 钴金属价格高位回落,2018-05-09
钢贸大佬神预测：“红五月”建筑钢材市场价格仍将震荡上升,2018-05-08
黑金日评：乱花渐欲迷人眼 氛围感知出方向,2018-05-08
沪铝：制裁炒作告一段落，基本面重归弱势格局,2018-05-08
终端需求是重点：铁矿反弹的驱动力在哪？,2018-05-08
撑不住了！锂电池明星金属钴价格暴跌 单日跌近4%,2018-05-08
全球铜矿石的贸易格局和精铜生产情况 铜从业者必读,2018-05-08
强美元强避险并存 金价底部积蓄力量,2018-05-08
全球原生镍消费被低估 去库存节奏延续 价格重心继续上移,2018-05-08
宏观预期下行 有色金属运行逻辑如何演绎？,2018-05-08
伊核协议存废倒计时开始 白银多头命运会否被改写？,2018-05-07
全球原生镍产业纵览，产量、价格、走势，你关心的都包括这些！,2018-05-07
金属普遍收涨 有色行业一季度净利增逾六成,2018-05-07
螺纹钢一周涨幅近100 吨钢利润608 钢价还能涨？,2018-05-07
逻辑策略：贸易战对钢铁产业逻辑的影响,2018-05-07
印度铁矿石产量7年来首次突破2亿吨大关,2018-05-07
多数人仍看好本周铜价走势,2018-05-07
铁矿石期货国际化开闸 嘉能可抢到首单,2018-05-05
市场静待中美贸易协商 基本金属走势偏弱期锌领跌,2018-05-04
【金属早餐】京津冀废铅蓄电池回收八非法*南非矿工向6家大型矿商提起诉讼,2018-05-04
有色一波三折 铜铝反弹遭遇阻力,2018-05-04
沪铜上涨动力犹在 仍有上行空间？,2018-05-04
3天上调240元 用钢企业难招架 钢价急升“煎熬”下游企业,2018-05-04
钢材：去库存加速 需求集中释放 5月迷雾缭绕,2018-05-04
螺纹成交放量仍在持续 环保限制产量释放,2018-05-03
钢市节后迎来开门红 基建对库存消化明显,2018-05-03
沪锌主力换月 锌价运行偏弱势,2018-05-03
【金属早餐】LME铝涨3.39% 韦丹塔欲在南非建锌冶炼厂,2018-05-03
有色强弱分化 锌价承压镍蓄势,2018-05-03
【钢材】库存消化维持高水平 钢价偏强运行,2018-05-03
涨！期钢暴涨153，钢价冲刺4200！喜迎“上涨潮”！,2018-05-02
美延长对欧盟等钢铝关税豁免期 欧盟：已影响商业决策 不会在威胁下谈判 经济专家——贸易政策不确定让企业难运营,2018-05-02
路透：今年铝供应缺口预测上调至55万吨,2018-05-02
今天期货这样做 | 螺纹、铁矿建议逢高做空,2018-05-02
持仓分析：沪镍期价有望再上新台阶,2018-05-02
今日财经数据前瞻：“非农”前瞻重磅来袭 基本金属或将持续偏弱震荡,2018-05-02
一季度我国粗钢日均产量创历史同期新高,2018-05-02
螺纹钢：短期相对强势,2018-05-02
纳瓦罗：所有豁免钢铝关税的国家都将接受配额限制,2018-05-02
一季度钢铁行业效益明显走低,2018-04-29
“铜博士”是否将引领一场金属狂潮？,2018-04-28
交易情绪低迷 铜板块偏弱震荡,2018-04-28
一季度平均日产粗钢达历史最高值,2018-04-28
中钢协：二季度钢铁价格预计好于一季度,2018-04-27
375亿元资金出局 主力惜售钢铁采掘,2018-04-27
钴市风云：资源霸主嘉能可左右互搏,2018-04-27
优化沪镍活跃措施效果显 1807合约套利机会凸显,2018-04-27
大商所举办铁矿石引入境外交易者存管银行专题培训会,2018-04-27
钴市风云：资源霸主嘉能可左右互搏,2018-04-27
5月钢价有望延续涨势,2018-04-27
全球经济增长需求强劲 镍价仍存上涨动能,2018-04-27
LME锌库存年内上演多次转移游戏 锌价“空气”袭来,2018-04-26
图解：铁矿石期货国际化规则解读（6）,2018-04-26
图解：铁矿石期货国际化规则解读（5）,2018-04-26
图解：铁矿石期货国际化规则解读（4）,2018-04-26
图解：铁矿石期货国际化规则解读（3）,2018-04-26
图解：铁矿石期货国际化规则解读（2）,2018-04-26
图解：铁矿石期货国际化规则解读（1）,2018-04-26
美债助美元上破91关口 LME锌库存猛增内外盘期锌跌2%,2018-04-26
技术解盘：热卷振荡上行 铁矿石短线遇阻,2018-04-26
镍期货连续活跃惠及各方参与者,2018-04-26
基本面支持沪铜筑底回升,2018-04-26
库存见顶现货走强 沪铝反弹有望延续,2018-04-26
中美贸易摩擦对钢铁市场影响有限,2018-04-26
上期所促镍期货合约活跃措施获认可,2018-04-26
市场各方全力备战铁矿石期货国际化,2018-04-26
美延长投资者与俄铝解约期限 已致俄金属价格下跌,2018-04-25
嘉能可下属钴矿遇法律纷争 钴价短期将维持高位,2018-04-25
钢市变数较大 建议暂时离场观望,2018-04-25
追随伦铝走势 沪铝承压回落,2018-04-25
美元走强 沪镍短期回调将持续,2018-04-25
镍：疯狂之后价格或将回归基本面,2018-04-25
螺纹钢供应维持增量 需求旺季可持续性存疑,2018-04-25
美国考虑暂缓制裁俄铝 国际铝价半小时跳水逾200美元,2018-04-24
上市三载 镍期货市场功能逐步发挥,2018-04-24
铝：近期价格暴涨背后逻辑,2018-04-24
需求持续释放 沪钢震荡上行,2018-04-24
我国黄金市场透明度大幅提升的原因,2018-04-24
螺纹钢期价短期偏强,2018-04-24
铁矿石期货国际化进入读秒阶段,2018-04-24
镍期货合约结构改善 助力套保套利交易,2018-04-24
华尔街秃鹫魅影：铝市惊见巨量囤货 露天存放50万吨,2018-04-24
需求回暖、库存消耗 短期螺纹钢或继续震荡上行,2018-04-23
美元创年内最大周涨幅 黄金大跌10美元逼近1330关口,2018-04-23
金属市场高温暂退 俄铝竭力维护出口运输,2018-04-23
Cochilco预测：智利2018年铜产量将增长4.3％ 2019年将跃升至594万吨,2018-04-23
铁矿石期货引入境外交易者前后风险等级不变,2018-04-23
“黑天鹅”带来铝镍齐燃,2018-04-23
今年再压减钢铁产能3000万吨左右,2018-04-21
两年豪赌！这个交易商趁低价囤铝赚翻了,2018-04-21
兰格预测：钢市需求多久才能爆发？,2018-04-20
这或许是钴价的最大威胁,2018-04-20
镍：顺应长期趋势做多,2018-04-20
“妖风”到头了？外盘工业金属全面回落,2018-04-20
短期困局不改镍价整体升势,2018-04-20
消息面接连助推，期锌收复抛储跌幅,2018-04-20
库存及钢厂复工将压制钢价,2018-04-20
【专题】当前美国制裁俄国和中东政策对有色及贵金属市场影响,2018-04-20
俄铝被美元霸权完虐，收益最大的竟然是力拓！,2018-04-20
钢铁业盈利“拐点”来临? 上市钢企一季度利润环比下降,2018-04-20
美对俄制裁 引发全球铝价跳涨 中国铝业顺势涨停,2018-04-20
铝业股领涨有色板块 机构抢筹中国铝业,2018-04-20
全球原铝供应链频现裂痕 中国欲挑起出口大任？,2018-04-19
内盘期货上涨 铁矿石一度涨近6%,2018-04-19
钢铁关税生效在即 欧洲计划对美让步、一致对华,2018-04-19
基础金属普遍飙涨！期铝疯涨约5%攀至近7年来高位,2018-04-19
美俄争锋持续发酵引工业金属狂欢 LME铝携手镍价涨6%,2018-04-19
中美贸易摩擦 影响钢铁市场心态,2018-04-19
伦镍大涨11%，创2009年以来最大单日涨幅；沪镍夜盘一度涨近5%，创2015年5月来新高。,2018-04-18
技术解盘：沪铜短线蓄势 沪铝涨势遇阻,2018-04-18
库存连续下降 引发钢价反弹,2018-04-18
隔夜财经数据评论：美元探底回升震荡偏弱 基本金属普遍上涨,2018-04-18
美俄博弈引发铝价飙升 刷新自2011年以来最高水平,2018-04-17
铝创六年新高后：价值30亿美元的铝库存成了烫手山芋,2018-04-17
下游消费逐渐好转 静待沪铜反弹,2018-04-17
伦铝创逾六年半高位 俄拟禁止向美出口钛报复美制裁,2018-04-17
伦铝持续暴力拉涨 沪铝亦创近期新高,2018-04-17
铜价：二季度反复振荡筑底后反弹,2018-04-17
期货市场对外开放第二枪鸣响：铁矿石期货5月4日正式实施引入境外交易者业务,2018-04-17
铁矿石期货国际化提速： 大商所万事俱备 境外投资者五月入局,2018-04-17
铁矿石境外交易者可参与9月及以后挂牌合约,2018-04-17
美国新一轮对俄制裁即将到来 俄铝港股一度大跌20%,2018-04-16
【金属早餐】美做好再次打击叙利亚的准备 上期所镍库存连降13周,2018-04-16
今日财经数据前瞻：基本金属或将维持震荡,2018-04-16
中国铁矿石期货市场这一操作 成新加坡等交易所挑战,2018-04-16
中国铝出口创历史新高 或弱化俄铝遭受制裁的市场冲击,2018-04-16
【调研报告：铜】新故相推，缺口暂存,2018-04-16
未来有色价格走势还看供给,2018-04-16
铁矿石期货厚积薄发剑指全球产业定价基准,2018-04-16
铁矿石期货厚积薄发 剑指全球产业定价基准,2018-04-16
铁矿石期货国际化规则引境外企业关注,2018-04-16
国内钢价小幅上涨 铁矿石市场震荡运行,2018-04-15
铁矿石巨头称矿山已关闭新的供应 主力合约等待买入信号,2018-04-14
钢材：4月去库加速 螺纹正套持有,2018-04-14
铁矿石基本面难以改善，后期继续承压运行,2018-04-13
局势缓和美元小涨 期铝独涨期锌跌势不止,2018-04-13
【锌】资金热度急速逼空 伦锌动向指引盘面,2018-04-13
厂库社库双降 高炉永久关停 钢价又要起飞？,2018-04-12
螺纹期现多空冰火两重天 数据魅力大无边,2018-04-12
空头大规模加仓？内外盘期锌双双破位大跌,2018-04-12
空头大规模加仓？内外盘期锌双双破位大跌,2018-04-12
镍企耐心有限 镍供应收缩难以逆转,2018-04-12
地缘政治加剧、美元持续疲软 促成金价即将开启上涨模式？,2018-04-12
铜季报：需求主导二季度走势 供应或限制跌幅,2018-04-12
俄罗斯受制裁令市场担忧铝供应 铝价迎来30年来最好的时光,2018-04-12
铝季报：市场面临供需和成本的博弈,2018-04-11
镍：不锈钢持续疲软叠加贸易战升级 二季度价格或将先抑后扬,2018-04-11
锌季度报告：供应企稳回暖 需求矛盾主导价格走势,2018-04-11
沪铝跨期套利正当时：买近月抛远月,2018-04-11
消费启动 库存下降 铜价或迎来一波反弹,2018-04-11
受美制裁影响全球铝市场大动： 俄铝港股两天连跌 国际铝价大涨,2018-04-11
宝钢股份去年股东净利同比翻番 贸易摩擦对钢铁出口影响有限,2018-04-11
连续四周下跌 铝库存拐点初显,2018-04-11
需求回暖+盈利回升 钢铁板块打响反攻战,2018-04-11
美国对俄铝的制裁料将形成对全球铝市的冲击波,2018-04-10
美国宣布对俄罗斯寡头制裁 大宗商品有色品种发力,2018-04-10
钢铁：旺季终来临 4月待反弹,2018-04-10
美国制裁全球最大铝供应商之一 铝价跳涨,2018-04-10
黄金：短时波动不改中期上涨趋势,2018-04-10
高库存将限制沪铜回升高度,2018-04-10
俄铝受制裁引发供应忧虑 铝价大幅上涨,2018-04-10
钢价期现回归 阶段性价格体系初现,2018-04-10
探讨一下买铝空锌套利策略背后的交易逻辑,2018-04-10
铜、铝、锌、镍：中美贸易战对有色金属影响哪种强？,2018-04-09
金属早餐：中美暗示有空间协商贸易摩擦 1-3月中国精铜产量同比增11%,2018-04-09
镍价走低 Kambalda地区镍矿厂转为生产黄金,2018-04-09
贸易战再升级！本周铜价走势如何？,2018-04-09
3月锌市一路走低 有色板块表现最差金属,2018-04-04
沪铝 存在向上修复空间,2018-04-04
螺纹钢：需求开始释放,2018-04-04
如何利用CFTC持仓报告辅助铜价研判,2018-04-04
铜：库存担忧难解 中期空头配置,2018-04-04
铁矿石期货国际化如何保驾护航全球产业客户,2018-04-04
冶炼成本高 仍乐观中坚持（河南铝产业调研）,2018-04-04
下游需求大幅好转 螺纹钢近期偏强运行,2018-04-03
如何看待中国正式加征美国商品关税？镍价中期沽空机会出现？,2018-04-03
机会与陷阱并存！小心回调！钢价将再苦再甜？,2018-04-02
美元偏弱震荡 沪镍重回十万上方,2018-04-02
铜价重回万五盘整 看涨铜价信心十足,2018-04-02
今日财经数据前瞻：关注日内财经数据 基本金属或将延续强势,2018-04-02
3月国内钢铁PMI回升至50.6%,2018-03-31
3月国内钢铁PMI回升至50.6%,2018-03-31
夜空中最亮的“锌”难以闪耀,2018-03-31
过度放大宏观风险 铜价走势低迷,2018-03-31
铝市偏空格局难以扭转 易跌难涨,2018-03-30
空头情绪充分释放 螺纹钢期价下行空间有限,2018-03-30
镍：宏观因素叠加产业影响 价格应声下落,2018-03-29
螺纹钢多头力量略胜一筹 后市期价有望止跌反弹,2018-03-29
有色成交不温不火,2018-03-29
铝价外强内弱格局延续 短期“买伦铝、抛沪铝”,2018-03-29
暴跌之后 钢矿路在何方？,2018-03-29
钢材价格一个月下跌700元 矿业巨头的春天到来？,2018-03-28
铁合金：下游库存高企，需求弱化,2018-03-28
谨慎对待沪铜上冲行情 短期铜价难言乐观,2018-03-28
受行业利多因素影响 沪镍重心将逐步上移,2018-03-28
避险情绪助推黄金偏强运行 但上涨之路或坎坷,2018-03-28
“十三五”钢铁去产能 今年可提前实现目标,2018-03-28
上海钢贸大佬梁太庚：4月建筑钢材供需两旺 价格震荡运行,2018-03-27
急！钢材跌破成本价 已卖不过“白菜“？“行业踩踏“来了？,2018-03-27
有色下游逢低采购,2018-03-27
“旺季不旺”似成定局 钢价“颠簸市”中步履维艰,2018-03-27
钢价滑铁卢：融资库存不可承受之重,2018-03-27
成也萧何败萧何，特朗普交易预期落空或终结铜价牛市,2018-03-26
中美贸易战杀伤力惊人！这和螺纹钢跌停有什么关系？,2018-03-23
中美贸易对峙白热化 铜铝峰会专家热议金属市场影响,2018-03-23
白银：有望迎来向上修复行情,2018-03-23
偏空氛围有所缓解 沪铜逐步回归基本面主导,2018-03-23
镍：库存或持续下降,2018-03-23
季节性累库持续攀新高 沪铝疲态尽显,2018-03-23
需求依然不足 螺纹钢承压下行？,2018-03-23
铜期弱现强 基差有望修复,2018-03-22
现货扫描：有色下游采购放量,2018-03-22
库存去化缓慢，钢价弱势难改,2018-03-22
电解铝成本支撑趋弱 沪铝静待库存或政策指引,2018-03-22
持仓分析：沪镍空头增持幅度更大,2018-03-22
加息预期向好美元重回90 有色普跌库存大增期铜走低,2018-03-21
铁矿石：多空分歧较为明显,2018-03-21
螺纹钢价格将更多跟随库存周期波动,2018-03-21
面临技术性抛压 沪铜开启新一轮跌势,2018-03-21
美元继续强势 沪锌上涨动力难寻,2018-03-21
基本面存好转预期，关注铜价买入机会,2018-03-21
黑色调研 · 硅铁供应弹性大，下跌空间有限,2018-03-21
研客专栏 | 需求旺季来临，能否扭转铝价颓势？,2018-03-21
数据面清淡 铜市震荡延续,2018-03-20
市场情绪谨慎 期镍继续承压,2018-03-20
国内进入消费旺季 沪铜下方空间有限,2018-03-20
现货扫描：有色整体成交一般,2018-03-20
沪钢冲高遇阻 重回跌势,2018-03-20
全球锌精矿供应短缺逻辑已改 沪锌不具备中期下跌基础,2018-03-20
铜价连跌之后终回暖 近半数人看震荡偏强,2018-03-19
贵金属：短期触底回升,2018-03-19
铜价飞涨，这个濒临破产的国家有救了！,2018-03-18
钢坯逼近3600，库存12周首降，钢价开涨的节奏？,2018-03-17
钢铁“供强需弱”现状,2018-03-16
高库存压力犹在 钢材上行空间有限,2018-03-16
金属早餐：伦铝跌至三个月低位 环保影响北方镀锌企生产,2018-03-16
供应过剩、消费增强博弈 2018年铝价何去何从？,2018-03-16
钢铁：只待需求起 旺季仍可期,2018-03-16
沪铜重心将逐步抬升,2018-03-16
镍市“金三”落空 “银四”仍可期,2018-03-16
国内电解铝总产能“天花板”基本确定 供应过剩压力加大,2018-03-16
市场加息情结犹存黄金趋势性行情正在形成,2018-03-16
交仓风波再起锌价大跌 澳Cadia铜矿山宣布不可抗力影响,2018-03-15
邯郸高炉限产消息属实 螺纹或止跌反弹,2018-03-15
钢市需求复苏 构筑阶段性底部,2018-03-15
锌：消费启动缓慢 价格弱势明显,2018-03-15
沪锌基本面仍有支撑 大概率止跌反弹,2018-03-15
成本塌陷叠加产业链供应过剩 沪铝维持空头思路,2018-03-15
有色成交冷暖不均,2018-03-15
利空有望消化殆尽 沪铜酝酿上涨行情,2018-03-15
闭门研讨会纪要：定调2018年铅锌市场走向,2018-03-15
钢厂停限产！期钢强势涨至3735！钢价要涨？,2018-03-14
钢铝关税使美国农场主忧虑,2018-03-14
特朗普钢铝贸易战“八问”谁是最大的利益获得者,2018-03-14
伦镍库存再刷低位 短期镍价或偏强震荡,2018-03-14
铜：废铜产业分析及调研纪要,2018-03-14
沪铜：短期有望振荡回升,2018-03-14
螺纹钢：空头借机获利离场 多头未明显胜出,2018-03-14
铜价年度看涨趋势不变 可在51000点布局多单,2018-03-14
铝价深度下跌空间有限 不宜过分看空,2018-03-14
1年飙升20倍！股价赶上“半瓶茅台” 这个小金属太神奇 大批基金受益！,2018-03-13
王云飞：节后锌价超跌 未来仍有反弹空间,2018-03-13
铝价：阶段性底部形成中,2018-03-13
需求将逐步回暖 沪锌上行动能充足,2018-03-13
有色现货成交分化,2018-03-13
螺纹钢将重回上涨通道,2018-03-13
库存去化不及预期 钢市出现“倒春寒”,2018-03-13
需求启动预期仍在 钢价继续下行空间有限,2018-03-12
钴价创十年来新高 金川国际涨超4%继续受资金追捧,2018-03-12
“妖钴”一日一变！价格屡创新高背后，“妖钴”还能飞多远？,2018-03-12
黑色系持续大跌 螺纹铁矿创近4月新低,2018-03-12
钢价内忧外患 国内钢铁市场陷入“金三不金”窘境,2018-03-12
精炼镍库存再度大幅度降低 镍价高位激烈震荡,2018-03-12
全景视角：钢市旺季的四种模式,2018-03-12
螺纹钢期货周总结：可怜封库路 犹行梦里人,2018-03-12
期锌连跳 锌市仍要坚持多头逻辑,2018-03-12
螺纹拖累原料下跌 关注铁矿后续补库行情,2018-03-12
中美钢铁贸易战隐情：美国钢铁溃败，十年裁员六成,2018-03-12
对话螺纹：往日重现,2018-03-11
“铝”创新低，为何要到3月底才可以抄底？,2018-03-11
螺纹最高累降340后！唐山在挺价 钢价能否开涨？,2018-03-10
“钴爷”继续任性：钴价创2008年以来新高 两年翻两番！,2018-03-09
分析师：美国钢材价格将从每吨476美元涨至700美元,2018-03-09
特朗普征税风暴被夸大？全球钢铁市场料能安度,2018-03-09
拦不住 特朗普对钢铝加征高关税,2018-03-09
持仓分析：铁矿石整数关口或面临激烈争夺,2018-03-09
政策引领短期行情 沪铝逢低布局多单,2018-03-09
需求启动不及预期 沪钢或进一步下探,2018-03-09
价值洼地凸显：锡价有望跃至新高度,2018-03-09
库存超预期增加 钢材下行调整,2018-03-09
美国宣布对进口钢铁和铝产品征收高关税,2018-03-09
钢铁去产能进入深水区：2018年再压减3000万吨,2018-03-09
偏低库存和阶段性补库 有色板块分化,2018-03-08
终端采购仍观望 螺纹1810可空,2018-03-08
螺纹钢走势一波三折 谨慎对待“金三银四”行情,2018-03-08
发货淡季供应缩减 不宜过分看空铁矿石,2018-03-08
持仓分析：沪镍多空力量相对均衡,2018-03-08
锌库存大增 宜逢高试空,2018-03-08
美国终为钢铝高关税买单！金属业成本攀升致经济劣势,2018-03-07
研究显示钢铝关税将令美国损失十几万工作岗位,2018-03-07
丁士启代表：限制铜产能无序过快增长,2018-03-07
美元或持续调整 黄金进入持续盘整模式,2018-03-07
消费旺季谨慎乐观 铜上攻动能不足,2018-03-07
沪锌短线回落难改多头格局,2018-03-07
螺纹钢：需求释放缓慢,2018-03-07
基本面供需错配 沪镍迎来最佳做多机会,2018-03-07
螺纹钢：你看好的需求会否如约而至？,2018-03-07
美国限制钢铁进口对中国可能影响不大,2018-03-06
钢厂最高跌100 莫恐慌！钢价跌完或再“涨”！,2018-03-06
二月份钢铁行业大事记,2018-03-06
三月份国内钢铁市场震荡上行,2018-03-06
上金所焦瑾璞：应将黄金市场纳入宏观审慎监管框架,2018-03-06
必和必拓：中国经济增长一切如常 优质铁矿石需求“长存”,2018-03-06
美国众议院议长敦促特朗普放弃针对进口钢铝的关税计划,2018-03-06
美国众议院议长敦促特朗普放弃针对进口钢铝的关税计划,2018-03-06
LME库存跳增及美国关税计划施压 期锌触及年内低位,2018-03-06
有色下游按需采购,2018-03-06
关注沪镍阶段做多机会,2018-03-06
利空因素压制沪铝低位振荡,2018-03-06
螺纹钢短期面临回落压力,2018-03-06
【铁矿石】补库需求尚存 铁矿回调做多,2018-03-06
长牛预期中的铜为何再度疲软？,2018-03-06
政府工作报告对钢铁行业的影响分析,2018-03-05
螺纹多头获利抢跑 铁矿空头凶猛下砸,2018-03-05
李克强：再压减钢铁产能3000万吨 煤炭产能1.5亿吨,2018-03-05
特朗普贸易高官表态：钢铁关税可能豁免特定产品 但国家就别想了,2018-03-05
下游需求或逐步回暖 成本支撑沪铝难现跌势,2018-03-05
显性库存降势未止 镍价下行暂时有限,2018-03-05
特朗普贸易高官表态：钢铁关税可能豁免特定产品，但国家就别想了,2018-03-05
全球市场原生镍需求被低估,2018-03-05
淡季渐至 铅价重心将下移,2018-03-05
钢材 · 进入冬储累库的第12周，预计未来1-2周将结束整个冬储过程,2018-03-03
美国征收进口钢铝关税对中国相关产品短期出口影响或有限,2018-03-03
3月钢市或震荡上行,2018-03-03
行业人士解读有色各品种最新动态,2018-03-02
今天期货这样做 | 沪镍坚挺但不建议追高,2018-03-02
特朗普将对钢铁和铝征关税 是否针对中国尚未清楚,2018-03-02
库存持续高位 铝价低位波动,2018-03-02
螺纹钢静待旺季启动,2018-03-02
趋势是不变的 过程是“曲折”的：沪镍长期看涨？,2018-03-02
大数据时代的钢铁电商必杀技：数据、金融、物流、贸易大融合,2018-03-02
有色周期研究系列之一：锌矿周期和锌产业链现状,2018-03-02
铜价遭多重利空压制,2018-03-02
美国钢铝产品关税面临提价,2018-03-02
沙钢、永钢、中天暴涨250！钢价或再迎“涨价潮”!,2018-03-01
中美贸易别总拿“钢铁”说事儿,2018-03-01
特朗普周四或宣布钢铝关税决定,2018-03-01
邱文皓：美元持续走强压制黄金 EIA利空原油两连跌,2018-03-01
44家有色金属上市公司去年实现盈利 4家净利润超10亿,2018-03-01
美元续涨金属普跌 智利1月铜产量环比减同比增,2018-03-01
有色金属成交稍有起色,2018-03-01
【铜】美元走强 铜价承压下挫,2018-03-01
铜：国内铜企套保模式、会计处理及盈利影响研究,2018-03-01
“金三银四”可期 螺纹钢剑指新高,2018-03-01
矿价上涨提振矿商业绩 今年或缺乏持续动力,2018-03-01
详细解读美商务部对华铝箔“双反”终裁事件,2018-02-28
“强烈不满、将采取措施！”商务部回应美国对中国铝箔的双反裁决,2018-02-28
2月钢铁流通业PMI为48.3 需求景气回升,2018-02-28
铁矿石：空头增持幅度更大,2018-02-28
下游将迎来开工旺季 沪锌上升通道未破,2018-02-28
废铜进口缩量 铜市利好有待释放,2018-02-28
不锈钢需求未恢复 沪镍短期上涨空间受限,2018-02-28
多重利好支撑 螺纹钢上涨行情依然可期,2018-02-28
高处“不觉寒” 镍价强势依旧,2018-02-28
螺纹冲上4300！6家钢厂再涨！钢价还疯涨吗？,2018-02-27
三大投资逻辑让钢铁业受宠,2018-02-27
钢铁板块节后走强 迎传统金三月银四月旺季,2018-02-27
现货贴水将继续缩窄 有色市场回暖,2018-02-27
沪铜调整提供做多机会,2018-02-27
钴价一飞冲天！行业大佬称涨势刚起步,2018-02-27
供需两端推动钢价普涨 “双焦”有望受益,2018-02-27
沪镍期价短期存在支撑,2018-02-27
交通基建唱主角 超2万亿投资为钢市托底,2018-02-26
各省市重点投资计划公布 金属或将迎来新动力？,2018-02-26
央行：废止对进口黄金及其制品加强管理等文件,2018-02-26
春节期间钢材库存上涨明显 后期价格走势或承压,2018-02-26
今日财经数据前瞻：关注日内数据及讲话 基本金属或将维持震荡,2018-02-26
沪铜阶段性单边行情“概率”提升 但反弹时机仍需等待,2018-02-26
涨价空间已打开库存压力仍不小 今年钢市行情会咋走,2018-02-26
节后国内钢价小幅上涨,2018-02-26
太钢不锈创2年半新高,2018-02-26
机构加仓远期合约 铜价仍存上行空间,2018-02-26
谁导演“钴”价风云这场戏,2018-02-26
春节期间钢材库存上涨明显后期价格走势或承压,2018-02-26
兰格炉料：铁矿石市场稳中有涨 后期市场稳中调整,2018-02-24
Lgmi：春节后中厚板市场喜迎“开门红” 仍有继续上升空间,2018-02-24
Lgmi： “农机钢需”能否再次腾飞？,2018-02-24
2018年采暖季河南钢企限产30%以上,2018-02-24
媒体：钢铁24%！铝10%！特朗普倾向于对钢铝进口实施最严厉关税,2018-02-24
触底反弹 铜价维持乐观,2018-02-24
寒锐钴业:“刚果金收购矿产国有”不属实,2018-02-23
中国铁矿石港口库存增至创纪录的1.5588亿吨,2018-02-23
铜现货价格节后上涨 机构持续看好铜品种,2018-02-23
全球1月原铝产量攀升至555.7万吨,2018-02-23
冬季限产结束后中国钢企当会如何？且听必和必拓怎么说,2018-02-23
黄金仍会偏弱振荡 千三关口支撑明显,2018-02-23
春节过后 全球金属供需数据公布！,2018-02-23
聚焦唐山钢市！后市能否再续一波涨？,2018-02-23
库存累积“牵制” 铜价很“纠结”,2018-02-23
钢价走势陷入焦灼 警惕螺纹钢库存快速上升风险,2018-02-23
沪铜期货中期存在支撑,2018-02-23
兰格炉料：铁矿石市场稳中调整 后期市场弱势盘整,2018-02-22
兰格钢铁：明日钢市定价参考,2018-02-22
LME锌库存减少2% 创2007年以来最大百分比降幅,2018-02-22
伦敦金属交易所(LME)铜库存较上日减少2500吨,2018-02-22
警惕“钢铁威胁论”有蔓延之势,2018-02-22
技术解盘：沪铜底部已现,2018-02-22
技术解盘：沪金触底回升 沪锌谨慎看涨,2018-02-22
现货扫描：有色有价无市,2018-02-22
美股大跌后COMEX铜期权交易策略,2018-02-22
美商务部建议总统限制钢铁和铝产品进口,2018-02-22
钢坯3610锁价后 年后开局竟然这样走,2018-02-22
我国废钢出口创近年最高值同比增长数千倍,2018-02-22
钢铁指数20日独涨3.63%,2018-02-22
最新预测：节后第一周 钢价或将喜迎开门红！,2018-02-21
摩根大通：通货膨胀来势汹汹 2018年这些金属料强劲上涨,2018-02-21
美元下挫是长期趋势 预计春节后期金属走势震荡,2018-02-19
铜弱势运行 宏观面影响盖过了供需面,2018-02-14
短期抗通胀避险属性支撑价格 白银获利空单离场为宜,2018-02-14
铁矿石春节过后或现一波反弹行情 但反弹空间受限,2018-02-14
供需结构正在逐步改善 成本支撑铝价有望企稳,2018-02-14
沪镍偏多格局不变 结构性牛市值得期待,2018-02-14
野百合也有春天：近期疯涨的有色金属—钴,2018-02-14
沪伦市场错峰际 五分钟掌握铜价主线驱动逻辑,2018-02-14
大商所王凤海：将推动铁矿石期货境外开户工作,2018-02-14
备战铁矿石期货国际化 券商将量身打造金融产品,2018-02-14
沪铜仍有回调空间 节前弱势为主,2018-02-13
利空尚未出清铝价易跌难涨,2018-02-13
印度尼西亚有色金属行业发展现状及前景分析,2018-02-13
深度：美股下跌会带来有色金属的大幅下跌吗？,2018-02-13
螺纹钢短期市场矛盾不明显 春季涨势可期,2018-02-13
黑色金属策略专刊：节前偃旗息鼓 谨防系统性风险,2018-02-12
美元强势回暖一周涨逾1% 金属重挫伦铜触及八周低点,2018-02-12
唐山限产季延长 可做多钢厂利润和焦化利润,2018-02-12
沪铜或呈短空长多格局 周期性看涨预期不变,2018-02-12
脱水研报黑色金属：多品种基差结构转变 螺纹、焦炭套利机会隐现？,2018-02-12
对话螺纹：乌云压境 未来需保留一份清醒,2018-02-12
没有需求支撑的螺纹钢的惨淡收尾,2018-02-12
节前钢市成交清淡 铁矿石价格小幅上涨,2018-02-11
政策利好难掩库存压力 铝价料偏弱震荡,2018-02-10
2017年智利铜矿产量下降0.9%,2018-02-09
伦铜跌至八周来低位 行业看好铜市后期表现,2018-02-09
美元走强消费疲软 铜价大幅下挫,2018-02-09
技术解盘：沪镍整体偏强 沪铜弱势下跌,2018-02-09
持仓分析：沪镍 空头略胜一筹,2018-02-09
政策影响 节后螺纹钢仍可看高一线,2018-02-09
美元冲击过后 黄金仍是“晴天”,2018-02-09
短期回调不会改变锌价偏强格局 春节后有望再度走高,2018-02-09
钢厂库存已在高位 铁矿石上行动力减弱,2018-02-09
上市钢企去年净利润普遍大幅预增,2018-02-09
铝：春节铝锭累库在即 短期价格承压,2018-02-09
2018年铁矿石供大于求格局难改,2018-02-09
产量增加致使锌价阶段性调整,2018-02-09
铁矿石期货境外投资者开户门槛设为10万元,2018-02-09
镍：2018年以做多为主,2018-02-08
现货扫描：有色成交寥寥,2018-02-08
出口增长不稳定 沪铝传统消费淡季来临,2018-02-08
钢贸商“冬储”加速 螺纹钢上涨基础仍在,2018-02-08
沪锌回落遇强支撑 陷阱还是做多机会？,2018-02-08
钢铁去产能新阶段 “触及灵魂”的关停,2018-02-08
新模式与老办法,2018-02-08
去产能进入新阶段,2018-02-08
铁矿石期货引入境外交易者再近一步,2018-02-08
铁矿石市场个别小涨 后期市场持稳观望,2018-02-07
下游备货收尾 沪铝将继续寻底,2018-02-07
螺纹钢 逢低布局中线多单,2018-02-07
需求季节性走弱 沪镍迎来阶段性调整,2018-02-07
2017年全球黄金需求同比下降7%,2018-02-07
库存去化效果显著 沪锌中期宽幅波动,2018-02-06
绝对库存仍处低位 沪钢稳居3900元/吨之上,2018-02-06
原料供应紧张 铜价未来存在上涨预期,2018-02-06
铜市有望步入“长牛” 铜业公司业绩预喜,2018-02-06
美非农就业岗位增幅高于预期 COMEX黄金期货周五下跌,2018-02-05
白银短期高位调整 技术面支撑较弱,2018-02-05
短线跟踪：螺纹钢3950仍有压力,2018-02-05
铁矿石期货打响中国期货市场国际化第一枪！,2018-02-05
港口库存见顶回落 铁矿石仍有上行空间,2018-02-05
沪锌春节前有望维持高位运行,2018-02-05
下游需求面临寒潮 沪铜有望延续弱势震荡,2018-02-05
对话螺纹：这里的行情静悄悄,2018-02-04
补库需求逐步减弱 沪铝有望维持震荡,2018-02-02
隔夜沪铝止跌 录得小幅反弹,2018-02-02
精铜供应压力施压铜价 沪铜走势上下两难,2018-02-02
精铜供应压力施压铜价 沪铜走势上下两难,2018-02-02
【宏观】欧美经济前景良好 金属板块面临阶段性调整,2018-02-02
矿价短期仍有调整压力,2018-02-02
美元再度下行 “妖镍”重生LME铅触及6年半高位,2018-02-02
钢材：进入冬储累库的第8周，现状如何,2018-02-02
近三年螺纹钢价格回顾及后市展望,2018-02-01
伦锌高位承压明显 沪锌多空拉锯博弈,2018-02-01
铝：考验成本支撑的时候到了,2018-02-01
需求有望好转 铁矿石蓄势待涨,2018-02-01
离春节仅剩两周，螺纹钢难有“大动作”,2018-02-01
铜价上涨助推铜陵有色业绩大增,2018-02-01
1月国内钢铁PMI回升 钢铁行业开局良好,2018-01-31
中期利多发酵沪锌多头行情渐入佳境,2018-01-31
沪铝：考验成本支撑,2018-01-31
矿端干扰料不及2017年 铜价振荡走高为主旋律,2018-01-31
全球铜市场供应端不确定性加大,2018-01-31
基本面无忧 锌价调整空间料有限,2018-01-31
头条：贸易商已进入半休假模式 节前市场难有大波动,2018-01-30
【贵金属】非农来袭，谨防金价高位回调,2018-01-30
利多消化 沪铝二次探底,2018-01-30
全球铝土矿资源分布格局及开采现状分析,2018-01-30
工业金属价格普创阶段新高,2018-01-30
钢价涨跌无力 有价无市行情还有持续多久？,2018-01-29
处变不惊的螺纹 暗流涌动的铁矿,2018-01-29
内外盘金属集体飘红 伦锌沪锌创十年新高,2018-01-29
不被市场情绪干扰 螺纹依旧笑春风,2018-01-29
利多共振 螺纹钢仍有上行空间,2018-01-29
警惕“地条钢”死灰复燃,2018-01-29
镍结构性牛市可期,2018-01-29
国内钢价窄幅上涨铁矿石市场震荡盘整,2018-01-29
国内钢价窄幅上涨 铁矿石市场震荡盘整,2018-01-28
未闻“墙外花香” 国内有色独醉,2018-01-27
铝行业供应严重过剩 长线供改力度不减,2018-01-27
八一钢铁去年净利预增30倍,2018-01-27
钢市高位成交受阻 春节前难再有大波动,2018-01-26
螺纹已进入调整 铁矿预计进行小范围波动,2018-01-26
高盛：美国对铝制品征收关税的可能性较高,2018-01-26
世界黄金协会考虑出台1千克金条标准 亚洲交易所将受益,2018-01-26
库存续增沪铝探底 建议空头思路对待,2018-01-26
钢厂减产叠加低库存 钢价有望延续升势,2018-01-26
技术解盘：黄金逢低做多 沪铜宽幅振荡,2018-01-26
热卷如约突破之后——除了卷螺差还有铁矿与螺纹跨期套利机会！,2018-01-26
河北今年将压减钢铁产能千万吨以上,2018-01-26
镍价突破创两年半以来新高 对此轮涨势且行且珍惜,2018-01-26
结构性供应紧张 镍或成最具上涨潜力品种,2018-01-26
“镍”槃浴火再度燃起，谨慎！警惕！ 镍牛“飞天”梦尚早,2018-01-26
冬储进行时叠加迎战雨雪 钢材期价短期支撑较强,2018-01-26
有色期股联涨 整体内弱外强,2018-01-26
今年铁矿石进口量增价落,2018-01-25
全球钢铁需求难言改善,2018-01-25
浴“雪”奋战：卷螺差预计走强 铁矿基本面悲观,2018-01-25
镍价上涨后你需要关注的风险点,2018-01-25
镍：供应端利好仍吸引资金入场 上涨空间可期,2018-01-25
黑色系专题：2月展望 蓄势待发,2018-01-25
夜盘暴涨的镍：宏观因素推升镍价 节前战术做多为主,2018-01-25
季节性累库压制沪铝价格 春节前将继续承压,2018-01-25
技术解盘：铁矿逢高沽空 沪锌尾盘跳水,2018-01-25
螺纹钢仍可看高一线 1805合约节后行情可期待,2018-01-25
中利集团今年拟开展铜、铝和塑料期货套保业务,2018-01-25
隔夜财经数据评论：有色金属强势夜盘沪镍暴涨逾4%,2018-01-25
骑虎难下 钢价有政治觉悟还是自出自演？,2018-01-24
近期铜市场多空因素浅析,2018-01-24
严防“地条钢”死灰复燃 上半年将开展专项大检查,2018-01-24
铁矿石为何突然大跌？,2018-01-24
【铅锌】短期有多铅空锌套利空间,2018-01-24
铁矿下跌 是配方改变惹得祸？,2018-01-24
沪锌面临中期回落压力 接近“强弩之末”,2018-01-24
技术解盘：铁矿石反弹过程结束 黄金关注突破方向,2018-01-24
螺纹钢市场基本面利多 强势格局不变,2018-01-24
外盘提振沪铅偏强运行 有望上行至20000元/吨关口,2018-01-24
短期利空因素频现 沪镍节前进入调整模式,2018-01-24
短期干扰不变中期利多 螺纹跌下去算我输,2018-01-24
国际市场有色金属大涨，背后推手竟是这些……,2018-01-24
沙钢给市场泼冷水 雨雪帮倒忙,2018-01-23
铁矿石港口库存创新高 期货价格大幅下跌,2018-01-23
解读铁矿暴跌原因 预计螺矿强弱将互换,2018-01-23
钴的战争：拿走中国新能源红利大头的或是矿业巨头嘉能可,2018-01-23
钢材以震荡格局为主，试多螺纹需谨慎,2018-01-23
铁矿石的异常上涨,2018-01-23
美元下行趋势助力锌价攀高,2018-01-23
铁矿石1801合约交割总结报告,2018-01-23
金属建材年报：下游需求稳中向上 热卷继续强势运行,2018-01-23
贵金属之王今年上涨一成了 投行却说还要涨,2018-01-23
铜利好因素持续发力 高点预计在7800美元/吨一线,2018-01-23
沪铝中期偏空运行 警惕政策面变数,2018-01-23
螺纹钢冬储行情启动 预计反弹行情持续到月底,2018-01-23
将进入供需双减格局 铁矿石维持谨慎偏多思路,2018-01-23
请抛弃只从中国角度看有色金属需求的惯性 铜和锌将是2018年很好的投资标的,2018-01-23
沪铜短期维持震荡概率大,2018-01-23
期市逾8亿资金出逃 钢坯冲高回落 现货上涨要终结？,2018-01-22
黑金日评：现货涨跌互现 永安一己之力做多期螺,2018-01-22
镍下游利空逐步兑现，突破机会越来越成熟,2018-01-22
“百家”说钢铁：难以再现2017行情 成材价格回归合理,2018-01-22
黑色专题：冬储正式启动 矛盾集中在成材,2018-01-22
铝进口调查报告已提交白宫，特朗普有90天来考虑下一步措施,2018-01-22
铅年报：环保收紧与嘉能可复产 铅价将呈现宽幅波动,2018-01-22
产业看点：冬储行情的疑惑和价格上涨高度（周一交易提示）,2018-01-22
冬储为引、涨价为底：冬储加速企稳行业 节前共振渐次深化,2018-01-22
螺纹：破局之势乘风起,2018-01-22
黄金等待方向性选择 关注未来通胀走势,2018-01-22
世界黄金协会：四大因素或为今年金价提供支撑,2018-01-22
有色料成股期“两栖”明星板块,2018-01-22
国内钢价跌势趋缓 铁矿石价格稳中趋降,2018-01-21
今明两年欠“喂食” “锌”满意足待时日,2018-01-21
有色金属回调 铜板块中长期看涨,2018-01-20
Lgmi：冬储初现 钢价翘尾显露端倪,2018-01-19
兰格预测：冬储行情真的来了吗？,2018-01-19
产能置换出新规 2018年电解铝供需望实现弱平衡,2018-01-19
短周期利空集中释放 铜价进入调整期,2018-01-19
美元再“逞强” 黄金避其锋芒 涨势松懈？,2018-01-19
“高处不胜寒” 沪镍“节前”或要歇一歇,2018-01-19
主力调仓周期品 建筑钢铁板块成新宠,2018-01-19
黑色系全面反弹 抄底资金隐现 钢市又要大涨？,2018-01-18
期货价格创四年新高 “铜博士”已经脱离实际了吗？,2018-01-18
乐观情绪下的COMEX铜期货及期权交易策略,2018-01-18
多空博弈纷纷减仓 铁矿石期货仍处上升通道,2018-01-18
又见螺纹深V反转 轻仓进场做多的信号愈加明显,2018-01-17
产业专家论钢材：山东冬储已开抢,2018-01-17
供需边际抽紧 电解铝基本面否极泰来？,2018-01-17
铝供需剪刀差增大库存上升风险增加 价格弱势,2018-01-17
钢材现货止跌企稳 盘面成材强于原料,2018-01-17
美国政府关门危机叠加“通俄门”调查推升避险 黄金V形反转再上1340,2018-01-17
需求有望大幅改善 铜价抗跌能力趋强,2018-01-17
全球供给增速受限 锌价将维持宽幅震荡,2018-01-17
黄金还能涨多久？,2018-01-17
理性看待钢铁股年报预喜,2018-01-17
有色金属回调 “挺铝派”隐现 后市如何布局？,2018-01-17
铁矿石销售价反弹，力拓将小幅提高2018年出货量,2018-01-16
政策鼓励电炉发展 废钢行业间接受益价格或将走高,2018-01-16
沪锌中线涨势尚未终结,2018-01-16
黄金才是过剩流动性的终极归宿,2018-01-16
德银发布最新季度报告！最青睐这一类金属 并上调价格预期,2018-01-16
2018年钢铁产业供给侧仍在路上 哪些交易机会值得关注,2018-01-16
基本面不乐观 铜市料进入股强期弱阶段,2018-01-16
螺纹库存加速累积的危与机 基本面下压蓄力,2018-01-16
钢坯暴跌80 螺纹大降200 别急还有一波反弹等着你！,2018-01-15
螺纹1801完美收官 螺纹1805继续反弹,2018-01-15
逢低大举买入！投机者以一年来最大力度增持黄金,2018-01-15
黄金涨超15美元冲击1340关口 美元大跌创逾三年新低,2018-01-15
市场人士：2018年铜价或高位振荡,2018-01-15
钢坯跌破3500 钢价周一要跟4000说再见？,2018-01-15
中钢协：近期铁矿石价格涨势不正常,2018-01-15
补库周期启动 螺纹钢有望迎来涨势?,2018-01-15
现货价格持续下跌 螺纹钢或迎方向选择的重要时点,2018-01-15
行业警报未除 钢价上演过山车,2018-01-15
供需错配 铝价一季度难有起色,2018-01-13
从微观到供需面：论当前钢厂冬储政策背后的市场逻辑,2018-01-13
兰格炉料：铁矿石市场小幅上涨 后期市场盘整为主,2018-01-12
兰格权威发布：雾霾再袭 高炉开工率或下降,2018-01-12
2018钢铁行业新动向：兼并重组成亮点,2018-01-12
lgmi皓哥侃钢：雾霾再袭 钢材冬储时机到了吗？,2018-01-12
供给增加钢价继续大跌 抄底需求渐现,2018-01-12
【大地年报】有色金属：基本面弱势偏空，谨防价格回落风险,2018-01-12
【大地年报】黑色金属：去产能步伐放缓，18矿螺迎接新平衡,2018-01-12
矿山复产难补锌矿短期缺口 锌价仍可看高一线,2018-01-12
矿山复产难补锌矿短期缺口 锌价仍可看高一线,2018-01-12
库存仍处低位 铁矿石一季度有望冲击600关口,2018-01-12
地产需求端预期修复 螺纹钢有望强劲反弹,2018-01-12
短期消费淡季拖累 铜价不具备深跌条件,2018-01-12
短期消费淡季拖累 铜价不具备深跌条件,2018-01-12
【方正中期金属建材年度策略报告精简版】铝：改革春风过后 市场寒冬将至,2018-01-12
镍价仍处牛市起始阶段，每次回落是逢低买入的时机！,2018-01-12
研客专栏 | 重心上移，铜价涨势未完？,2018-01-12
兰格炉料：铁矿石市场稳中偏强 后期市场震荡运行,2018-01-11
Lgmi：2018年钢材均价涨幅将明显收窄,2018-01-11
兰格钢铁：明日钢市定价参考,2018-01-11
头条：钢材市场谨慎乐观预判不变,2018-01-11
钴价一年上涨130%仍未歇 行业弃钴用镍将引发电池厂倒闭潮？,2018-01-11
新产能投放 沪铝短期承压,2018-01-11
补库预期支撑下，铁矿石仍将维持强势格局,2018-01-11
有色牛的新征途！13位大咖纵论2018有色核心变量与行情演变,2018-01-11
【2018铜年报】供给制约新常态，下游需求成新驱动,2018-01-11
RB1801异动：冬储行情情绪来 基本面对盘面影响弱化,2018-01-10
金韬：钢材下跌冬储开启，复产预期下黑色仍可逢低买,2018-01-10
兰格炉料：铁矿石市场稳中上调 后期市场稳中调整,2018-01-10
兰格钢铁：明日钢市定价参考,2018-01-10
观察：黑色系的拉涨！有人看到了激情！而我看到了惶恐！,2018-01-10
冲高回落 沪镍站上十万关口,2018-01-10
岁末年初各部委如何提点钢市未来？,2018-01-10
供应偏紧支持锡价走高,2018-01-10
铜市“冷空气”来袭,2018-01-10
铁矿石期货仍有上行空间,2018-01-10
四川去除钢铁非法产能1000余万吨,2018-01-09
环保、供改齐施压沪铝大起大落 2018铝价走势看成本？,2018-01-09
利好提振黑色系首翻红 供需未变闭眼追涨有风险,2018-01-09
事出反常必有妖！铁矿利空频出却强势领涨,2018-01-09
贵金属料继续振荡筑底 建议择机波段操作,2018-01-09
铜精矿供应偏紧 铜价回落空间有限,2018-01-09
【方正中期金属建材年度策略报告精简版】铜：全球经济复苏，市场焦点将重回需求端,2018-01-09
锌：国内供应发生变化，锌市场结构或将改变,2018-01-08
通胀必将上涨 风险不容忽视,2018-01-08
锌价疯涨背后：全球锌市供应不足 2018年锌价波动加剧,2018-01-08
铝：下行风险犹存,2018-01-08
螺纹钢：冬储行情一触即发,2018-01-08
铜价：回调或现买入机会,2018-01-08
最新全国螺纹钢冬储情况的调研报告,2018-01-08
【方正中期金属建材年度策略报告精简版】铁矿石：高品矿溢价回落，矿价震荡中枢下移,2018-01-08
螺纹冬储时间滞后 等待驱动因素发酵,2018-01-07
锌：受国内基建投资增速与房地产投资增速影响，或有小幅下滑,2018-01-06
没有最低只有更低 钢价大跌该出手了么？,2018-01-05
BMI：供应过剩将使镍价走低,2018-01-05
法国外贸银行：金属价格还能涨多久？,2018-01-05
镍：新能源扩展需求空间 镍价重心波动上移,2018-01-05
原料紧缺助推铜价上涨 后市现货贴水有望收窄,2018-01-05
多空因素交织 沪锌短期高位振荡,2018-01-05
宏观利好引导铅需求 铅价长期重心将上移,2018-01-05
淡季效应显现 螺纹钢期货短期缺乏大幅拉涨驱动偏弱运行,2018-01-05
需求旺盛推动金属行业价值重估,2018-01-05
南北钢材价差拉大,2018-01-05
我国铜铝加工产能世界第一,2018-01-05
伦锌价格创近十年新高 现货钯金升穿七年最高位,2018-01-04
黑色系的围魏救赵 大雪倾城的冬储如何演绎？,2018-01-04
螺纹：1801合约交割跟踪报告,2018-01-04
瑞雪兆丰年 RB1805有望创新高,2018-01-04
铁矿或有一冲 空而杀之,2018-01-04
有色研判：价格上涨主要驱动从供给端转向需求侧？,2018-01-04
螺纹钢有望突破前高 1805合约或顺势破4104元/吨,2018-01-04
多空分歧较大 铜短期面临回调,2018-01-04
黑金日评：短线可继续博螺纹和焦炭空单,2018-01-03
当供给开始飙升 锂价格还能挺多久？,2018-01-03
供应缺口支撑 2018年锌价依旧笑春风,2018-01-03
不锈钢“缺货”行情褪色 沪镍继续做多动能不足,2018-01-03
铁矿石产业链利润分配将向原料端倾斜,2018-01-03
铜价短期存在调整需求 中期依旧偏乐观,2018-01-03
金市新年首个交易日迎来“开门红”,2018-01-03
高盛发布最新金属价格展望 并淡化中国需求放缓忧虑,2018-01-03
今年钢铁产能环境可能好于上年,2018-01-02
金属建材年报告：政策边际递减 钢材价格宽幅震荡,2018-01-02
锰矿涨价侵蚀利润 阻碍供给复苏进程,2018-01-02
逻辑策略：2018一季度矿石走强的逻辑和策略,2018-01-02
趋势之外 波动之中—2018年钢铁行业9大预判,2018-01-02
利多因素提振 黄金缓涨格局可期,2018-01-02
2019年缺口或比较大 铜价易涨难跌,2018-01-02
黄金市场不经历风雨 哪能见彩虹,2018-01-02
黑色金属：去产能+环保限产,2018-01-02
有色金属：春已至 花待开,2018-01-02
Lgmi唐山型材简评：月初资金压力放缓 节后型价跌幅或收窄,2018-01-01
2017年黑色小结：现货回调基差收敛 远月预期非常乐观,2018-01-01
Lgmi:库存看市场 供需弱平衡打破 北京建材库存小幅上升,2018-01-01
对话螺纹：风起云涌的2017,2018-01-01
Lgmi:库存看市场 供需弱平衡打破 北京建材库存小幅上升,2018-01-01
Lgmi唐山型材简评：月初资金压力放缓 节后型价跌幅或收窄,2018-01-01
2017年12月国内钢铁PMI降至50.2%,2017-12-31
2018年铜市展望：预期与现实的激荡,2017-12-30
大跌开局连涨随后 12月铜价走势刺激,2017-12-30
格林大华：2017年贵金属年报,2017-12-29
图解铜价飙升至四年高点 基金押注市场面临短缺,2017-12-29
美经济数据表现不佳 黄金多头氛围浓厚,2017-12-29
2018年铜价易涨难跌,2017-12-29
需求压垮钢价 钢价平衡的基础是什么？,2017-12-29
贵金属反弹近尾声 短期或掉头向下,2017-12-29
镍价历史性低位 后期上涨空间巨大？,2017-12-29
红风筝狙击5万手铜大户 决战商品牛熊,2017-12-29
铁矿石市场震荡调整 后期市场或持稳运行,2017-12-28
当前钢价承压利好开春行情,2017-12-28
2018年镍投资策略报告：山重水复疑无路，柳暗花明又一村,2017-12-28
江西铜业“罗生门”后 外盘期铜创四年新高,2017-12-28
"钢铁行业2018年策略报告:供给为矛,需求为盾",2017-12-28
俄罗斯又接钢铁生产大单 中国过剩产能向俄转移,2017-12-28
黄金“五连涨”冲击1290关口 美联储副主席争夺战开打！,2017-12-28
因中国11月铜进口大幅攀升 LME期铜周三升至四年高位,2017-12-28
供需形势紧张 期货市场铜价12月以来持续走强,2017-12-28
江西铜业“罗生门”后 伦铜创近四年新高,2017-12-28
铜价创四年新高，受需求强劲及潜在供给不足预期提振,2017-12-28
LME三个月期铜上涨至7200美元/吨以上,2017-12-27
中国停产消息刺激铜价创下三年新高 投行预计2018年还要大涨！,2017-12-27
2018年钢市需求何去何从？,2017-12-27
全国终端需求萎缩明显 螺纹钢上行受阻,2017-12-27
钢价还会往下砸？从最核心的逻辑出发深度剖析黑色系,2017-12-27
看多情绪高涨 铜市“涨声”响起来,2017-12-27
钢厂补库预期落空 铁矿大幅回落,2017-12-27
有色重磅纪要：2018年铝价区间在哪里？,2017-12-27
铝价落至成本区 明春有望回暖？,2017-12-27
华泰有色：山东电解铝产能或进一步压减 铝供需结构将实质性改善,2017-12-26
2018年锌价展望：最后一场表演,2017-12-26
9家钢厂再跌超100，唐山突发停限产50%，钢价还跌吗？,2017-12-26
2018年贵金属市场展望：欧日追随美联储脚步，金银或延续前高后低,2017-12-26
2018年镍价展望：结构牛市并未来临,2017-12-26
2018年螺纹钢铁矿石行情展望：供给唱罢需求登场，钢价料冲高回落,2017-12-26
2018年金属市场展望：宏观转弱拖累需求 供应差异导致走势分化,2017-12-26
螺纹钢期货下行空间有限,2017-12-26
基本面施压 沪铅将重回弱势格局,2017-12-26
2018年铝市场展望：环保接力供改 铝价重心略有上移,2017-12-25
神秘铜交易！15分钟交易2万多手直接撼动了国际市场,2017-12-25
国内镍价第四季度步入攀升轨道,2017-12-25
国内镍价第四季度步入攀升轨道,2017-12-25
2018年钢材市场继续宽幅震荡 依然“快进快出”操作,2017-12-25
国内钢价下行 进口矿库存创新高,2017-12-25
黄金晨报：避险回归！黄金强势突破1270,2017-12-25
钴金属的全球争夺！一家神秘公司坐庄 全球钴价暴涨,2017-12-25
隔夜数据评论：美元颓势不止 金属受振普遍录得上涨,2017-12-25
期铜发力年末三连阳 多数人看好铜价完美收官,2017-12-25
螺纹钢：蓄势待飞 择机做多,2017-12-24
沪铜反弹 铜业板块峰回路转,2017-12-23
2018年锡价展望：供应忧虑支撑锡价,2017-12-22
2018年铅市场行情展望：供应小幅过剩 铅价震荡偏弱,2017-12-22
近期钢厂补库需求放缓 节前补库或于1月中下旬启动,2017-12-22
基本面无亮点提振 铜价缺乏大幅反弹动力,2017-12-22
沪钢难现趋势下跌 可关注现货企稳后期现价差修复行情,2017-12-22
黄金 跌势有望逆转,2017-12-22
铝价上涨压力重重 反弹缺乏基本面支撑,2017-12-22
铁矿石2018年度投资报告：四大矿山增产项目对原料供应的影响,2017-12-22
强劲复苏下的正循环：未来有色爆发的三个超预期机会在哪里,2017-12-21
铜价上涨空间将逐渐打开 中期走高基础扎实,2017-12-21
运用COMEX黄金期权捕捉潜在投资机会,2017-12-21
以供给侧改革为主线推动钢铁行业绿色发展,2017-12-21
就盘面说盘面：短期的行情当然是逢高做空！,2017-12-20
镍价或因情绪性因素提振 暂缺乏突破前高的能量,2017-12-20
镍：有色金属的价值洼地,2017-12-20
2018有色板块机会剖析：供给制约新常态 下游需求成新驱动,2017-12-20
技术解盘：沪镍难言反转 铁矿石波幅收窄,2017-12-20
短期铝市基本面难言好转 铝价偏弱振荡运行,2017-12-20
贵金属短期步入反弹模式,2017-12-20
期现运行节奏存差异 把握螺纹钢基差修复机会,2017-12-20
“两高、三低”2018年春季螺纹钢供应紧平衡格局仍会带来机会性行情,2017-12-20
螺纹“增仓“下行 冬储机会到了？,2017-12-19
钢厂大跌180！钢坯跌至3900！钢价降价潮突袭？,2017-12-19
量跌价升 中国钢材出口价格升至近四年新高,2017-12-19
钢铁市场研判：明年供需矛盾趋于缓解？,2017-12-19
铜价终究要回归理性 沪铜面临冲高回落,2017-12-19
钢材供需或呈紧平衡状态 螺纹钢仍可看高一线,2017-12-19
分析人士：有色金属牛市明年将持续,2017-12-19
2018年铜市场展望：春寒料峭,2017-12-18
铁矿石未来偏弱震荡 短期仍会上冲,2017-12-18
库存由降转升 钢市步入回调,2017-12-18
供应端支撑明显 沪锌有望挑战前高,2017-12-18
短期库存支撑反弹 铜价难以出现大涨,2017-12-18
螺纹钢短期仍会上涨 中期进入回调,2017-12-18
积极转变我国铝工业的发展模式,2017-12-18
铁矿石夜盘强反的思考与产业逻辑追踪：强势拉起的信号不容忽视,2017-12-18
对话螺纹：随矿潜入夜,2017-12-18
明年钢铁、煤炭、铝等行情或将常态回归,2017-12-18
“剩者红利”不断释放 去产能进入巩固期,2017-12-18
螺纹钢基差保护下的合理做多,2017-12-17
铜延续今年来最长连涨走势 因全球经济前景改善,2017-12-16
钢贸商封库 下周钢市涨？！,2017-12-15
全国螺纹社会库存正逐步累积中 市场或随之承压,2017-12-15
欧美经济复苏影响金价几何,2017-12-15
工信部：修改后的钢产能置换办法预计年底前出台,2017-12-15
黄金市场处于黎明前的黑暗期,2017-12-15
分析人士：有色金属基本面或现趋势性改善,2017-12-15
铁矿石市场震荡调整 短期市场仍有支撑,2017-12-14
中国金属学会常务副理事长：钢铁行业不可忽视碳排放问题,2017-12-14
破万不是梦！史上最大罢工潮或将袭来 铜市明年还要继续火爆,2017-12-14
今后螺纹钢价格的两大走向,2017-12-14
史上最大的罢工潮即将来袭 铜市火爆依然继续,2017-12-14
我国铜消费发展趋势及峰值预测,2017-12-14
螺纹钢上下两难 低库存制约向下空间,2017-12-14
锌价上涨动力充足 短期冲击3200仍可期,2017-12-14
国内钢铁企业成本构成大起底 读完你也是黑色领域半个专家,2017-12-14
热卷1801合约交割预评,2017-12-14
“纠结”的05螺纹 3800附近多空争夺,2017-12-14
税改通过 为什么黄金跌了？,2017-12-14
中国铝业年内涨幅超90%背后：转型升级成效显现 铝价攀升只是推手,2017-12-14
闹剧还是拐点？惊魂18小时！黑色系的空袭警报,2017-12-13
黑色品种盘面与基本面之间的一些逻辑变化,2017-12-13
唐山钢坯破4000 供需两弱下的供小于求或为主基调,2017-12-13
钢材库存继续走低 现货或将继续高位震荡,2017-12-13
以时间换空间 结构性供应紧张将给镍价带来强有力支撑,2017-12-13
沪锌明年波幅将进一步扩大,2017-12-13
全球经济持续复苏 沪铜中期上行基础牢固,2017-12-13
基本面转弱 螺纹钢基差面临修复,2017-12-13
付鹏：铁矿石和澳元的追踪记,2017-12-13
今年钢铁去产能超额完成工信部将出台产能置换新政,2017-12-13
现货涨上天期货跌成狗 钢市要闹哪样？,2017-12-12
12月份钢企盈利能否超预期？,2017-12-12
库存创六年新低 钢价难以大幅下跌,2017-12-12
钢材库存开始增加 螺纹钢宜逢高沽空,2017-12-12
去库存不及预期 铝市空头氛围仍浓,2017-12-12
短期不利因素仍多 沪铜弱势运行为主,2017-12-12
新华社：英国钢铁业变迁对全球应对产能过剩的启示,2017-12-11
钢市十二月中下旬面临较大风险,2017-12-11
徐文立：钢铁去产能将达五年目标上限，将公布新产能置换政策,2017-12-11
今日财经数据前瞻：关注中国数据 金属或将延续分化震荡,2017-12-11
兴业期货：美国加息在即 有色观望为主,2017-12-11
“钢铁侠”强势归来：钢价突破5000元创6年新高 想买你还“抢不到”！,2017-12-11
“地条钢”屡禁不绝 还需对症下药打出“组合拳”,2017-12-11
国内钢价涨幅收窄 铁矿石市场震荡盘整,2017-12-11
限产消息频出 锰硅强势运行,2017-12-11
从宏观与微观看铜业发展 全球铜市场或已步入2-3年的景气周期,2017-12-11
精分的螺纹 宏观与微观拉扯下的基差,2017-12-10
铜陵有色关闭20-30%粗炼产能 为2018长协TC谈判加码,2017-12-08
郑商所对两名客户做出纪律处分,2017-12-08
黑色系“过山车”行情再现 暴跌后还有反弹机会吗？,2017-12-08
金属市场：中国将成全球铝废料主要市场 锌冶炼厂冬储备库如何,2017-12-08
钢铁市场的牛市行情会就此终结吗？,2017-12-08
螺纹脱虚向实 期待空头犯错,2017-12-08
铝：基本面并未好转,2017-12-08
供应缩减不敌需求疲软 铅价将继续承压走低,2017-12-08
沪铜回落但向下的空间将比较有限 或现买入保值良机,2017-12-08
沪钢贴水扩大 难现趋势性下跌,2017-12-08
LME工业金属跌势未止：伦铝大跌至8个月最低,2017-12-07
多空汇集 锌价等待突破,2017-12-07
敦和汪晓红重磅分享：镍价重心谁主沉浮？,2017-12-07
螺纹上5000 而且是一整年 ! 这十大核心观点证明一切不是梦！,2017-12-07
螺纹盛极而衰 步入鱼尾行情,2017-12-07
技术解盘：沪铜破位下行 沪银再度寻底,2017-12-07
市场偏空氛围仍较浓 铝价易跌难涨,2017-12-07
利多因素逐步兑现 螺纹钢面临大幅回调,2017-12-07
交割前的难题：01螺纹卷板的高贴水问题,2017-12-07
中国钢铁去产能叠加采暖季环保限产 机构预测2018年铁矿石需求趋降,2017-12-07
三天大涨20%后 郑商所调整硅铁保证金、涨跌停并提示风险,2017-12-06
黑色系惨遭15.6亿抛售 期螺暴跌105 钢市真的要大跌么？,2017-12-06
铁合金期货午后大涨 黑色系表现疲弱,2017-12-06
大涨之后持续调整 隔夜铜价重挫,2017-12-06
基本金属走势惨淡 期镍、期铜携手大跌,2017-12-06
大涨之后持续调整 隔夜铜价重挫,2017-12-06
螺纹为何淡季发疯？25年的现货商说问题在库存,2017-12-06
空头风暴袭击金属市场 铜镍暴跌,2017-12-06
贴水修复完成叠加港口库存累积 铁矿石上升潜力较大,2017-12-06
技术解盘：硅铁谨防头部风险 沪锌多头适当减持,2017-12-06
宏观经济稳定 沪镍运行中枢将逐步抬升,2017-12-06
采暖季限产 沪钢溢价扩大,2017-12-06
需求预期改善 铜价有望企稳反弹,2017-12-06
金属市场：有色持续分化 钢材需求向好,2017-12-06
铁矿石定价机制的演变历程和博弈分析,2017-12-06
多因素推动钢材价格上涨 10家上市钢企年报预喜,2017-12-06
铁矿石市场稳中偏强 后期市场维持强势,2017-12-05
吨钢利润超一千？唐山轧钢厂感叹英雄“气短”,2017-12-05
明日钢市定价参考,2017-12-05
螺纹钢涨幅过大 谨防下调风险,2017-12-05
章源钨业十二月上半月钨品长单价上涨,2017-12-05
花旗称铜价明年多数时间高于7000美元,2017-12-05
螺纹钢单周大涨10%逼近5000大关 钢企赚得盆满钵满,2017-12-05
铁矿短期跟随螺纹保持强势 但仍缺乏单独向上驱动,2017-12-05
硅铁、锰硅涨停 小品种迎来春天？,2017-12-05
螺纹钢迈入顶部区域,2017-12-05
长期供应偏紧 沪镍等待企稳,2017-12-05
制造业扩张推动铜价上涨,2017-12-05
利空掣肘 铁矿石上冲后劲或不足,2017-12-05
我国钢材出口现状及发展趋势分析,2017-12-05
美元走强压制镍价上涨，预计镍价后续涨幅有限,2017-12-05
钢铁价格涨声一片 铁矿石价格顺势反弹？,2017-12-05
钢铁行业明年产量或将与今年持平,2017-12-05
我国钢铁行业明年产量或将与今年持平,2017-12-04
螺纹钢价格为何大涨？ 限产的不对称性叠加资本力量炒作,2017-12-04
螺纹现货保持高位 期螺主力合约大概率高位震荡,2017-12-04
为何明年钢材市场指标增长放缓？,2017-12-04
安阳下发紧急通知 多家钢企停限产,2017-12-04
螺纹钢价格疯涨 单周上涨500元！每天涨150-200元！,2017-12-04
国内钢价大幅上涨 铁矿石价格小幅盘整,2017-12-04
中国加强污染检查令市场担心供应 LME期铅和期锌周五触及数周高位,2017-12-04
隔夜财经数据评论：基本金属内外走势相同,2017-12-04
螺纹钢期货周总结：不敢高位空 恐惊天上螺,2017-12-04
钢价疯涨！“风口上的猪”能飞多久？,2017-12-04
钢材价格创出新高 经济到底好不好？,2017-12-04
对话螺纹：冬天里的一把火 须保持一份清醒,2017-12-04
黑色系淡季缘何涨势凌人 明年春季大概率将调整,2017-12-02
螺纹止步4000大关 3.8亿资金离场观望——钢材期现联动冲高赶顶,2017-12-02
深度研报：库存加速去化 钢价上涨之路还能走多远？,2017-12-02
沙钢再涨五百元 螺纹多头氛围冷却 情绪到位可反手,2017-12-01
淡季钢价何以创5年新高？涨势能否延续？,2017-12-01
为何明年钢材市场环境保持平稳？,2017-12-01
钢铁产能过剩全球论坛达成政策共识,2017-12-01
螺纹钢涨至4043元/吨现货或剑指5000元 为什么这么“疯涨”？,2017-12-01
钢铁产能过剩全球论坛部长级会议在柏林召开,2017-12-01
螺纹钢涨至4043元/吨，现货或剑指5000元，为什么这么“疯涨”？,2017-12-01
技术解盘：沪镍头肩顶形态 沪铜等待方向选择,2017-12-01
厂库大幅下降 沪钢贴水有望持续修复,2017-12-01
铝短期库存增加概率较小 下行空间不大,2017-12-01
螺纹钢创四年新高 北上资金加码龙头钢企,2017-12-01
经济复苏支撑工业金属，为2018年上涨奠定了基础,2017-12-01
不锈钢冲击仍在 镍市格局存变数,2017-12-01
高盛强势看衰：铁矿石未来12个月跌至50美元,2017-12-01
高盛强势看衰：铁矿石未来12个月跌至50美元,2017-12-01
商品期货黑色系全线大涨 双焦涨逾3%螺纹逼近9月新高,2017-11-30
中钢协：钢价不存在泡沫,2017-11-30
黑色系全线上涨！ 螺纹钢涨近3%，创近3个月新高,2017-11-30
25年来首次！美自主发起对中国铝卷反侵销调查,2017-11-30
中长期镍价仍强 关注关注跨期价差套利机会,2017-11-30
供应紧张局面有所缓解 沪锌维持偏空思路,2017-11-30
贸易商惜售 沪钢重拾升势,2017-11-30
有色金属陷“寒潮”全员下挫 铜价步入慢牛格局 沪铝预计偏弱运行,2017-11-30
发改委推进明年煤炭中长期合同签订履行,2017-11-30
低库存严限产 螺纹钢期货多头情绪浓,2017-11-30
供需双弱 沪镍短期易跌难涨,2017-11-30
螺纹钢价半月狂涨400元！它为什么这么疯？,2017-11-29
明日钢市定价参考,2017-11-29
铜企高管预期铜市将恢复平衡 监管严格致使生产与冶炼成本升高,2017-11-29
美商务部针对中国合金铝片自发开展双重贸易调查,2017-11-29
铁矿石下行概率较大 可逢高空铁矿石1805,2017-11-29
全球工业活动回暖 铜价步入慢牛格局,2017-11-29
精炼镍仓单维持下降格局 沪镍缺乏趋势性下跌基础,2017-11-29
北方采暖限产 钢铁淡季价格创6年新高,2017-11-29
前10月钢铁行业利润同比增1.6倍 中钢协常务副会长：钢价不存在泡沫,2017-11-29
镍价涨势暂停 电动汽车相关需求尚未带来提振,2017-11-28
“奶酪”争夺战愈演愈烈 中铝5亿美元布局几内亚铝土矿,2017-11-28
有色金属行业基本实现供需动态平衡,2017-11-28
全球十大钢铁企业产品竞争力对比,2017-11-28
需求减弱预期加剧伦镍大跌近4% 楼市降温对锌消费抑制显现,2017-11-28
钢材消费已阶段性见顶 沪钢趋势性上涨行情难现,2017-11-28
沪铜短期回调后中长期将继续上行,2017-11-28
全球十大钢铁企业产品竞争力对比,2017-11-28
冬季减产不及预期 铝价骤跌成本倒挂,2017-11-28
应推动铁矿石期货成为全球定价基准,2017-11-28
黑色系“暖冬”重燃“战火” 谨防寒潮突袭,2017-11-28
前10月工企利润同比增23.3% 煤炭钢铁等四行业贡献率超一半,2017-11-28
李新创：钢厂环保限产如何避免“一刀切”,2017-11-27
期螺超6亿疯狂涌入 库存降新低 年末钢市能否抹平前高?,2017-11-27
中钢协顾建国：2018年钢市总体供需将基本平稳,2017-11-27
做多焦化利润不如做多螺矿比,2017-11-27
镍价向上修复 但继续往上空间或有限,2017-11-27
铜价吹响反攻号角？多数看好铜价走高,2017-11-27
供应趋紧 沪铅偏强运行,2017-11-27
螺纹钢供需现状及价格趋势研判,2017-11-27
铁矿石期货逐鹿国际贸易定价基准,2017-11-27
供需矛盾不突出 铜价反弹空间受限,2017-11-27
lgmi:唐山型材简评：库存微增 出货压力增大 下周整体小幅走弱？,2017-11-26
Data Talks：低风险，高收益，做多白银有诀窍,2017-11-26
采暖季限产效应有待发酵 铁矿石具备买入价值,2017-11-24
采暖季限产效应有待发酵 铁矿石具备买入价值,2017-11-24
中期供需边际变化利空 铜价回升难改中期跌势,2017-11-24
限产落地 螺纹钢维持偏强格局,2017-11-24
白银投资可能需要从长计议,2017-11-24
消费走弱和成本支撑塌陷 两大利空冲击铝价,2017-11-23
LME铜库存大降仅库存转移 铜需求疲软拖累铜价,2017-11-23
技术解盘：沪铜重拾升势 热卷突破压力,2017-11-23
钢材：供应收缩 近月合约有望涨破前高,2017-11-23
基本面向好推升沪锌 短期逢低买入为主,2017-11-23
黑色重磅专题：究竟什么在影响2017年的铁矿价格 明年2季度会迎来一波大反弹吗？,2017-11-23
螺纹钢需求转旺 年底前或维持振荡上扬走势,2017-11-23
螺纹钢供需紧平衡 期价延续宽幅震荡,2017-11-23
多头双雄战永安 螺纹战火再燃！| 持仓分析,2017-11-22
周大勇：历史总会重演，黑色走的是原来纺织的路！| 独家专访,2017-11-22
兰格炉料：铁矿石市场稳中趋强 短期市场涨跌两难,2017-11-22
新老朋友齐相助 环渤海钢铁市场论坛召开在即,2017-11-22
兰格钢铁：明日钢市定价参考,2017-11-22
螺纹蓄谋已久的一场双城记 多头下了一个大套,2017-11-22
专家解读：2018年钢价能否“一路高歌”？,2017-11-22
对钢材市场形势的几点看法,2017-11-22
螺纹钢：维持偏空思路,2017-11-22
铁矿石多空争夺陷入胶着 价格陷入上下两难局面,2017-11-22
贵金属：谨慎乐观,2017-11-22
沪镍短期偏弱运行,2017-11-22
铜价先抑后扬为主基调,2017-11-22
钢铁行业采暖季集中错峰生产 钢铁价格预计小幅温和上涨,2017-11-22
钢铁国企盈利能力持续增长“去库存”行情值得期待,2017-11-22
沪铜中长期存多头机会,2017-11-22
铝市遭重创空头力量逐渐加大 沪铝回吐8月份以来全部涨幅,2017-11-21
兰格炉料：铁矿石市场窄幅盘整 后期市场稳中调整,2017-11-21
兰格钢铁：明日钢市定价参考,2017-11-21
lgmi：对钢材市场形势的几点看法,2017-11-21
期螺空头犯了错 白菜捡不捡？,2017-11-21
螺纹钢期货：01是现实 05是梦想,2017-11-21
供给侧风暴：钢铁行业深度观察 去限产能结合 供给何去何从？,2017-11-21
技术解盘：螺纹钢吞没形态 沪锌调整延续,2017-11-21
沪铜维持短空长多格局,2017-11-21
黄金多头的好日子要来？ 还有许多不确定性！,2017-11-21
限产逻辑演变绘制黑色系“心电图”,2017-11-21
魏迎松：高利润终究要收缩 螺纹拿什么破5000？ | 独家专访,2017-11-20
兰格钢铁：明日钢市定价参考,2017-11-20
Lgmi钢市简评：黑色系强势反弹 钢坯拉涨20 钢价还能重拾前高？,2017-11-20
商品期货黑色系大涨 玻璃创2013年以来新高,2017-11-20
限产开启 库存降至历史低位 现涨期跌格局再现,2017-11-20
螺纹钢：钢厂利润回归,2017-11-20
需求预期悲观 螺纹钢或继续承压下行？,2017-11-20
谁给黄金施加“红周五”魔咒,2017-11-20
周跌6.81% 有色金属行业加速下行,2017-11-20
上期所铜期货期权立项获批,2017-11-19
铜期权获准立项 工业品类期权将落地,2017-11-19
黑金周评：北方开启限产 南方需求保持,2017-11-19
中国首个工业品期权来了！上期所铜期货期权立项获批,2017-11-19
国内钢价先扬后抑 进口铁矿石价格小幅波动,2017-11-19
金银技术面改善 短线看涨,2017-11-19
螺纹资源紧缺坚定看多？预期转向大胆做空？都是扯淡！,2017-11-19
兴业研究张峻滔：看好黄金中长期投资价值,2017-11-19
钢铁行业快评：钢铁快评限产力度差异较大 钢价区域震荡变化,2017-11-18
兰格钢铁：明日钢市定价参考,2017-11-17
钢材短期内高需求唱主调 但不排除后期压力显现,2017-11-17
景川：铜价震荡蓄势 铜下游需求轮转能成功吗？ | 独家专访,2017-11-16
兰格炉料：国内铁矿石市场表现波动 进口矿价格下滑明显,2017-11-16
兰格钢铁：明日钢市定价参考,2017-11-16
短期利空打压沪钢 近月贴水存在修复机会,2017-11-16
基本面依然良好 沪铜下行空间有限,2017-11-16
【镍】躲过十一未躲过十五,2017-11-16
观察：大危机？揭秘暴跌逻辑！滞涨下的螺纹何去何从？,2017-11-15
兰格钢铁：明日钢市定价参考,2017-11-15
兰格炉料：国内铁矿石市场变动不大 短期内维持稳定,2017-11-15
采暖季错峰限产 钢价四季度有望持续走高,2017-11-15
西部矿业扩大有色金属版图 拟15.24亿收购大梁矿业,2017-11-15
技术解盘：沪铜60000元/吨是重要阻力位,2017-11-15
下半年以来钢企处于高利润状态,2017-11-15
铁矿石维持宽幅振荡,2017-11-15
锌价运行重心逐步下移,2017-11-15
采暖季错峰限产启动钢价短期或延续强势,2017-11-15
兰格炉料：国内铁矿石市场整体持稳 个别地区调整,2017-11-14
Lgmi：粗钢产量将处于下降通道,2017-11-14
兰格钢铁：明日钢市定价参考,2017-11-14
冬季限产刺激钢铁股走强,2017-11-14
大量资金涌入 铜价逆势拉升,2017-11-14
香港交易所铁矿石期货上市首日成交活跃 成交1022手,2017-11-14
各版块资讯汇总 镍低多持有不追高,2017-11-14
消费走弱和成本支撑 两大利空冲击铝价,2017-11-14
新能源之路遥遥 炒作之后镍市归于平淡,2017-11-14
铁矿石较难摆脱振荡偏弱格局,2017-11-14
库存高企铁矿石价格承压,2017-11-14
黑色系获14亿热捧 钢坯大涨80 钢市新一轮上涨已开启？,2017-11-13
兰格钢铁：明日钢市定价参考,2017-11-13
中钢协：预计11月整体影响铁矿石需求600万吨,2017-11-13
段戊：11.13央行集聚税改煽风 现货黄金走势分析,2017-11-13
中国铝业将退出深圳有色财务,2017-11-13
货紧销量好减产低库存 锌价或将继续高位运行,2017-11-13
进口增、升水落，铜价向下寻求支撑,2017-11-13
库仍有下行空间 需求支撑钢价缓慢上涨,2017-11-12
40亿美元名义价值黄金期货遭抛售 金价急剧下挫,2017-11-11
11月华北六钢建筑钢材投放量大幅下降 出厂价暴涨100-140元,2017-11-10
钢铁业借助期货熨平价格波动,2017-11-10
英媒称中国铁矿石进口跌至一年新低：为保护冬季环境限产,2017-11-10
6-8月涨上去的铝价 双十一要促销了吗,2017-11-10
美税改计划再遭重创 期锡承压震荡,2017-11-10
今日财经数据前瞻：关注美国消费信心指数 金属走弱格局分化,2017-11-10
第三季度全球黄金需求降至八年来最低,2017-11-10
螺纹钢价格开启补涨行情,2017-11-10
多重利空袭来 沪铜短期回调压力较大,2017-11-10
供过于求 铁矿石期货反弹高度恐有限,2017-11-10
江西有色主营收入居全国首位,2017-11-09
永安铁矿1801多单提前离场早有预谋 铁矿吹起黑色下跌号角？,2017-11-09
大跳水超凌乱！现货商又蒙圈！螺纹在表演假摔？,2017-11-09
结束四年连降 世界最大铜生产商维持明年美铜实物交割升水不变,2017-11-09
沪铝连续四日下跌 机构的判断靠不靠谱？,2017-11-09
黑色系产业链逻辑推演的一些基本常识,2017-11-09
2017以及2018年镍价会继续改善 价格区间11w—14w,2017-11-09
十五年钢贸简史：老徐玩铁矿，是这样一路玩过来的……,2017-11-09
远强近弱 铁矿石如此套利或可行,2017-11-09
基本面偏空 沪钢反弹是“逗你玩”？,2017-11-09
环保压力倒逼铝行业技改 限产利好待释放,2017-11-09
10月铁矿石进口量大降23% 市场供大于求矛盾更突出,2017-11-09
50家有色金属公司发年报预告 天齐锂业暂为有色盈利王,2017-11-09
高位震荡加剧 镍价短期需谨慎,2017-11-09
行业研究丨有色金属行业信用风险分析与展望,2017-11-08
黑色系日评：上下的行情 纠结的心情,2017-11-08
10月大宗商品进口量环比大跌 铁矿石进口量创一年半新低,2017-11-08
铁矿石：限产力度难现缓解 市场不宜过分解读,2017-11-08
贵金属：布局趋势性空单,2017-11-08
终端需求亦受环保政策影响 螺纹钢多头蓄势待发,2017-11-08
铝：期价盘整 警惕政策导向风险,2017-11-08
境内外期铝行情悖逆探营： 反向套利潮起暗藏隐患,2017-11-08
黄金市场逐步对外开放助力人民币国际化进程,2017-11-08
避险情绪回归 黄金有望迎来突破,2017-11-08
铜价长期存在走高基础,2017-11-08
唐山钢铁业探营：环保限产只紧不松 钢贸商称没赚到钱,2017-11-08
中国“钢铁基地”探营：今年钢企赚钱赚到手软，钢贸商却说没看到钱！算上这笔账，钢企盈利要打折,2017-11-07
北京中铁建工应用兰格云商物流平台取得明显效果,2017-11-07
兰格炉料：铁矿石市场稳中有涨 短期难现全面上涨局面,2017-11-07
环渤海钢铁论坛探讨钢铁供应链解决方案,2017-11-07
头条：10月最高利润千元以上 11月份钢企盈利能否继续高位？,2017-11-07
近期铜价上涨 谁在看好铜市？,2017-11-07
否极泰来 铁矿石6日为何大涨6.12%？,2017-11-07
镍价创下2015年以来最高收盘 电动车成为热炒话题,2017-11-07
原料品种见底反弹迹象明显 钢价或重回升势,2017-11-07
供需缺口逐渐增大 沪锌延续中期上涨基调,2017-11-07
黑色系持续走强 铁矿石主力收涨超6%,2017-11-07
纽约金价6日上涨,2017-11-07
黄金深港通首宗交易完成,2017-11-07
沪铜短期难现大涨行情,2017-11-07
明年钢材价格预计宽幅震荡,2017-11-06
中国外汇储备持续增长 金属分化仍在持续,2017-11-06
隔夜财经数据评论：美元先抑后扬 期镍强势六连阳,2017-11-06
COMEX评论：期铜下滑 但驻守近三年高位,2017-11-06
中国五矿牵头建亿吨级矿石交易中心,2017-11-06
四季度需求不容乐观 沪铝难现大涨行情,2017-11-06
不到两年价格翻倍 钯金成贵金属市场“新星”,2017-11-05
国内钢市供需双弱价格小跌 进口矿价小幅波动,2017-11-05
需求疲软的十一月钢价逆势上涨？,2017-11-05
突破！重挫！疯狂互怼！钢价怒迎大行情？,2017-11-05
唐山型材简评：环保压力尚存 下周型价或小幅偏强运行,2017-11-04
上有顶下有底 钢价还能翻出“如来掌”？,2017-11-04
重磅专题：锌行业龙头嘉能可的漫漫复产之路,2017-11-04
机械设备被看好 大幅增持有色金属,2017-11-04
中国五矿牵头建亿吨级矿石交易中心,2017-11-04
五矿打造我国北方最大铁矿石交易中心,2017-11-03
兰格炉料：铁矿石市场震荡调整 下周市场盘整运行,2017-11-03
Lgmi唐山型材简评：环保压力尚存 下周型价或小幅偏强运行,2017-11-03
来环渤海钢铁市场论坛 听权威专家解读宏观经济形势,2017-11-03
兰格钢铁：明日钢市定价参考,2017-11-03
Lgmi：明年中国粗钢产量继续增长,2017-11-03
头条：上有顶下有底 钢价还能翻出“如来掌”？,2017-11-03
十一月份国内钢铁市场震荡趋强,2017-11-03
明年中国粗钢产量继续增长,2017-11-03
Codelco释放“烟雾弹” 铜价震荡偏弱,2017-11-03
停限产持续爆棚！钢坯尾盘跌至3640！钢价往哪走？,2017-11-03
搞垮泛亚的铟为何近期暴涨37%（铟产业链需求分析）,2017-11-03
钢价上下两难 波段操作为宜,2017-11-03
镍价回落幅度不大 沪镍后市仍可看高一线,2017-11-03
华友钴业净利增幅夺“探花” 新能源汽车引发镍价救赎,2017-11-03
环渤海钢铁论坛聚焦钢铁行业最新热点,2017-11-02
明年中国钢材出口可能回升,2017-11-02
明年中国钢材出口可能回升,2017-11-02
镍价涨停背后的故事,2017-11-02
未来矿山增量有限 铁矿石谨慎追空,2017-11-02
详解铁矿石期货交割流程,2017-11-02
铜基本面依然良好 铜价回升动力充足,2017-11-02
螺纹钢下跌趋势难以逆转 黑色系可逢高做空,2017-11-02
四大因素 造就镍价一飞冲天,2017-11-02
镍价急速拉涨之后：讲真，两年内还有大机会？,2017-11-02
“镍”盘重生:新能源搅动金属江湖,2017-11-02
钛白粉企业第三季度净利增速放缓,2017-11-02
北方稀土与厦门钨业战略合作,2017-11-02
沪锌慢牛行情可期 后市仍存走升预期,2017-11-02
铜价波动或加大 机构看好黄金走势,2017-11-02
观察：通缩OR通胀？ 债商双杀后的螺纹爆破,2017-11-01
Lgmi：明年铁矿石进口突破11亿吨,2017-11-01
通缩OR通胀？ 债商双杀后的螺纹爆破,2017-11-01
明年铁矿石进口预计突破11亿吨,2017-11-01
唐山停限产猛烈，期钢反弹至3628,2017-11-01
行情疲软期来了 钢价回落直接打击了它！,2017-11-01
沪铜多头信心受挫 回调压力增大,2017-11-01
钢铁业三季报继续飘红 宝钢成A股最赚钱钢企,2017-11-01
前三季度全国粗钢产量同比增6.3% 钢材价格继续上涨,2017-10-31
lgmi：利多信号正在集结 钢市有望突破弱势震荡再向上,2017-10-31
Lgmi：10月钢铁流通业PMI为47.8 景气度继续下滑,2017-10-31
唐山钢企高炉采暖季限产120天 影响总量1821万吨,2017-10-31
国内钢铁PMI指数“两连降” 行业高景气格局依然延续,2017-10-31
中国除霾行动发力：铁矿石价格或将面临“巨大压力”,2017-10-31
中国除霾行动发力：铁矿石价格或将面临“巨大压力”,2017-10-31
旺季不旺 钢价承压下行,2017-10-31
铜：不宜高估上升空间,2017-10-31
环保限产对有色金属市场影响逐步显现,2017-10-31
钢铁板块三季报逆袭 行业平均ROE增逾三倍,2017-10-31
业界看多电解铝明年春节前行情,2017-10-31
唐山加大减排力度再限产 连续四日烧结竖炉全停,2017-10-30
头条：明年钢材消费增速预计大幅回落,2017-10-30
电解铝供给侧改革正当时 中国宏桥业绩再攀高峰,2017-10-30
2017年钢铁行业整体或将继续好转,2017-10-30
采暖季限产将至 沪铝有望挑战前高,2017-10-30
预期不佳 有色金属指数周跌0.60%,2017-10-30
铜产业链企业最优套保比例研究,2017-10-30
“铜博士”超预期上涨后回归理性，四季度料将高位振荡整理,2017-10-30
明年小金属行情或将持续,2017-10-30
国内钢价延续跌势 进口铁矿石价格震荡波动,2017-10-30
国储局收储在即 稀土价格逐渐企稳,2017-10-30
受益铝价上涨 云铝股份三季度净利翻倍,2017-10-29
卷螺矿的三重奏（周记）,2017-10-29
顺博合金：发展再生铝，节能减排，保护环境,2017-10-29
钢价反复震荡让人烦 还能涨吗？,2017-10-29
期现联手下挫 钢市仍存回调压力,2017-10-27
镍隔夜下滑 多单防守持有,2017-10-27
黑色系轮番降价 螺纹与热卷走势分化,2017-10-27
铁矿石：远月合约存在强支撑,2017-10-27
镍铁供应紧张，镍价看涨不变！,2017-10-27
商品市场逻辑发生变化 四季度钢铁涨势或受阻,2017-10-27
海运费3个月涨逾九成 铁矿石成拉涨BDI主力,2017-10-26
王晓明：郑商所将研发更多铁合金产业链品种,2017-10-26
沪镍：上涨背后存隐忧,2017-10-26
铜价守在7000美元之上 高盛：上涨有理,2017-10-25
库存下降限产政策 钢材价格依然维持强势,2017-10-25
多重利多因素叠加 铜价上行,2017-10-25
【镍】高位震荡走势 需防高位反复,2017-10-25
技术解盘：沪锌中长期多单适当减持,2017-10-25
环保限产因素持续发酵 螺纹钢难现趋势性行情,2017-10-25
铜价创四年新高背后：山西煤老板30亿美元巨额押多沪铜,2017-10-25
新的5年 我国钢铁业将走出新高点,2017-10-24
今年全球商品市场低调的王者：钯金,2017-10-24
现货表现好于预期 镍价维持高位运行,2017-10-24
供不足需格局未改 沪锌有望企稳回升,2017-10-24
利多因素浮出水面 螺纹钢反弹行情仍将持续,2017-10-24
毛利大降 谁动了铝业“蛋糕”,2017-10-24
淡水河谷铁矿石产量创新高 三季度销量低于产量,2017-10-24
中钢期货：铁矿石正套（买近卖远）策略,2017-10-23
石头：专注黑色产业链是我构建核心竞争力的秘诀,2017-10-23
市场情绪谨慎 沪铜高位调整概率较大,2017-10-23
钢材远期供应不确定 铁矿石不宜过分看空,2017-10-23
涨价有“锂” “钴”值百倍,2017-10-23
采暖季来临 钢铁板块不悲观,2017-10-23
供给增长计日可期 铜价涨势料难持续,2017-10-22
房产税误读 引发螺纹假摔 周一或收复失地,2017-10-22
头条：黑色系冲高回落后上演绝地反击 难道又是昙花一现？,2017-10-20
淡水河谷3季度铜产量同比增7% 铁矿产量创单季新纪录,2017-10-20
中钢协：9月国内市场钢材价格由升转降,2017-10-20
钢厂限产如期而至 铁矿承压下行在所难免,2017-10-20
卷螺价差或进一步拉开 期现基差宽幅震荡,2017-10-20
工信部部长：钢铁行业“去产能”不等于“限产量”,2017-10-20
钢材：四季度产业链走势分化 钢强矿弱与卷强螺弱是主趋势,2017-10-20
技术解盘：沪金弱势下行 沪铝区间运行,2017-10-20
铜：短期市场情绪过度乐观,2017-10-20
后期需求有望企稳 锌价走势或先抑后扬,2017-10-20
沪镍短期有一定回调盘整 上升动能依旧充沛,2017-10-20
供需双向收缩 钢价近弱远强,2017-10-20
周期魔咒：铜业公司利润飙涨，股价仍较十年前腰斩,2017-10-20
多空因素交织 金价难迈“千三坎”,2017-10-20
供应偏紧 锌价中期有望偏强运行,2017-10-20
螺纹钢期价短期料维持震荡,2017-10-20
限产提振强劲 镍价偏强格局难撼,2017-10-20
黑金日志：跌价才能降库存 库存到底才反弹,2017-10-19
供暖季减产大局已定 铝原料短缺加剧,2017-10-19
铁矿石期货战略性提升定价权,2017-10-19
美铝：中国去产能给力 全球铝市场进入平衡,2017-10-19
镍第4季度报：供需格局不变 四季度镍价或将先扬后抑,2017-10-19
铝第4季度报：供暖季减产大局已定 原料短缺加剧,2017-10-19
硅锰第4季度报：供过于求结构 硅锰趋势下行,2017-10-19
山东钢铁及钢贸商调研纪要：销售向好 库存不高,2017-10-19
沪铝年内看至18000元/吨附近,2017-10-19
铜：维持中期上行格局,2017-10-19
库存高企叠加需求下降 四季度铁矿石难抬头,2017-10-19
沪钢回升提供做空良机 供需缺口正被有效填补,2017-10-19
上海期货交易所调整锌相关合约交易限额,2017-10-18
2018年全球钢铁需求增长将放缓,2017-10-18
第4季度报——铜：基本面分析及行情展望,2017-10-18
觉醒的“铜博士”：供给主导的短缺局面即将开启？,2017-10-18
基差修复后 铁矿石仍有下行压力,2017-10-18
沪镍年底至次年年初镍价会有一波上涨行情,2017-10-18
铜价超预期上涨后将回归理性,2017-10-18
金价1300美元再迎挑战,2017-10-18
钯金“复兴”：坐在汽车上的投资黑马,2017-10-18
头条：黑色系变盘暴跌 钢坯逆市上涨 现货方向在哪里？！,2017-10-17
马力：钢供给减少的预期将继续加强,2017-10-17
黑金日志：砸价没商量 需求出问题,2017-10-17
上期所调整锌相关合约平今仓交易手续费,2017-10-17
中国需求提振！ 力拓今年铁矿石出货量有望创新高,2017-10-17
世界钢铁协会：因为中印 明年全球钢铁需求增长将放缓,2017-10-17
这才是铜价大涨的原因—如何理解当前的市场,2017-10-17
两大经济领先指标打架：美债先崩还是铜价先崩？,2017-10-17
雨水浇灭需求 黑金期货高位震荡,2017-10-17
中国经济持续向好 铜价再创新高,2017-10-17
景川：资金大量涌入期货盘 铜价开启“周期性”上涨,2017-10-17
技术解盘：沪铝高位振荡 沪铜向上突破,2017-10-17
量价背离 沪钢涨幅有限 螺纹钢上方阻力为3878,2017-10-17
铁矿石利空仍待消化 缺乏持续上行动能,2017-10-17
中国经济形势大好 铜价突破7100美元创三年新高,2017-10-17
铝价四季度 仍有上涨动力,2017-10-17
钢铁供给没有更松，只有更紧！行情转向现货为锚？,2017-10-16
兰格报道：国内钢市或将冲高回落,2017-10-16
十六年来 “最疯贵金属”钯金首次站上1000美元高位,2017-10-16
中国经济形势一片大好 铜价突破7000美元触及三年高位,2017-10-16
伦铜突破7000美元/吨，涨1.9%，创2014年来高位,2017-10-16
中国突然刮起铁矿石购买热潮 一年来进口吨数升破10亿,2017-10-16
黑金日志：周记 秋雨蒙蒙思行情,2017-10-16
遭遇“成长的烦恼” 有色金属一周跌2.50%,2017-10-16
关于焦螺比的一些思考,2017-10-16
对话螺纹：一半海水一半火焰,2017-10-16
电解铝：错峰方案渐次公告，准备迎接采暖季行情,2017-10-16
神户钢铁：造假“老戏骨”,2017-10-16
悲观预期修复 钢铁板块偏强格局不改,2017-10-16
无惧美元反弹 沪铜持续走高,2017-10-16
环保限产影响有待观察 供需预期主导后期钢价走势,2017-10-16
精炼锌供需缺口 支持锌价高位走强,2017-10-16
国内钢价先抑后扬 进口矿价继续下跌,2017-10-15
周度视点 试多镍1801（附下周重大数据事件一览）,2017-10-14
USDA供需报告全解读：无奈无奈，四季度钢矿主导逻辑究竟是啥？,2017-10-14
外媒：中国9月份铁矿石进口突破1亿吨 创纪录新高,2017-10-13
我国外贸今年前三季度同比增长16.6%,2017-10-13
十九大临近 钢价在限产和督查中摇摆,2017-10-13
衍生品工具解决有色金属行业痛点,2017-10-13
提前限产 热卷基差修复,2017-10-13
供应收缩有提振 镍价上涨空间需谨慎,2017-10-13
印度9月CPI同比上涨3.28%,2017-10-13
印度8月工业生产指数同比增长4.3%,2017-10-13
带你大涨带你飞！供需双杀？大资金的小算盘,2017-10-12
10月份钢企盈利能否承压？,2017-10-12
钢铁企业利润大涨隐忧：需求转疲软 去产能红利已透支？,2017-10-12
限产超预期 沪铝仍坚挺,2017-10-12
四季度实物需求回暖将提振金价,2017-10-12
需求结构好转 铜价大方向依然看涨,2017-10-12
钢煤去产能加速：唐山钢铁限产提前至10月12日 建筑工地停工,2017-10-11
需求大涨 印度开足马力大炼钢,2017-10-11
做多螺纹钢1801合约,2017-10-11
期权观察：认购期权大幅增仓,2017-10-11
黄金：延续振荡下行格局,2017-10-11
供应增量可控 铜价长期趋强,2017-10-11
低库存推动下 锌价重心将进一步抬升,2017-10-11
螺纹钢进入中长期调整周期,2017-10-11
螺纹阴晴不定 开门红不过一日,2017-10-11
步入熊市 铁矿石跌破60美元,2017-10-11
电解铝产能置换指标拍出高价 铝板块酝酿第二波行情,2017-10-11
期螺暴跌超200 钢坯再跌60 钢市你这是要闹哪般？,2017-10-10
技术解盘：铁矿石弱势明显 沪镍量能较小,2017-10-10
加息预期压制伦金 建议谨慎维持偏空操作,2017-10-10
行业利多消化殆尽 沪铜上涨后劲不足,2017-10-10
四季度限产加码 关注卷螺价差套利,2017-10-10
镍仓单问题愈发突出 四季度关注镍价做多机会,2017-10-10
“取暖季”限产倒计时 供需天秤测钢铁苍穹,2017-10-10
基本面偏强 沪锌领涨期市,2017-10-10
螺纹钢期价易涨难跌,2017-10-10
黑色商品期货：原料拖累 成材坚挺,2017-10-09
春节前夕钢材价格走势如何？,2017-10-09
镍主产区企业未来4个月被要求错峰限停产50%,2017-10-09
黑金日志：结束八天假 奋斗四季度,2017-10-09
假期金属价格普涨库存普降 发生哪些大事件？,2017-10-09
四季度供给依然受限 低库存依然支持锌价,2017-10-09
铜需求展望无亮点 加工费博弈或是四季度关键,2017-10-09
节后首个交易日 螺矿有望携手反弹,2017-10-09
铁矿石：彼跌我空 彼起我等 就是不看好你哦！,2017-10-09
4季度钢价可以相对乐观,2017-10-09
兴业期货：铁矿石近强远弱 正套走势9月再次启动,2017-10-04
首创期货：四季度需求趋弱 铁矿石易跌难涨,2017-10-04
高盛：维持买入港交所 关注铁矿石期货交易量,2017-10-01
环保影响下钢材供需两弱 北京建材库存维持降势,2017-10-01
吴文章“谈钢情”：黑色系第四季度的行情以震荡为主,2017-10-01
9月国内钢铁PMI小幅回落 钢市“旺季不旺”,2017-09-30
兰格报道：多空因素交织节后钢市更精彩,2017-09-30
兰格钢铁：明日钢市定价参考,2017-09-30
9月钢铁流通业PMI为48.6 景气度下滑,2017-09-30
节后沪锌料高位震荡,2017-09-30
日本8月份工矿业生产指数环比上升,2017-09-29
COMEX期铜周四收涨 因受美元走软提振,2017-09-29
环保限产打压铁矿石需求 逢高做空思路为主,2017-09-29
铁矿石期货助钢企破解痛点和难点,2017-09-29
期螺巨震超150 焦炭逼近跌停 钢市反弹戛然而止,2017-09-28
钢市金九已逝 银十是否可期,2017-09-28
肖亚庆：钢铁煤炭行业央企超额完成化解过剩产能工作,2017-09-28
商用车“两端”发力带动钢市需求,2017-09-28
中钢协：后期钢价将呈小幅回落走势,2017-09-28
伦铜周三上涨 受助于印尼铜矿工人罢工,2017-09-28
国内8天长假 伦铜趁机“偷袭”还是同步“休息”？,2017-09-28
详尽数据剖析取暖季限产与供给收缩：钢厂利润接下来会怎么走？,2017-09-28
第十七届钢铁原材料国际研讨会上都说了啥？,2017-09-28
有色各品种终于到了验证终端真实需求的时候？,2017-09-28
期现结合为铝企撑起保护伞,2017-09-28
马力：钢价短期内有压力,2017-09-27
兰格炉料：铁矿石市场稳中趋弱 后期市场弱势运行,2017-09-27
兰格钢铁：明日钢市定价参考,2017-09-27
涨价潮又起？待宰的羊成了风口的猪？,2017-09-27
中泰笃慧：大部分上市钢企三季度单季盈利超上半年总和,2017-09-27
必和必拓：一带一路将提振中国钢材需求,2017-09-27
印度对中国合金钢棒材发起反倾销调查,2017-09-27
铜铝锌镍今日有望承压回落,2017-09-27
黑色环保影响再思考 叠加需求端缩量预估,2017-09-27
中东和东南亚钢铁产能正在增加,2017-09-27
黑金日志：让我们荡起双桨,2017-09-27
论剑黑色系：矿山、钢厂、私募和券商眼里的螺矿焦四季度交易策略,2017-09-27
沪锌站稳25100元/吨 甲醇迎来技术性反弹,2017-09-27
螺纹钢半月跌逾10%，钢厂下调出厂价，“金九银十”会落空吗？,2017-09-27
钢价暴跌金九破灭 短期不具备明显反弹条件,2017-09-26
“缩表”启动钢市影响如何？,2017-09-26
安阳钢铁1-9 月份净利润,2017-09-26
金属全线收涨 朝称美已“宣战”有权反击,2017-09-26
四川千万吨级钢铁产能置换方案遭撤：剑指“中改电”,2017-09-26
消费前景被看好 铝价强势有望延续,2017-09-26
升贴水持续上扬 沪铅逼仓风险升温,2017-09-26
宏观视角下的铜价运行逻辑,2017-09-26
螺纹短期有反弹需求 节前价格有望企稳,2017-09-26
节前铁矿石难现大幅反弹 本周或先扬后抑,2017-09-26
全球铁矿石供需存变数： 四季度需求或减弱,2017-09-26
兰格钢铁：铁矿石市场弱势下行 后期市场稳中趋弱,2017-09-25
兰格钢铁：明日钢市定价参考,2017-09-25
借机出货！临时限产难掀大浪 当心十一过后再调整,2017-09-25
钢铁迎来年终环保大考,2017-09-25
外媒：铁矿石重回熊市 或将继续下跌至60美元以下,2017-09-25
煤炭钢铁有色齐下调 中融国证钢铁B一周跌12%,2017-09-25
钢价暴跌金九破灭 短期不具备反弹条件,2017-09-25
黑色调研报告综述：看好远月RB1805,2017-09-25
陈凤英：谨慎炒作铝煤钢 小心过多被套,2017-09-25
唐山启动重污染天气应急减排措施 钢铁企业限产50%,2017-09-25
深扒全球锡产业现状：厚积薄发 锡价长牛还远吗？,2017-09-25
螺纹现货创4月中旬以来最大周跌幅,2017-09-25
黑色周评：是牛是熊终究会见分晓,2017-09-25
只等风来——钢铁板块近期调整点评,2017-09-25
对话螺纹 跌势依然进行中,2017-09-25
灵活套保：牛市中的铝企护身“盔甲”,2017-09-25
调研归来话黑金：期货目前说到底是资金的博弈,2017-09-25
“黑天鹅”袭击铂金供应 小心只是“丑小鸭”,2017-09-25
每吨钢材盈利800？中钢协称数据被夸大 钢企平均利润179元,2017-09-25
中钢协辟谣钢企“暴利”传言,2017-09-25
国内现货钢价和铁矿石价格双双下跌且跌幅扩大,2017-09-24
铁矿石重挫22.5%跌入熊市 新周期行情溃败只用了1个月,2017-09-22
2017年已过去2/3，今年的螺纹钢你错过了多少行情？,2017-09-22
沪锌 谨慎看多至27000元/吨,2017-09-22
所有的下跌都是为了更好的上涨,2017-09-22
钼精矿价格后市看涨,2017-09-22
基本面支撑较强 镍价跌幅有限,2017-09-22
观察：慌不慌？诸事不利妖螺反水 大跌何时方休？,2017-09-21
上期所上调镍合约交易手续费为18元/手,2017-09-21
钢价何时走出震荡怪圈？建议谨慎操作,2017-09-21
叶燕武：螺纹最好的时光或已过去,2017-09-21
铁矿石：逃不过的宿命与扰动市场的插曲,2017-09-21
供给侧和环保双重影响 铝产能过度增长将得到遏制,2017-09-21
铁矿石供给相对宽松 后市仍有下行空间,2017-09-21
供应缩减 沪铜上下两难,2017-09-21
焦作万方等铝企进入错峰生产 沪铝价格触及六年来高位,2017-09-21
镨钕价格后市看涨,2017-09-21
钢铁行业兼并重组有望提速,2017-09-21
沪铝价格攀至五年新高 基建、房地产成催涨神器,2017-09-21
电解铝环保限产第一枪打响！沪铝续刷逾六年新高,2017-09-20
中国限产终于见效了 这一大宗商品一骑绝尘领跑全球,2017-09-20
多地发布“停工令”，钢价下跌才刚刚开始？,2017-09-20
螺纹终于要开启下跌模式？钢厂人士怎么看,2017-09-20
库存累积 螺纹钢持续调整,2017-09-20
螺纹终于要开启下跌模式？钢厂人士怎么看,2017-09-20
钢材市场强势反弹新钢股份前9月赚13亿以上,2017-09-20
铅价飞涨 突破两万大关——近期无望回落,2017-09-20
铝市春秋：市场规律在铝市现扭曲 谁导演了跨年大戏,2017-09-20
国家铝价突破16000元每吨：下游停止拿货 贸易商囤货,2017-09-19
有压力就有动力：螺纹钢盘面压力已确认,2017-09-19
澳央行预测铁矿石价格要跌 因中国需求见顶,2017-09-19
钢市“慢牛”不改 价格宽幅震荡,2017-09-19
你需要关注的套利机会：成本上涨将支持铝价继续上涨？,2017-09-19
钢铁企业：构建产融结合的套期保值体系,2017-09-19
风险事件云集 贵金属维持偏多思路,2017-09-19
水泥产量负增长VS粗钢产量创纪录 揭秘水泥粗钢产量背离真相,2017-09-19
环保限产聚焦钢铁行业四季度钢价或前高后低,2017-09-19
碳酸锂价格继续上涨 上市公司密集扩产能,2017-09-19
钢厂热情生产 市场冷静对待,2017-09-18
黄金的最大魅力：魔力的金属,2017-09-18
8月经济全线回落下行压力仍在 有色金属探底寻支撑0917,2017-09-18
对话螺纹：残酷的美丽,2017-09-18
期价创出“三连阴” 螺纹钢期价短期不宜过分悲观,2017-09-18
厉害的小金属：元素周期表背后的“藏宝图”,2017-09-18
漫谈铝的前世今生,2017-09-18
钢贸商的彷徨 钢价的地狱与天堂,2017-09-17
螺纹预期转向 空头攻城拔寨,2017-09-17
当潮水退去的时候 黑色系后市怎么看？,2017-09-17
吕东：四季度金价整体走低 12月或面临大幅下滑,2017-09-16
螺纹钢：当做多已成为往事,2017-09-16
“黑色星期五”再袭商品 “新周期”被证伪,2017-09-15
发改委：8月有色及钢铁等行业用电量环比减少,2017-09-15
如何看待采暖季节钢铁限产？,2017-09-15
30亿铜矿只值6000万？最高法庭审串起ST天一、贤丰控股往事,2017-09-15
铁矿石交割新规解读：交易标的如何转换？如何影响正套空间？,2017-09-15
铝价创五年新高 环保倒逼企业重金治污,2017-09-15
利空接踵而至 沪铜创出“七连阴”,2017-09-15
钢厂库存增 期货价格掉,2017-09-15
螺纹破位喜大普跌,2017-09-15
嘉能可时隔3年重启与力拓合并？ 力拓中铝等相关方：不予置评,2017-09-15
这一次，可能是铝的“真拐点”！,2017-09-14
先行指标营造钢材市场好环境,2017-09-14
锌市供需面全解析：总体上行趋势未变,2017-09-14
核心基本面依然向好 “镍”盘或将再度起航,2017-09-14
铜牛市暂难现 2、3年内将保持宽幅振荡、重心小幅上移,2017-09-14
螺纹钢：来回震荡洗,2017-09-14
细算账 采暖季钢厂限产50%并不可怕,2017-09-14
铁矿石期货新规出炉交割品质量标准提高,2017-09-14
业绩+估值 钢铁行业或续写强势,2017-09-14
钢铁股三季度飙涨 11只国家队重仓股浮盈近35亿元,2017-09-14
张东亮谈铁矿石：看过去现在是最好的时刻，看未来现在是变坏的开始,2017-09-13
从铝的大格局到可能跑出的大黑马，新疆众和会是下一个妖股吗？,2017-09-13
铜价强势上涨终结？LME三个月期铜升水幅度逾七年来最大,2017-09-13
中国铝业停牌或涉有色央企整合,2017-09-13
瞄准产业服务钢铁电商发力供应链金融,2017-09-13
机构视点：金价或一路高歌猛进,2017-09-13
盈利状况改善超乎预期 钢铁产业重组最佳窗口期已错过？,2017-09-13
消费好转 供给收缩电解铝库存面临拐点,2017-09-13
供应趋紧 铜价可看高一线,2017-09-13
电解铝库存面临拐点,2017-09-13
钢铁有色齐舞 周期板块行情又起,2017-09-13
9月份钢企盈利能否再冲高？,2017-09-12
铁矿石第一大省关停1170个有证露天矿是否给铁矿石带来灭顶之灾？,2017-09-12
谁是“有色传奇”第一枚棋子？ 铜企“嗅觉”最灵敏,2017-09-12
高品矿供给紧张缓解 铁矿石上行阻力增加,2017-09-12
高盛上调俄铝目标价,2017-09-12
高盛上调俄铝目标价,2017-09-12
钢材后市何以“慢牛”行情,2017-09-11
冶金工业经济发展研究中心副主任郑玉春：当前钢价只比1994年略高 需求依然会保持一定增长,2017-09-11
钢铁煤化工可持续发展空间巨大,2017-09-11
国内钢市价格上涨成交偏弱 铁矿石市场稳中趋弱,2017-09-11
硅铁接连回调 短期或有支撑,2017-09-11
宿命的崛起：烽火阴云点燃黄金,2017-09-11
硅铁接连回调 短期或有支撑,2017-09-11
乱世买黄金 国际金价有望冲击近四年新高,2017-09-08
量价齐升！8月中国煤炭、成品油进口大涨 钢材进口量同比续跌10%,2017-09-08
伦敦世界金属中心地位动摇 LME拟削减收费挽救交易量,2017-09-08
方正中期：螺纹钢需求低于预期 或回踩支撑区,2017-09-08
华东最大露天铁矿即将“退役”,2017-09-08
空矿：期现共振下跌 是最好的趋势,2017-09-08
兰格钢铁：明日钢市定价参考,2017-09-07
最火金属即将“金融化”：LME考虑设立锂期货,2017-09-07
美联储加息效应递减 金银维持强势,2017-09-07
钢厂补库过程接近尾声 铁矿石上涨空间有限,2017-09-07
铜价逼近三年新高 中期铜价格筑底预期明显,2017-09-07
全球铜矿产量下降 后期铜价还能继续上涨,2017-09-06
宏观利多因素犹在 镍供需缺口继续缩窄,2017-09-06
如何寻找与铜期货有强联动性的权益个股？,2017-09-06
多重利好下九月金价仍可看涨,2017-09-06
到底什么因素推高钢材价格？钢价上涨并非“价格异动”？,2017-09-05
9月钢价存在两大支撑,2017-09-05
铜价保持偏强格局 需求环比季节性下降,2017-09-05
库存低位支撑钢价 螺纹期货盘中拉涨,2017-09-05
钢市再度开启疯涨模式 局地单日涨幅超300元,2017-09-04
高炉事故影响继续发酵 钢材价格将延续涨势,2017-09-04
金属整体偏强 关注朝鲜局势,2017-09-04
铜价仍然强势 重点关注朝鲜问题演变,2017-09-04
有色金属站上“风口” 小金属配置价值显现,2017-09-04
本钢事故的蝴蝶效应,2017-09-03
NO！无所谓高炉爆炸 这两点才是空头诛心剪,2017-09-03
对话螺纹：势在烧 心在静,2017-09-03
还正常吗？钢厂爆炸引爆黑色系大涨狂欢 我闻到了割韭菜的气息,2017-09-03
环保风暴：京津冀秋冬季“双降15%” 环保部首定季节性量化指标,2017-09-03
继续狂飙 现货钯金昨日突涨创十六年新高,2017-09-03
钢市金九银十旺季可期 套利头寸保守应对,2017-09-03
铜价涨势凶猛，专家提醒警惕暴跌风险,2017-09-02
库存上升 机构激辩铝价强弱,2017-09-02
中国去杠杆引发蝴蝶效应？伦敦和上海的铜库存都在暴跌,2017-09-01
春风十里不如复盘 记录一波铁矿石的反弹过程,2017-09-01
软柿子能否成为领头羊：铁矿近期逻辑分析,2017-09-01
“煤改气”已登台影响钢坯 九月又将谁主沉浮,2017-09-01
螺纹钢分布不均淡季不淡 环保因素影响产能分化,2017-09-01
大肆渲染的铜矿供应大减实际如何？ 有点意外！,2017-09-01
期螺涨破3900 制造业PMI回升 钢市迎来“金九”？,2017-09-01
当供给侧遇上周期性——“铝”战屡胜何以可能？,2017-09-01
黄金 围绕千三关口博弈,2017-09-01
库存普降煤飞色舞钢强 上市公司计提存货跌价准备,2017-09-01
供给出清进行时 煤钢水泥有色联袂“逆袭”,2017-09-01
黑色系上演V型反转 钢市向上空间再次打开？！,2017-08-31
由武安看河北！未来钢市强势品种大揭秘,2017-08-31
原料、库存、政策助力镀锌未来走势,2017-08-31
钢坯跌回3700 市场资金偏紧 8月钢市高位回落,2017-08-31
快速拉涨抑制下游消费 沪铜涨势将有所放缓,2017-08-31
供应先紧后松 铁矿石升势难持久,2017-08-31
铁矿漫谈：铁矿石警惕空头陷阱,2017-08-30
政策扰动难敌旺季预期 沪钢继续上行,2017-08-30
“一正一反”两因素维稳 螺纹高位震荡或延续,2017-08-30
钢厂库存持续回落 铁矿或已阶段见顶,2017-08-30
传统旺季临近 钢价能否延续强势？,2017-08-30
螺纹多看少动躺着装死,2017-08-30
行业深度：“铜博士”供需大拐点 开启铜周期,2017-08-30
国际金价创今年新高 后市仍有上涨空间,2017-08-30
经济趋好助推 铜价持续走高,2017-08-30
有色全线大涨！伦铜创近三年新高,2017-08-29
钢坯跌至3700 多空博弈加剧 后市何去何从？,2017-08-29
锡市下游春光乍现 老木又逢春？,2017-08-29
三座大山压顶 铟市暂难起死回生,2017-08-29
沪铜再创新高 其它金属跌势暂缓,2017-08-29
全球锌锭低库存状态将持续到2019年，锌价上涨才刚刚开始？？,2017-08-29
期现结合助企业转型 产业链一片“锌锌向荣”,2017-08-29
黑色产业企业套保模式趋于多元化,2017-08-29
美元疲弱 投资者大举做多黄金,2017-08-29
多亏了中国！这种贵金属今年大涨35%,2017-08-28
有色金属：解惑电解铝，切勿恍惚忧止,2017-08-28
顶级投行对供应短缺说辞存分歧 铜价突起引发市场遐想,2017-08-28
“空铜派”泪流满面 铜博士仍有上行空间？,2017-08-28
观察：全金属狂潮生悬念螺纹9月迎“三大劫”？,2017-08-28
钢厂发货积极、商家出货受阻 钢价继续“浪”？,2017-08-28
对话螺纹：势在续 心在否,2017-08-28
政策顶已经到来 市场顶在哪里？铁矿石开始面临生死大考,2017-08-28
消费好转 沪镍将在88000—95000元/吨区间运行,2017-08-28
库存低位需求增长 锌锭供应短期依然偏紧,2017-08-28
8月26日唐山钢市快报,2017-08-26
全运会钢铁限产政策终出台 靴子落地了吗,2017-08-25
煤钢行业加速转型 “风险管家”助力供给侧改革,2017-08-25
铝价创历史新高之后 外资行大呼“四季度还能涨”,2017-08-25
全球精炼铜产量增速将大幅放缓,2017-08-25
镍铁增产 警惕沪镍回调,2017-08-25
多因素支撑“锌锌向荣”,2017-08-25
下游消化不良 铝牛还需多“反刍”,2017-08-25
钢厂利润冲破天 满城尽是黄金螺,2017-08-24
钢材行情为何总是“过山车”？,2017-08-24
“棚改”助力钢市长期向好,2017-08-24
LME评论：期镍飙升至八个月高点 因预期中国需求强劲,2017-08-24
从双重顶形态看螺纹钢机会,2017-08-24
基本面推动沪铜高位运行 上涨仍可期,2017-08-24
国务院再提去产能 沪铝夜盘创历史新高,2017-08-24
下半年钢铁市场发生三大变化,2017-08-23
巴克莱：过度炒作铜紧缺行情恐已走到尽头,2017-08-23
河北省钢铁去产能效果显著,2017-08-23
镍看涨情绪升温贸易商捂货操作 镍多单持有,2017-08-23
螺纹已现顶？中钢协再喊话国内钢价：后期难以持续大幅上涨,2017-08-23
LME铜库存续降 助推铜价上行,2017-08-23
VIX指数与美股及黄金关系实证分析,2017-08-23
钢价暴涨的新周期？很美很忧桑？,2017-08-22
镍总库存继续下降 沪镍存在回调需求,2017-08-22
锌期货部分合约实施交易限额,2017-08-22
期螺暴力反弹再逼4000 “金九银十”期望增高,2017-08-21
新疆24家“地条钢”生产企业500万吨产能被全部拆除,2017-08-21
钢材价格比年初涨1千元左右 中钢协：价格暴涨有隐忧,2017-08-21
冲高回落再反弹 钢价仍是易涨难跌,2017-08-21
国内钢价小幅下行 铁矿石港口库存压力减轻,2017-08-21
浅谈有色金属企业贸易融资,2017-08-21
白银麻烦了 整整一年未经历真正的涨势,2017-08-21
期铜市场套期保值：基于江铜的案例分析 大型国企都是这么玩的,2017-08-21
7月产量数据再度引爆金属 供给侧逻辑还能延续多久,2017-08-21
限产前的最后疯狂：钢厂拼命加班，铁矿价差创历史记录,2017-08-20
钢坯重回3800 下周钢价红火依旧？,2017-08-20
锌价创十年新高 能否刺激嘉能可锌矿复产？,2017-08-20
沪锌再显王者风范 刷新10年历史新高！,2017-08-20
黑色笔记之如何进行数据的辩证逻辑分析,2017-08-20
铁价涨势是否持续？,2017-08-20
期螺反弹钢坯拉锯 监管下的钢价还能涨？,2017-08-20
没货！没货？炭黑市场货源真的如此紧张吗？,2017-08-20
对话螺纹：节奏比趋势重要,2017-08-20
螺纹上涨时间窗口未到 预期衰竭向上动能不足,2017-08-20
供给严重不足 铜将迎来大牛行情,2017-08-20
钢铁再上央视 圈内大咖都怎么说？,2017-08-19
兰格钢铁：明日钢市定价参考,2017-08-18
重磅分析：8月初金价增速迅猛 是空杀空报捷还是确认向上突破？,2017-08-18
王蓉：突破背后有玄机 前瞻预期制高点——深度剖析铝产业矛盾核心,2017-08-18
前7月铁矿石煤炭进口量价齐升 下半年仍存不确定性,2017-08-18
供需为纲，成本为领：疯狂的铁矿石价格何去何从,2017-08-18
基本面支撑 锌市股期齐涨,2017-08-18
美元偏弱推动有色联袂上涨,2017-08-18
兰格炉料：铁矿石市场稳中上涨 短期市场仍以趋扬为主,2017-08-17
Lgmi：7月国内粗钢消费飙升17.9%,2017-08-17
黑色系拉爆全场成交放量 又一轮上涨已开启？,2017-08-17
站在新能源汽车风口上 下一个爆发的有色金属是镍？,2017-08-17
钢材价格比年初涨1000元左右 中钢协:价格暴涨有隐忧,2017-08-17
押注新周期！有色金属内外盘一起上涨！锌价创十年新高！,2017-08-17
锌价突破3000美元 铝价攀升 为金属涨势再添新动力,2017-08-17
黑色系期货上涨 焦炭期货涨近6%,2017-08-17
沪锌期货主力开盘封涨停板,2017-08-17
金属铝复制钢铁侠“去产能的故事”？谁才是铝价连涨的真正推手？,2017-08-17
有色疯涨！沪锌夜盘封涨停 伦锌涨至十年高位,2017-08-17
沪铜回调提供做多机会,2017-08-17
深度剖析：为何铜价短期难现牛市？,2017-08-17
“新周期”证伪 铜价回调在所难免,2017-08-17
基本面支撑牢固 硅铁有望延续强势,2017-08-17
钢坯涨20 期螺却连跌 约好的金九还会来吗？,2017-08-16
地缘政治紧张情绪缓和 伦锌创近十年新高,2017-08-16
环保限产提振钢市 下半年钢价或高位运行？,2017-08-16
瑞银：上调铝价预测 因中国关闭产能超出预期,2017-08-16
又一个铝价多头！国泰君安：电解铝每吨2万不是梦,2017-08-16
LME期锌上涨约1% 创2007年10月以来高位,2017-08-16
LME期锌上涨至每吨2985美元，创2007年10月以来高位。,2017-08-16
有色金属月报：下游消费稳定 锌价震荡偏强,2017-08-16
库存压力无根本改变 铁矿石偏空格局延续,2017-08-16
铝价 难现深度回调,2017-08-16
有色半路熄火 该如何探究急转弯行情幕后的真实原因？,2017-08-16
【扑克·大咖专访】景川：周期性供给高峰接近尾声，铜价仍然运行在上升周期中,2017-08-15
缺斤短两？！钢材运到工地为啥常减重一两吨？,2017-08-15
兰格钢铁：明日钢市定价参考,2017-08-15
连续利空爆发 黑色系连续四日大跌 借你胆敢入扬抄底吗？,2017-08-15
螺纹符合预测低开 商品展开中期调整,2017-08-15
最近，螺纹钢疯了！为什么？ | 小巴问大头,2017-08-15
技术解盘：沪银突破均线 铁矿石期价进入调整状态,2017-08-15
螺纹钢仍有调整需求 关注螺纹钢社会库存,2017-08-15
美朝口水战仍在发酵 黄金再次逼近1300美元/盎司关口,2017-08-15
美国钢铁工业的兴衰启示录,2017-08-15
成也螺纹 败也螺纹,2017-08-15
下半年铝锭价格区间13800-16800元/吨,2017-08-15
邱跃成：紧平衡局面未改善 受到消息面打压的螺纹能跌多远？,2017-08-15
数据会说话：供给侧改革之下的铝供需之谜,2017-08-15
螺纹钢大涨背后投机氛围浓,2017-08-15
金价短期走势 需看美联储“脸色”,2017-08-15
国内钢价大涨后趋稳 铁矿石价格继续上行库存下降,2017-08-14
武安烧结机限产、钢坯震荡反复 钢价别“浪”！,2017-08-14
9月加息再次受阻 金价收出九周新高,2017-08-14
即将发生什么 全世界的基金经理都在做多铜,2017-08-14
即将发生什么 全世界的基金经理都在做多铜,2017-08-14
供给侧改革见成效 钢铁行业景气度回升,2017-08-14
国内钢价大涨后趋稳 铁矿石价格继续上行库存下降,2017-08-13
中国秀肌肉 基本金属应声上涨,2017-08-12
沪锌：山东、河北五家镀锌企业实地考察总结,2017-08-12
供给收紧需求回暖 钨价有望持续上涨,2017-08-12
遏制日内过度投机 上期所出手“降温”螺纹钢,2017-08-12
电解铝板块大跌下的深度思考（推荐阅读）,2017-08-12
稀土价格继续小涨多因素引发主升浪,2017-08-12
兰格钢铁：明日钢市定价参考,2017-08-11
上期所窗口指导 中钢协表态定调 黑色系涨价行情终结了吗？,2017-08-11
中钢协喊话别炒钢价 上期所调螺纹钢手续费 黑色系暴跌,2017-08-11
股汇商三杀：沪指创八个月最大单日跌幅 周期品惨跌 黑色系集体跳水,2017-08-11
“2+26”城市取暖季限产对粗钢及焦矿实际供需影响测算,2017-08-11
环保风愈刮愈烈 铝价将吹向何方,2017-08-11
环保力度加强 钢铁价格迎强力支撑,2017-08-11
如何看懂金属市场？高盛三张“宝图”告诉你,2017-08-11
中钢协：拿环保政策炒作钢价是危言耸听,2017-08-11
黑金：国产矿二三事,2017-08-11
钢材出口回流 矿石进口回落 ——7月份进出口数据点评,2017-08-11
深度：共振上涨的螺、卷、矿，反弹动能何时衰竭？,2017-08-11
处在风口浪尖的螺纹钢 将何去何从？,2017-08-11
螺纹钢补库值得期待 有再探高点之势,2017-08-11
供应短缺预期升温 沪铝价格或“再上一层楼”,2017-08-11
钢材期现货疯涨背后：清除“地条钢”遭机构过度解读,2017-08-11
中钢协：拿环保政策炒作钢价是危言耸听,2017-08-11
钢铁有色等行业去杠杆压力仍存上市公司创造现金流能力良好,2017-08-11
“黑色系”频繁异动 中钢协吁勿过度解读政策,2017-08-11
接力中铝提示炒作风险 中孚实业中期净利预降55%,2017-08-11
中钢协会议认为：当前钢材价格大幅上涨并非供需变化所致,2017-08-11
股价上涨要“踩刹车”？稀土与电解铝均有股票被临停,2017-08-11
兰格炉料：铁矿石市场波动小涨 后期市场或延续涨势,2017-08-10
带钢两日暴涨超200 因为这家钢厂要关停！,2017-08-10
兰格钢铁：明日钢市定价参考,2017-08-10
中钢协：坚定不移维护钢铁行业平稳运行,2017-08-10
钢坯暴涨100！带钢暴涨近200！期货不跟了？,2017-08-10
央视解读：“炒作”一个接一个 谁“烧红”了钢价,2017-08-10
带钢两日暴涨超200 因为这家钢厂要关停！,2017-08-10
钢材：采暖季限产政策评估及策略,2017-08-10
一张图看懂市场为何如此为铝疯狂,2017-08-10
沪铝3日飙涨近11% ！为何魏桥被毙而国企仍在？,2017-08-10
短期螺纹大概率围绕3900震荡,2017-08-10
新日铁住金副社长：中国钢铁价格年内都将维持高档,2017-08-10
镍价拉升加速 注意仓位管理,2017-08-10
无理暴涨的电解铝 减产量真有预期辣么大吗？,2017-08-10
“九寨沟震情”对铅锌供应影响微弱 三季度或延续“景气”,2017-08-10
三因素推动铝价连连登高 警惕“灰犀牛”渐行渐近,2017-08-10
消费旺盛 利多发酵沪铅加速上行,2017-08-10
螺纹钢价格或先涨后铁 多单及时止盈,2017-08-10
沪铝 年内有望突破20000元/吨关口,2017-08-10
环保限产力度加大 钢价强势格局持续,2017-08-10
需求稳健支撑价格 铁矿石短期内易上难下,2017-08-10
“犟铝”领涨 商品牛市何时言顶,2017-08-10
沪铝连涨3天创5年新高 银河期货席位大幅增持多单,2017-08-10
钢铁有色行业涨价态势延续,2017-08-10
多重因素共振 工业品阶段性行情可期,2017-08-10
22亿资金净流入有色板块 铝期货点燃多头热情,2017-08-09
铝价暴涨背后：魏桥是主动充当去产能“先锋”？发改委再度出手？,2017-08-09
铜矿扰动短暂 需求决定下半年节奏,2017-08-09
致螺纹钢：有些强大的品种 你永远不能低估,2017-08-09
内外盘齐创新高！伦铝站上2000美元、沪铝突破16000元关口,2017-08-09
山东柏翔：局外人眼中的黑色 值得深思,2017-08-09
漫画期货：戏说黑金之“神”螺纹钢,2017-08-09
电解铝大幅去产能重构供求 自有电厂优势明显,2017-08-09
铁矿石 下移过程中或有反复,2017-08-09
螺纹钢再现空头爆仓！据说爆仓的大户可能是他！葛卫东要笑了？,2017-08-09
金钼股份五连阳,2017-08-09
产能去化步伐加快 铝价易上难下,2017-08-09
金属硅突破近两年高点 厂家一天涨一次价,2017-08-09
矿业巨头股价欲打“翻身仗”,2017-08-09
Lgmi：铁腕环保将是钢价坚挺的长期题材,2017-08-08
港口库存不断上升 铁矿石价格为何对此视而不见？,2017-08-08
惊雷扰动黑强劲 谨防高位震荡风险,2017-08-08
山东发改委责令魏桥、信发关停电解铝321万吨,2017-08-08
沪铝跳涨 “钢铁衍生品”继续引领期货走高,2017-08-08
沪铝期货早盘涨幅超3.5% 主力大量增仓,2017-08-08
黑色系疯狂上涨 淡季为何不淡？,2017-08-08
黑色系疯狂上涨 淡季为何不淡？,2017-08-08
美银美林：中国需求放缓或抑制铜价涨势,2017-08-08
强势钢铁股背后：机构联袂买入,2017-08-08
【湖北、江苏铜产业链调研】企业库存仍在低位 关注下方支撑,2017-08-08
利好基本兑现 沪铜高位回调风险加大,2017-08-08
全球铁矿石供需及衍生品交易情况分析,2017-08-08
净多极值背后：道指东风吹醒了铜博士,2017-08-08
环保限产风暴来袭 工业品价格获支撑,2017-08-08
沪铝刷新四年来纪录 库存高企成制约因素,2017-08-08
钢材期货全线大涨 多头资金乘机大幅减仓,2017-08-08
钢铁股或成产品价格上涨主线龙头,2017-08-08
钢铁涨价现真金融假实业隐忧,2017-08-08
铜价或走上升通道,2017-08-08
期货市场风云再起：螺纹钢创4年半新高 有空头爆仓,2017-08-07
兰格钢铁：明日钢市定价参考,2017-08-07
头条：钢价疯狂创四年新高 警惕八月行情冲高回落,2017-08-07
螺纹热卷期货盘中涨停 分析师称黑色系商品将延续强势,2017-08-07
螺纹钢：上帝欲使其灭亡 必先使其疯狂,2017-08-07
去产能进行时：基本金属产能收缩情况,2017-08-07
黑色系周一开盘遭遇惊险行情 近期疯涨竟是主力提前布的局？,2017-08-07
螺纹钢4900“可期”之后 铝价2万也“不是梦”了,2017-08-07
钢价再遇刺激：河北冬季限产影响有多大？,2017-08-07
螺纹钢涨这么多 怎么就不能空？,2017-08-07
供需严重失衡下的钢矿走势探讨,2017-08-07
钢材半年度策略报告：供给紧平衡支撑钢材价格,2017-08-07
阔别半年 螺纹期货重现升水,2017-08-07
多重利好叠加 硅铁价格有望走高,2017-08-07
国内钢价强势上涨 进口矿价站稳阶段高位库存下降,2017-08-07
钢企开启最强行情 资金追捧“涨价概念”,2017-08-07
“铜博士”测温宏观经济,2017-08-07
铝业股期双赢：价格上涨增厚铝企业绩,2017-08-07
铁矿石库存下降 钢价一周涨2.78%,2017-08-07
国内钢价强势上涨 进口矿价站稳阶段性高位库存下降,2017-08-06
疯狂的螺纹剑指4000 涨不言顶,2017-08-06
螺纹钢4年新高已突破 老司机提醒你高位风险积聚 且行且谨慎！,2017-08-06
铜净多头仓位创新高 投机者持续看涨贵金属,2017-08-06
暴涨可以这么玩 揭秘黑色系的国家战略,2017-08-05
这些潜在的单边/套利机会你需要关注；螺纹涨至四年半高位 铝价长期交易机会来临,2017-08-05
钢坯一周大涨近200 环保施压库存下降 钢价易涨难跌,2017-08-05
取缔“地条钢”：民营钢铁资本“长乐系”落寞回乡,2017-08-05
期螺逼近3900 钢坯3600再新高 不断冲高的钢市忘了风险,2017-08-05
嘿，八月！钢市各大品种你们都要往哪走？,2017-08-05
环保影响下供应偏紧 铅价短期或延续涨势,2017-08-05
两大因素触发钴企股价脉冲按钮 短期还能飞多久？,2017-08-05
需求旺季叠加供不应求 铜箔涨价再迎风口,2017-08-05
钢坯强信心提升 下周价格有望继续攀升,2017-08-05
供需严重失衡下的钢矿走势探讨,2017-08-05
电动车火热推钴价暴涨 电池生产商苦寻廉价替代品,2017-08-05
邱跃成：落后产能退出改善钢市供需,2017-08-05
毫无阻力：螺纹钢气势如虹 钢铁股扶摇直上,2017-08-04
环保余威仍在 个旧锡厂未完全复产,2017-08-04
金属大起大落暗藏什么信息 宏观面基本面作何指引？,2017-08-04
采暖季唐山限产、期螺再创新高、钢价热度难退,2017-08-04
从成本角度浅谈废钢替代效应,2017-08-04
基本面继续改善 沪锌酝酿向上突破,2017-08-04
分析人士：未来金价或振荡上行,2017-08-04
世界黄金协会：二季度全球黄金需求同比下降10%,2017-08-04
“超级数据”来袭 银价面临考验,2017-08-04
供给端“扰动”不断 有色还能“红”多久,2017-08-04
三大优势支撑钢铁板块,2017-08-04
供给侧改革助推铝价 融资客加仓中国铝业,2017-08-04
小金属概念“暑热不退” 稀土永磁料成风口,2017-08-04
稀土报价大幅上调钨价有望持续上涨,2017-08-04
铝价短期有冲高回落风险 中期维持看涨,2017-08-03
分化渐显钢铁电商遭遇大考,2017-08-03
19只铝业股近七成中报“预喜” 加速“去产能”催化股价上涨,2017-08-03
分化渐显钢铁电商遭遇大考,2017-08-03
黑色调研：环保安检或超预期,2017-08-03
专题思考：汹涌的黑色行情还能持续多久？,2017-08-03
供应偏紧能否助力黑色系强势崛起？,2017-08-03
一文通览史上最强环保督查进展及对金属行情的影响,2017-08-03
近八成有色金属公司中报预喜,2017-08-03
资金、原料双推动 让镍价“再飞一会儿”,2017-08-03
沪铜 上升的内生动力仍存,2017-08-03
硅铁回调 短期仍有支撑,2017-08-03
螺纹钢“凶猛”：价格创三年新高 淡季为何不淡？,2017-08-03
有色行业业绩狂飙 高位风险需警惕,2017-08-03
CME集团：7月份金属交易量大幅上扬,2017-08-03
去产能迎窗口期 铝期价红盘高挂,2017-08-03
钢坯价格突降30元 要开跌了吗？,2017-08-02
“矿难”支撑焦炭领涨 钢材还能疯多久？,2017-08-02
铜价涨势汹汹 动能指标亮起警灯,2017-08-02
螺纹旺季需求可期 远月接力涨势,2017-08-02
“妖坯”强势运行 为何一直独占鳌头？,2017-08-02
钢厂螺纹钢站上4000 钢价冲击年内新高,2017-08-02
7月镍下游行业PMI综合指数60.74 明显高于荣枯线,2017-08-02
追根溯源铁矿石的起底,2017-08-02
8月废钢蓄势待发 有望回调后再度上行,2017-08-02
基本面改善 铜价看高一线,2017-08-02
利好消息密集来袭 钢材吨价涨破4000元,2017-08-02
投行Jefferies：国际铜市明后两年将供不应求 长线看涨铜价,2017-08-02
8月金价走势或以上行为主,2017-08-02
淡季不淡 铜价企稳,2017-08-02
去产能动真格 电解铝价格下半年易涨难跌,2017-08-02
钢铁板块配置价值凸显,2017-08-01
钢铁业高景气度下半年料持续,2017-08-01
“金九银十”配合钢市 未来钢市仍会向上突破,2017-08-01
黑色系再次疯狂上涨 现货涨声不断,2017-08-01
两大估值压制不再存在？“赚翻了”的钢铁股真能迎来“戴维斯双击”？,2017-08-01
重磅报告：铜价百年 沧海桑田,2017-08-01
撸到涨停的铁矿能否继续连板？,2017-08-01
吴育能：2017年不具备铜价大涨的理由,2017-08-01
自由港CEO看涨铜价的四个理由,2017-08-01
基本面利好重重 八月钢市仍可期,2017-08-01
交易所库存增加 不宜对铜价上涨高度过于乐观,2017-08-01
金价将迎非农“大考”,2017-08-01
需求旺库存降支撑精炼镍价向上,2017-08-01
螺纹钢期货飙涨创三年高值 “黑色系”逼空获利盘“压境”,2017-08-01
覆铜板产业迎上升周期 龙头企业顺势布局高端产能,2017-08-01
黑色系商品或迎牛市铁矿石期货封涨停,2017-08-01
有色金属股有望进入主升浪,2017-08-01
黑色系延续高温 金九银十利好提前透支,2017-08-01
“地条钢”整顿再度加码 钢铁企业一改颓势,2017-08-01
供给端收紧黑色系大涨 螺纹钢创三年半新高,2017-08-01
黑色系王者归来 股期联动逻辑生变,2017-08-01
纽约商品交易所黄金期货市场黄金期价31日下跌,2017-08-01
“地条钢”的地下产业链 为何难以斩断,2017-08-01
黑色：7月乌兰察布地区铁合金调研报告,2017-07-31
黑色系全线大涨 螺纹钢创4年半新高！A股哪些还能买？,2017-07-31
铜价暴涨之后将何去何从,2017-07-31
站上逾两年高位后 这一波铜价涨势还能走多远？,2017-07-31
供需端各有支撑 铝铅锌镍不宜看空,2017-07-31
黑色金属蓄势待发,2017-07-31
1-6月工业企业利润增速温和放缓 黑色系仍保持强势,2017-07-31
库存周期大轮动：下一个接力者 三季度商品看有色,2017-07-31
美国二季度薪资增速疲软推升金价,2017-07-31
