title,Date
瑞达期货：高价果销售显分歧苹果期货小幅上涨,2018-11-23
宏观经济下行与工业品深幅贴水之争,2018-11-20
瑞达期货：蛋价上方压力仍在，期价高位不宜追涨,2018-11-16
美元回落美股持续下跌商品表现不一,2018-11-15
沥青1812合约基差待修复,2018-11-13
JMMC会议传达减产信号,2018-11-13
套利船货供应增加新加坡市场将回调,2018-11-13
瑞达期货：客商明显增多AP901期价大幅上涨,2018-11-06
瑞达期货：甲醇增仓增量，期价收跌,2018-11-06
贸易关系缓和，豆粕减仓收跌,2018-11-05
瑞达期货：沪胶增仓增量，期价收跌,2018-11-05
中投期货：工业品急跌短期追空风险较大,2018-11-05
瑞达期货：甲醇减仓缩量，期价收跌,2018-10-30
中投期货：谨防美股波动的风险,2018-10-29
美股走弱美元下跌商品走势振荡偏弱,2018-10-24
政策利好股市反弹美元走高影响商品价格,2018-10-23
美元维持强势商品价格走势振荡,2018-10-22
中投期货：供需两弱工业品宽幅振荡,2018-10-22
南华期货：黑色冲高回落以观望为主,2018-10-18
广州期货：美债收益率回落难缓美股下跌油价出现回调,2018-10-12
神华期货：新线材期货合约将于10月16日重新挂牌,2018-10-11
瑞达期货：沪锌上破23000关口继续领涨有色金属,2018-10-10
瑞达期货：上海原油冲高升水继续扩大,2018-10-10
广州期货：美国飓风推升油价有色金属价格偏强,2018-10-10
瑞达期货：油价大涨拉动，燃料油期价强势涨停,2018-10-09
瑞达期货：甲醇增仓增量，尾盘收涨停,2018-10-09
中投期货：周度投资策略,2018-10-08
广州期货：黑色系品种三季度行情速递及四季度展望,2018-10-07
国金期货：新手如何研究商品基本面？,2018-10-03
四季度原油供需存缺口市场延续东紧西松趋势,2018-09-28
华泰期货：关注主营炼厂沥青产量增速,2018-09-28
黑色产业链：国庆假期将近市场尚不明朗,2018-09-26
四季度政策关注点分析,2018-09-26
华泰期货：双节补库，甲醇短期高位振荡,2018-09-26
期指寻找阶段性反弹机会,2018-09-26
中投期货：需求对商品价格的影响逐渐加大,2018-09-25
瑞达期货：A股强势反弹节后谨防冲高回落,2018-09-21
瑞达期货：沪胶增仓增量期价收涨,2018-09-21
铜期权明天正式登陆上期所一文带你读懂相关细则！,2018-09-20
瑞达期货：沪胶增仓增量，期价收涨,2018-09-20
国泰君安：期指缓慢寻底等待利空出尽,2018-09-18
中美贸易战重燃，有色金属涨跌互现,2018-09-18
中投期货：周度投资视点,2018-09-17
瑞达期货：PTA继续下探，市场产销不佳,2018-09-14
瑞达期货：中美谈判或重启，豆粕急挫下行,2018-09-13
铜冠金源期货原油日报,2018-09-13
铜冠金源期货金属日报,2018-09-13
印度泰国增产不及巴西全球供需过剩下调,2018-09-13
方正中期：螺纹钢期货9月投资简要方案,2018-09-13
瑞达期货：鸡蛋期价近强远弱01合约建议试多,2018-09-13
广州期货：缺乏消息指引沪胶振荡偏弱,2018-09-12
WTI暴拉3.5%！飓风将美原油价格吹上天,2018-09-12
南华早讯,2018-09-11
方正中期：唐山环保风再起螺纹钢高价区或大振荡,2018-09-10
中投期货策略周报,2018-09-10
现货与期价稳步上行,2018-09-10
下游需求预期示弱，PVC短期维持弱势,2018-09-10
铜期权交易细则及波动率分析,2018-09-10
去库存出现松动,2018-09-10
股指或到短期可为区间,2018-09-10
铜冠金源期货原油周报,2018-09-10
南华期货早讯,2018-09-10
甲醇增仓增量，期价收涨,2018-09-07
“非洲猪瘟”蔓延低迷的养殖市场何去何从？,2018-09-07
银河期货：油价由谁支撑？,2018-09-07
瑞达期货：期指再度回调延续磨底走势,2018-09-05
瑞达期货：玻璃期现价格走势分化，期价跌破1400,2018-09-05
瑞达期货：甲醇增仓增量，期价收涨,2018-09-05
豆粕振荡运行豆油受近月拉动,2018-09-05
瑞达期货：成本端支撑松动，PTA期价减仓收跌,2018-09-04
瑞达期货：近月期现回归，带动棕榈期价走高,2018-09-04
南华期货：玻璃关注真实需求的释放,2018-09-04
中投期货：周度投资策略,2018-09-03
月度涨幅达54.6%“封神”的PTA还能走多远？,2018-09-02
铜冠金源期货金属日报,2018-08-31
天然橡胶中期偏弱格局难逆胶价短期难有起色,2018-08-31
南华期货：热卷夜盘横盘振荡,2018-08-31
瑞达期货：鸡蛋期价近强远弱01合约不建议追空,2018-08-31
神华期货：PTA1809合约临近交割月注意逢高止盈,2018-08-31
申银万国期货：主力合约转移沪胶或能换得一息生机,2018-08-30
中投期货：期货市场资金流向汇总,2018-08-29
神华期货：PTA若回调下破10日均线则暂止盈观望为宜,2018-08-29
中投期货：期货市场资金流向汇总,2018-08-28
铜冠金源期货原油日报,2018-08-28
铜冠金源期货金属日报,2018-08-28
棉纱涨停！河南新疆一线主产区机构最新调研来报！,2018-08-28
中投期货：期货市场资金流向汇总,2018-08-27
南华期货：螺纹夜盘窄幅振荡,2018-08-27
中投期货：周度投资策略,2018-08-27
神华期货：建议投资者逢低布局豆粕多单,2018-08-27
海通期货：苹果期货盛筵之后何去何从,2018-08-26
招商期货：习惯暴涨暴跌的焦炭又在做什么,2018-08-24
全球市场资讯,2018-08-24
全球主要主要数据概览,2018-08-24
全球政经要闻,2018-08-24
国元期货：郑糖或继续维持熊市格局,2018-08-24
神华期货：预计PTA供应在8月大概率维持偏紧态势,2018-08-24
神华期货：橡胶短期反弹关注上方13000有效突破,2018-08-23
中投期货：期货市场资金流向汇总,2018-08-22
北疆调研棉花面积产量双升原油关注今晚EIA库存,2018-08-22
瑞达期货：周转库存下降郑棉再次反弹,2018-08-22
聚丙烯：期货宽幅振荡现货小幅让利,2018-08-21
银河期货：生猪疫情再添波澜长短期猪价分析,2018-08-21
环保加码预期助推黑色延续涨势,2018-08-21
上海原油期货急速下挫，SC1809跌停收场,2018-08-21
南华早讯,2018-08-21
中投期货：商品走势与环保政策及受限产量密切相关,2018-08-20
南华早讯,2018-08-20
COMEX贵金属：新兴市场国家出清黄金头寸，金价破位下跌,2018-08-16
PVC：下游价格上涨传导完成后仍有上冲的可能,2018-08-16
PTA：行情高位振荡,2018-08-16
焦炭：期市大幅震荡现货低位补涨,2018-08-16
方正中期：环保高压下黑色坚挺移仓时期防洗盘,2018-08-16
黄金现低之下还有空间，短多主空顺应趋势,2018-08-16
原油区间震荡供给端扰动市场，沥青、燃料油震荡回落逢低接多为主,2018-08-15
中投期货策略周报（第76期）,2018-08-14
中投期货：期货市场资金流向汇总（8.14）,2018-08-14
南华期货：双焦夜盘震荡偏强,2018-08-14
瑞达期货：鸡蛋现货利多近月期市逢低做多,2018-08-14
钢铁行业频繁限产究竟为哪般？,2018-08-13
招商期货：拿什么拯救你？供给严重过剩的橡胶,2018-08-13
神华期货：建议投资者逢低布局豆粕多单,2018-08-13
方正中期：黑色冲高承压回落或下探支撑区,2018-08-11
股市低开拉涨黑色洗盘维持强势,2018-08-10
中投期货：期货市场资金流向汇总,2018-08-09
2年期国债期货上市在即利率风险管理迎来新成员,2018-08-09
贸易纷争搅动市场，豆二涨停油粕拉升,2018-08-09
中美贸易矛盾深化，国内豆类大幅上涨,2018-08-09
铜冠金源金属日报,2018-08-09
铜冠金源原油日报,2018-08-09
炼焦煤：稳定运行,2018-08-09
黑色冲高承压洗盘将加大,2018-08-09
神华期货：建议逢低布局豆粕多单,2018-08-09
国元期货：多数商品期货收涨苹果、郑醇收涨5%,2018-08-06
中投期货：关注风口上品种的库存和需求的变化,2018-08-06
铜冠金源金属日报,2018-08-03
南华金属日报,2018-08-03
南华早讯（20180803）,2018-08-03
PTA：行业景气度高，多因素助推期价上行,2018-08-03
西部冷库清库中AP901期价窄幅上涨,2018-08-03
瑞达期货：鸡蛋期价继续上涨建议4088逢低试多,2018-08-03
悲观情绪加重股市崩跌黑色高位承压大洗盘,2018-08-02
中投期货：期货市场资金流向汇总,2018-08-02
卓创资讯每日简报,2018-08-02
铜冠金源金属日报,2018-08-02
螺纹钢逼仓拉涨后回落资金集中大幅减仓,2018-08-02
中投期货：期货市场资金流向汇总,2018-08-01
倍特期货：玻璃现货继续以提价刺激市场,2018-08-01
卓创资讯每日简报,2018-07-31
黑色系走势内部或出现结构性分化,2018-07-31
南华期货：焦炭振荡偏强焦煤小幅上涨,2018-07-31
国元期货：商品期货走势分化有色品种多数收跌,2018-07-30
国信期货：套利活跃美豆油走高,2018-07-30
一德期货：PTA“咸鱼翻身”？且行且珍惜,2018-07-27
瑞达期货：蛋价上方存压力止盈建议4160,2018-07-27
神华期货：焦炭重回高位前期空单止损,2018-07-27
神华期货：河南地区甲醇市场重心上移,2018-07-24
中投期货市场观察期货市场资金流向汇总(7.23),2018-07-23
周度策略：注意高位工业品对经济数据的滞后反应,2018-07-23
中投期货市场观察期货市场资金流向汇总(7.20),2018-07-20
螺纹钢强势冲关承压关注多头主动性,2018-07-20
多头切忌慌忙入场，金价回升或昙花一现,2018-07-20
中投期货市场观察:期货市场资金流向汇总(7.18),2018-07-18
黄金失守1236谈何筑底，超跌之后先看反弹,2018-07-18
大越期货：下半年油脂有望震荡走强,2018-07-18
"外矿供应压力缓解,环保抑制烧结需求",2018-07-18
铜冠金源金属日报,2018-07-18
铜冠金源原油日报,2018-07-18
有色金属受经济下行压力影响总体偏弱,2018-07-18
资金持续大幅减仓螺纹钢关口承压大波动,2018-07-18
中投期货市场观察:期货市场资金流向汇总(7.17),2018-07-17
卓创资讯每日简报,2018-07-17
铜冠金源金属日报,2018-07-17
铜冠金源原油日报,2018-07-17
二季度GDP同比增速放缓，大多数期货品种承压,2018-07-17
美国松口伊朗原油出口禁令布油大跌3%,2018-07-17
方正中期：螺纹钢关口承压资金市波动加大,2018-07-16
中投期货市场观察:期货市场资金流向汇总(7.16),2018-07-16
螺纹钢原油多头行情可期,2018-07-16
华安期货：政策调控市场棉价回归理性,2018-07-16
格林大华：下半年蛋价重心下移的走势或难改变,2018-07-16
避险情绪消极，金价下跌,2018-07-16
最大的问题不是需求橡胶急需供给侧改革,2018-07-16
方正中期：美国农业部7月供需预测报告解读,2018-07-16
周度策略：钢材的“幸存者偏差”有效么？,2018-07-15
中投期货市场观察:期货市场资金流向汇总(7.13),2018-07-13
阶段性利多渐入尾声甲醇期价面临回调需求,2018-07-13
瑞达期货：移仓换月中短期苹果期货暂且观望为宜,2018-07-13
中投期货市场观察:期货市场资金流向汇总(7.12),2018-07-12
中投期货市场观察:期货市场资金流向汇总(7.11),2018-07-11
卓创资讯每日简报,2018-07-10
资金借势增仓拉涨螺纹钢或冲高承压,2018-07-10
期指进入回升窗口期，铜价有望止跌反弹,2018-07-10
周度策略：仍需要密切关注市场中的“不确定性”,2018-07-09
中投期货市场观察:期货市场资金流向汇总(7.5),2018-07-05
供给趋紧油市春天在眼前,2018-07-05
黄金多头沉默反击，美元指数被动防御,2018-07-04
铁矿石或延续震荡资金参与积极性减弱,2018-07-04
螺纹钢近期或维持高价承压震荡调整行情,2018-07-04
南华期货：焦炭焦煤夜盘小幅下跌,2018-07-04
锌偏弱铜或宽幅震荡，期指套利行情或延续,2018-07-04
沪铜弱势震荡，国债多头行情延续,2018-07-03
中投期货市场观察:期货市场资金流向汇总(7.2),2018-07-02
周度策略：密切关注中美贸易战的落地,2018-07-02
中投期货市场观察:期货市场资金流向汇总(6.29),2018-06-29
南华金属日报,2018-06-29
中宇资讯,2018-06-29
人民币快速贬值铁矿石或上探压力区,2018-06-29
方正中期：资金借势反拉螺纹钢或压力区承压,2018-06-29
中投期货市场观察:期货市场资金流向汇总(6.28),2018-06-28
金属日报,2018-06-28
原油日报,2018-06-28
原油价格有支撑，国债偏强运行,2018-06-28
中投期货市场观察:期货市场资金流向汇总(6.27),2018-06-27
金属日报,2018-06-27
原油日报,2018-06-27
双焦塑料偏弱运行,2018-06-27
贸易摩擦再起，锌价偏弱铜价下方有支撑,2018-06-26
铜冠金源金属日报,2018-06-26
铜冠金源原油日报,2018-06-26
神华期货：全球橡胶产区进入旺产季,2018-06-26
中投期货市场观察:期货市场资金流向汇总(6.25),2018-06-25
中投期货周度策略：工业品下行趋势逐渐确立,2018-06-25
神华期货：定向降准并不改钢材供需偏弱格局,2018-06-25
招金期货每日贵金属早评,2018-06-25
站在分岔路口环保还能助推铅价走多远？,2018-06-22
卓创资讯每日简报,2018-06-22
铜冠金源金属日报,2018-06-22
铜冠金源原油日报,2018-06-22
方正中期：市场形势较差铁矿石或延续承压波动,2018-06-22
铜冠金源原油日报,2018-06-20
铜冠金源金属日报,2018-06-20
贸易战下油脂油料有哪些值得关注的交易策略？,2018-06-20
南华早讯,2018-06-20
避险情绪蔓延，期货市场多数品种承压,2018-06-20
中美贸易战狼烟再起，国内金融市场再掀波澜,2018-06-20
方正中期：贸易战担忧重启螺纹钢承压破位暴跌,2018-06-20
豆粕大幅减仓资金离场观望情绪较浓,2018-06-20
周度策略：需求承压继续关注逼仓行情面临的风险,2018-06-18
中投期货市场观察:期货市场资金流向汇总(6.15),2018-06-15
中投期货市场观察:期货市场资金流向汇总(6.14),2018-06-14
神华期货：6月起全球橡胶产区进入旺产季,2018-06-14
中投期货市场观察:期货市场资金流向汇总,2018-06-13
南华期货：美联储6月加息几成定局，黄金承压静待结果,2018-06-13
南华期货：OPEC称下半年油市前景具有高度不确定性,2018-06-13
方正中期：环保限产支撑较强螺纹钢延续强势,2018-06-13
方正中期：铁矿石或延续支撑性偏强走势防范洗盘,2018-06-13
中投期货市场观察:期货市场资金流向汇总,2018-06-12
招金期货：关注今日特金会进展，金价波动率上升,2018-06-12
中投期货市场观察:期货市场资金流向汇总,2018-06-11
周度策略：逼仓行情频现注意炒作后快速回落的风险,2018-06-11
原油或维持弱势，沪锌偏强运行,2018-06-11
方正中期：螺纹钢期现货同涨高价成交压力显现,2018-06-07
期货产品现货行情分析,2018-06-07
金属日报,2018-06-07
南华早讯,2018-06-07
铜铝走势或偏强，焦炭基本面仍向好,2018-06-07
银河期货：棉花调控政策出台花纱先涨后跌,2018-06-05
周度策略：部分工业品出现明显的抛空机会,2018-06-04
玻璃：涨价带动市场情绪淡季行情是否仍存？,2018-06-04
铜冠金源原油早报,2018-05-31
铜冠金源金属早报,2018-05-31
方正中期：螺纹钢或压力区承压波动多空因素交织,2018-05-31
南华早讯,2018-05-31
沪锌走势偏强，原油价格震荡,2018-05-31
卓创资讯每日简报,2018-05-30
卓创资讯每日简报,2018-05-30
铜冠金源金属日报,2018-05-30
铜冠金源原油日报,2018-05-30
瑞达期货：PTA809多空消息交织期价区间整理,2018-05-30
"原油行情反弹抛空,美盘停盘，空单保护持有",2018-05-29
金价于千三关口附近弱势震荡,2018-05-28
塑料化工行情震荡偏弱，空单保护持有,2018-05-28
商品市场周度策略：原油见顶概率大全球经济复苏脆弱性彰显,2018-05-28
方正中期：螺纹钢近期或上冲压力区承压波动,2018-05-25
聚烯烃库存因装置检修减少，需求淡季弱势,2018-05-25
卓创资讯每日简报,2018-05-23
方正中期：螺纹钢承压震荡调整防范洗盘,2018-05-23
需求高峰将至原油价格或继续上行，沪铜重心有望上移,2018-05-23
原油大涨对塑料期货形成支撑，行情震荡走弱偏空态势,2018-05-23
南华期货：沪铜或迎来阶段性做多时机,2018-05-22
中信建投期货：商品市场情绪呈现回暖,2018-05-22
供应侧利好，沥青价格急速走强,2018-05-21
商品市场周度动态策略：《贸易战止战我们从中看到了什么？》,2018-05-21
中信建投期货：苹果期货多空争夺愈演愈烈,2018-05-21
螺纹钢或维持强势震荡波动防洗盘,2018-05-17
南华早讯,2018-05-17
低库存下甲醇继续走强,2018-05-17
金价短期疲软，中长期持有理由未变,2018-05-17
棉花或震荡回落，双焦震荡偏强静待现货价格上涨,2018-05-17
环保因素提振盘面化工类可趁势抛空,2018-05-14
原油价格或继续上行，沪铜止跌回升,2018-05-11
地缘政治影响下的甲醇基本面,2018-05-11
库存降速不及预期螺纹钢期现货联动下跌,2018-05-10
粕类油脂内部震荡分化持续,2018-05-10
南华早讯,2018-05-09
美元强势令铜价承压，黑色系多头行情或延续,2018-05-09
南华期货：螺纹夜盘小幅下挫,2018-05-09
鸡蛋：变化不大，蛋价稳中震荡,2018-05-09
大豆：5月供需报告前瞻,2018-05-09
瑞达期货：棕榈低位振荡，区间交易为主,2018-05-09
瑞达期货：部分清库陆续AP810期价再创新高,2018-05-09
瑞达期货：玻璃现货弱势难改，期价横盘整理,2018-05-09
瑞达期货：沪胶增仓缩量，期价小幅收涨,2018-05-09
周度策略：“扩大内需”如何落实值得重点关注,2018-05-07
关注中美谈判后续进展，短时金价逢低入多,2018-05-07
南华期货：铁矿石夜盘偏弱震荡,2018-05-07
瑞达期货：白糖期货上涨后市料仍处弱势,2018-05-03
沪铜震荡偏强，粕类油脂或现调整,2018-05-03
国泰君安：螺纹钢上涨有基本面支撑,2018-05-03
唐山普方坯累计涨60至3630，日盘面或将高开,2018-05-02
周度策略：工业企业利润大幅下滑工业品反弹抛空,2018-05-01
暴涨后的有色突遭暴跌各大金属核心逻辑与策略,2018-04-24
投资机会推荐——逐渐卖出沪锌空单,2018-04-23
周度策略：“贸易战”能扭转工业品颓势吗？,2018-04-23
原油二季度报告：多空交织震荡偏强,2018-04-22
橡胶：熊市底部，逢高抛空,2018-04-20
原油：高位勿追，轻仓短空,2018-04-20
沪镍夜盘低开低走，前期因俄镍事件过度投机结束,2018-04-20
双焦短期维持震荡偏强，期指将延续反弹,2018-04-19
沪铝延续上行趋势，夜盘突破15000关口,2018-04-19
卓创资讯每日简报0417,2018-04-18
南华期货金属日报,2018-04-18
螺纹钢大幅震荡洗盘资金预期影响较,2018-04-18
铁矿石盘势较弱注意多空资金主动性,2018-04-18
黑色金属及衍生品日报,2018-04-18
贸易战继续发酵，豆粕延续偏强走势,2018-04-18
焦化行业环保关注度提升，焦炭价格有望止跌企稳,2018-04-17
叙利亚战争没有推高行情进一步走高，外盘理性互动内盘走势,2018-04-17
周度策略：工业品震荡反弹密切关注库存去化,2018-04-16
多空拉锯，黑色系仍处于负反馈转正的试验节点,2018-04-16
叙利亚局势面临升级，黄金迎来上涨良机,2018-04-15
沪铝略有小幅回调，俄铝事件继续主导市场,2018-04-12
2018年二季度豆粕市场投资机会提示,2018-04-09
南华期货：螺纹节前小幅下挫，重心略有下移,2018-04-09
贸易战？橡胶轮胎已经麻木,2018-04-09
钢价反弹且行且看空头逻辑逐渐走向尽头,2018-04-09
沪铝二季度有望开启反弹之旅,2018-04-04
铜价上涨空间有限,2018-04-04
上海原油期货拉开新篇章，市场期待更多石油期货就位,2018-04-03
周度策略：可轻仓参与反弹继续密切关注库存走势,2018-04-02
进口量大减缓解国内橡胶供应过剩,2018-04-02
期货大幅贴水，限产预期下价差有望回归,2018-03-28
中国原油期货首日回顾,2018-03-28
中美贸易战升温，大豆暂未受波及,2018-03-28
中美贸易战对有色、黑色商品市场影响,2018-03-28
弱基本面遇上“贸易战”，天胶颓势难改,2018-03-28
郑煤顺势下跌迹象明显,2018-03-28
有色金属纪要：消费需求制约价格走势,2018-03-27
2018樱花论坛之黑色淘金(下）,2018-03-26
黑色淘金会议纪要（上）｜这些产业投资大咖说了啥,2018-03-26
特朗普一纸文书掀开中美贸易战，期市股市黑五再现,2018-03-26
一文看懂“贸易战”如何影响国内经济与股票市场,2018-03-26
工业品遭遇幅度较大的下跌，主要原因是中美贸易战带来的负面影响,2018-03-23
沪镍冲高回落，夜盘大幅下挫,2018-03-23
弘业期货济南：美联储宣布加息25个点,2018-03-22
磅事件密集，贵金属波动率或将上升,2018-03-22
需求旺季来临能否扭转铝价颓势？,2018-03-21
关注沪胶套利机会基本面疲软压制价格,2018-03-20
库存持续回升压制锌价上涨,2018-03-20
消费局面仍没有彻底打开,2018-03-19
铜价上行空间有限,2018-03-19
南华期货：PTA短线有企稳的技术需求,2018-03-14
沪铜继续反复测试52000线，多空拉锯激烈,2018-03-14
南华期货：双焦夜盘低位震荡,2018-03-13
锌价延续弱势,2018-03-13
螺纹钢盘面异动打击信心，恐慌情绪蔓延,2018-03-09
苹果主力1805短期陷入震荡,2018-03-09
沪锌延续下行趋势,2018-03-09
小非农好于预期金银回落强化短线区间概念,2018-03-08
沪锌延续下行趋势，lme锌库存大增7.7万吨,2018-03-08
螺纹钢目前钢厂原料补库逐步到位,2018-03-07
螺纹及铁矿近期关注点,2018-03-07
沪锌昨日跳空下挫，lme锌库存大增7.7万吨,2018-03-07
塑料现货成交平淡，下游工厂询盘为主,2018-03-06
郑糖再度测试前低,2018-03-06
空头力量尚未释放完毕，铜价或将继续探底,2018-03-06
螺纹钢压倒市场的依然是社会库存,2018-03-05
粕类油脂行情内部现分化，黑色系行情可期,2018-03-05
非农周来袭，金价短时维持宽幅震荡,2018-03-05
宝城期货：螺纹钢易涨难跌,2018-03-05
甲醇：利空因素占据主流反弹沽空思路不变,2018-03-02
弘业期货济南：铁矿目前成材强于原料,2018-03-01
两大利好支撑沪胶上涨，粕类油脂延续震荡偏强,2018-03-01
钢市整体呈偏强运行态势,2018-03-01
美豆报收58美分月线实体美豆粕逼近400美元关口,2018-03-01
沥青需求淡季，寄予近远月价差修复,2018-02-28
弘业期货济南：焦炭上涨趋势倾向明显短暂的调整后走出新高是时间问题,2018-02-28
基本面继续支撑黑色系，国债反弹行情可期,2018-02-28
受美联储加息预期影响，金价自2月16日以来持续承压下行,2018-02-28
高处“不觉寒”镍价强势依旧,2018-02-28
招金期货:当前钢市重点在于需求端，重点关注钢厂原料库存情况,2018-02-27
一大利好支撑黑色系上行，铜价有望延续强势,2018-02-26
弘业期货：螺纹节后行情一波三折,2018-02-26
南华期货：螺纹钢表现强势，可偏多操作,2018-02-26
节后沪铜随伦铜反弹走高，本周继续测试54000一线压力,2018-02-26
动力煤期现稳中偏强,2018-02-22
美股是否会重演1987年崩盘？,2018-02-13
螺卷节后行情可期，一因素助股指反弹,2018-02-13
美股大跌恐慌情绪蔓延，有色化工齐走弱,2018-02-12
郑棉：跌势渐欲迷人眼低价正是买入时,2018-02-08
美股周一历史性暴跌之后，对中国股市、衍生品市场有所影响,2018-02-07
黑色系存一大机会，股指有望反弹,2018-02-07
一大逻辑支撑黑色系派发“红包行情”，铜未来行情可期,2018-02-06
非农数据靓丽，提振美联储加息预期，美元短时筑底反弹,2018-02-06
指数基金展期及基金多单平仓使美棉继续下行,2018-02-06
螺纹钢材现货市场成交继续冷清,2018-02-05
双焦领涨，一大因素令股指延续结构性行情,2018-02-05
银河期货：春节脚步已近且看鸡蛋基差如何演绎,2018-02-02
螺纹期价有向上拉升一波迹象,2018-02-02
螺卷一大行情可期，基本面利空令IC持续下行,2018-02-02
纱厂点价买盘使美棉止跌企稳,2018-02-01
双焦或现做多机会,2018-02-01
沪锌高位回调，lme锌库存下降态势未改,2018-02-01
需求复苏终有时供给偏低势难改-螺纹逢低布局正当时,2018-01-31
美元回暖有色化工齐走弱，有色一品种表现抗跌,2018-01-31
广州期货：美元回暖有色化工齐走弱，有色一品种表现抗跌,2018-01-31
美元走弱助涨有色，沪锌创十年新高却多空因素并存,2018-01-30
ICE3月交割临近，多单获利平仓使期价三连跌,2018-01-30
lme锌库存持续降低、美元走软将进一步刺激锌价上涨,2018-01-30
黄金ETF1月26日小幅减仓1.18吨至848.14吨,2018-01-29
原油价格创两年新高助涨化工品，上周黑色系转强铁矿石独跌,2018-01-29
南华期货：短线油脂反弹空间有限,2018-01-26
工业品多头狂欢两大利好助铜价反弹,2018-01-26
铜恐慌性下跌一大因素底部支撑，油价上升提振化工品,2018-01-25
期现套利VS内外盘套利，期价谁主浮沉？,2018-01-24
上证50十八连阳，铁矿石大幅跳水,2018-01-24
南华期货：铁矿石夜盘窄幅波动,2018-01-23
一大利好助IC反弹，黑色系资金出现获利出逃,2018-01-23
沪指时隔近三年再次站上3500点，牛市是否已悄然来临？,2018-01-23
基差波动下套利操作积极，聚烯烃关注节前备货意向,2018-01-22
商品总体偏弱运行，冬储行情有望开启，股指“二八”行情延续,2018-01-22
南华期货：螺纹钢热卷夜盘继续上行,2018-01-22
广州期货期市早评,2018-01-19
"美豆美粕四连阳走高,豆油击破六个月新低",2018-01-19
"沪铝跌幅放缓,沪锌延续震荡走势",2018-01-19
昨日铜价跳空低开低走，跌破均线组,2018-01-18
铝价日内跳水，或因市场到货增加,2018-01-17
美棉探底回升连续两日下跌,2018-01-17
南华期货：螺纹钢夜盘小幅拉涨,2018-01-17
美棉休市，郑棉减仓下行,2018-01-16
沪铜主力合约继续在55000-54500区间震荡,2018-01-16
螺纹钢本周内现货价格较大可能达到平衡,2018-01-15
南华期货：玻璃继续承压短空持有,2018-01-15
瑞达期货：菜粕期货增仓下挫跌幅进一步加深,2018-01-12
出口利好，美棉涨停报收,2018-01-12
沪锌近日有所回调，国内市场消费淡季依旧,2018-01-12
USDA报告前基金买盘继续推高棉价,2018-01-11
沪镍夜盘跳空高开，短期走势偏强,2018-01-11
沪镍夜盘大幅攀升，突破100000阻力位,2018-01-10
铜价冲高后进入调整阶段,2018-01-05
内外糖价短暂企稳美元走弱带动ICE期棉继续上涨,2018-01-05
沪镍延续上行趋势，下方支撑较强,2018-01-03
弘业期货：新年新气象了吗,2018-01-02
原糖延续走强郑糖关注产销数据,2018-01-02
沪铝走势强劲，突破15000关口,2017-12-29
沪铜出现跨年行情，拉涨完成即将下跌！,2017-12-29
2018年开启全球经济新周期大宗商品市场延续反弹走势,2017-12-28
"美国暂时避免政府关门噩梦,金价日线快速突破200日均线",2017-12-27
"美盘复盘之后回暖,美豆及豆油反弹收复10天线",2017-12-27
"欧美传统圣诞节休市,CBOT市场没有交易",2017-12-26
沪铜主力1802近期继续走高,2017-12-26
双休日期间，唐山钢坯部分价格下跌110-120元/吨,2017-12-25
上周基金加空大豆4万余手，净多逼近多空临界点,2017-12-25
美国暂时避免政府关门噩梦，金价日线快速突破200日均线和布林通道中轨,2017-12-25
沪铜主力1802夜盘重新攀上54000高位,2017-12-21
巴西降雨预报压制盘面，美豆继续向下走低,2017-12-21
南华期货：热卷夜盘小幅反弹,2017-12-20
"华信期货:原糖大涨4%,美豆遭遇抛压继续走低",2017-12-20
招金期货:全球最大黄金ETF–SPDR黄金信托持仓周二下降0.14%,2017-12-20
原糖继续增仓，美豆巩固性下挫收低,2017-12-19
招金期货：日图显示金价涨跌互现，但整体维持自低位以来的反弹之势,2017-12-19
"原糖回落郑糖企稳，基金减持大豆净多,美豆连续两周走低",2017-12-18
招金期货：税改进展仍将成为焦点,2017-12-18
弘业期货：晚盘跳空高开符合预期，关注思路,2017-12-15
招金期货:沪铝延续震荡，沪锌维持高位震荡走势,2017-12-15
瑞达期货：豆粕延续回调隐波小幅波动,2017-12-15
美尔雅期货2018年策略展望,2017-12-14
郑糖减仓下跌ICE期棉止跌反弹,2017-12-14
招金期货：12月加息后，金银反弹,2017-12-14
有色板块反弹，可以高抛进入空单,2017-12-13
招金期货:关注是否12月加息后，金银反弹,2017-12-13
"美豆四连阴下挫,60天均线再次面临考验",2017-12-12
"华信期货：基金大幅增持豆粕大豆净多,小幅减持豆油净多",2017-12-11
招金期货:贵金属短中期宽幅震荡,2017-12-11
弘业期货济南：黑色整体回落调整，后市如何看,2017-12-07
原糖随油价回落市场担忧印度产量是期棉再次上涨,2017-12-07
南华期货：金属品种夜盘纷纷回调震荡,2017-12-06
弘业期货：钢厂和成材大涨的推动下，唐山钢坯再次刷新了前高,2017-12-05
阿根廷天气忧虑波及盘面，美豆再次上冲1000美分关口,2017-12-05
美国通过减税法案，对于中美经济和商品的影响,2017-12-04
PTA期货投资策略,2017-12-04
招金期货金属行情解读,2017-12-04
前周基金增持豆油空头减持大豆及豆粕空头,2017-12-04
招金期货：螺纹高贴水，期货继续呈现近强远弱格局,2017-12-01
螺纹钢强势依旧，期价向上仍有空间,2017-11-30
全球铜市在可预见的未来将达到平衡,2017-11-30
华信期货：白糖集中开榨来临,2017-11-30
招金期货:受多头获利了结影响，沪铜延续下跌走势,2017-11-30
招金期货：沪铝利空消息消化，多空双方15000点位争夺激烈,2017-11-28
伦敦期镍周一引领金属市场跌势,2017-11-28
招金期货:预计短期铜价反弹后延续震荡走弱,2017-11-24
南华期货：有色金属夜盘偏强振荡,2017-11-24
为何期焦如此连续大涨？,2017-11-23
招金期货：沪镍延续反弹修复，重心缓慢上移,2017-11-23
招金期货:沪锌夜盘反弹，收回前几日跌幅,2017-11-22
国信期货：油脂消费旺季或将到来大豆有望上涨,2017-11-22
招金早评:空头力量逐渐加大，沪铝开始新一轮下跌,2017-11-21
沪铝行情震荡，走出预判的长下影线,2017-11-20
招金早评：下游需求不足，恐难以继续支撑铜价,2017-11-20
南华期货：螺纹钢横盘整理　热卷小幅回落,2017-11-17
招金早评：沪铜现货升水转贴水，下游因取暖季限产需求下降,2017-11-16
招金：卷螺基差收敛，螺纹短期多近空远,2017-11-15
中瑞交易：有色金属、黑色品种、化工品种操作建议,2017-11-15
招金期货：中期宽幅震荡，长期看涨金价,2017-11-14
招金期货:沪铜仍处于震荡区间,2017-11-10
瑞达期货：60日线支撑再现沪锌午后探底回升,2017-11-10
"华信期货:月度报告前夕美豆平稳,美豆豆油表现坚挺",2017-11-09
招金期货:短期反弹，中期震荡，长期看涨金价,2017-11-09
"招金期货:沪铝趋势下行,沪锌短期将延续震荡",2017-11-08
糖价延续上行上方压力渐增,2017-11-08
铜铝镍螺纹双焦热卷化工,2017-11-07
采暖季钢厂限产都利空原料端,2017-11-07
招金期货:沪铜短期震荡走弱，长期看涨金价,2017-11-06
南华期货：螺纹钢夜盘小幅反弹,2017-11-06
沪铜行情走势进入震荡,2017-11-03
美豆逼近1000美分关口，美粕持稳形成短期底部,2017-11-03
美联储计划持续加息预期对金价构成压力,2017-11-03
南华期货：煤焦夜盘震荡盘整,2017-11-03
螺纹：日内短线，灵活处理，等待破位参与,2017-11-02
"招金:黄金基短期反弹,沪铜仍处于下跌趋势之中",2017-11-02
"美豆小幅攀高,月初市场表现温和",2017-11-02
招金期货：加息预期对金价构成压力,2017-11-01
螺纹钢震荡洗盘，拉高回落,2017-11-01
"糖会召开,价格盘整",2017-11-01
螺纹：形态收敛，还要继续下破,2017-10-31
"收割时节美豆失去活力,美豆震荡区域逐步收窄",2017-10-31
螺纹：区间盘整？！,2017-10-30
新棉陆续上市，供应压力抑制长期棉价,2017-10-30
螺纹：区间突破做趋势行情,2017-10-24
瑞达期货：郑煤振荡下行，短空策略为宜,2017-10-20
糖价窄幅波动美新棉采收进度良好,2017-10-19
山东地区限产政策如何实施成为影响后市铝价的关键因素之一,2017-10-19
冬季将至，价差套利思路多热卷空螺纹,2017-10-19
"郑糖延续盘整,美豆美粕连续两日调整",2017-10-18
进口铅精矿TC降至25美元左右供应趋紧仍支撑四季度铅价,2017-10-13
环保炒作风声再起，螺纹或存修复基差预期,2017-10-13
白糖未来走势逻辑,2017-10-13
黑色尾盘拉升，白糖增仓上行,2017-10-13
南华期货：铁矿石底部整理，波动较大,2017-10-12
USDA月报前增产预期压制ICE期棉价格,2017-10-11
USDA月报前美棉震荡整理，美豆粕前高附近技术性回档,2017-10-10
黑色整体行情走势行情国庆假期后下旬或将出现转折,2017-10-09
黑色系反弹滞涨抛空,2017-09-28
套利分析：卷螺套利节后迎来机会,2017-09-28
黑色系震荡行情，思路转变反弹滞涨抛空,2017-09-27
广西抛储糖价回落,2017-09-27
步入粕强油弱的季节，关注油粕套利操作,2017-09-26
黑色系交易策略报告,2017-09-26
对美棉质量的担忧使期棉反弹,2017-09-26
瑞达期货：螺纹钢弱势整理关注均线压力,2017-09-26
白糖关注国储成交情况,2017-09-18
黑色系偏弱行情，思路转变反弹滞涨抛空,2017-09-18
现货销售好转支撑郑糖,2017-09-15
随着环保治理深入，消息面利多,2017-09-14
国储出库兑现，郑糖触底反弹,2017-09-14
福能期货：季节性因素影响蛋价短空长多,2017-09-13
瑞达期货：沪铝逆势飙升供给侧改革预期浓厚,2017-09-12
上周基金增持豆油净多，美豆美粕多空均衡,2017-09-11
昨日全球金融市场普跌，回调还是弱势？,2017-09-06
铁矿受进口，港口库存、环保政策限产等因素影响，今日抗跌将出现买点,2017-09-05
糖价小幅反弹全美金融市场休市,2017-09-05
利好消息兑现，螺纹强势反弹,2017-09-01
空头回补推高原糖美豆低位震荡偏强,2017-09-01
飓风登陆德州，影响低于预期美棉大幅回落,2017-08-29
巴西加征乙醇关税刺激原糖上涨,2017-08-25
南华期货：玻璃日内尝试1460上方放空,2017-08-25
原糖延续反弹，郑糖承压回落,2017-08-24
糖价小幅回调美棉区可能遭受飓风袭击使期价继续反弹,2017-08-23
瑞达期货：蛋价涨幅放缓期价高位整理,2017-08-23
供需面持续改善沪铜中长期维持走强格局,2017-08-21
铁矿石震荡偏强观望,2017-08-21
"原糖小幅上涨,郑糖窄幅波动",2017-08-21
浙商期货：基本面仍疲软甲醇先强后弱,2017-08-21
浙商期货：棕油产量旺季维持偏空思路,2017-08-21
螺纹钢逢低试多　煤焦上涨动力仍存,2017-08-18
供给压力大，糖价再度跌破13美分,2017-08-17
瑞达期货：双焦价差回归谨慎偏空思路,2017-08-16
"内外糖价反弹,油脂天气贴水压制盘面",2017-08-15
长安期货：多空博弈之下粕类见机行事,2017-08-15
长安期货：豆油寻觅低点建议长线持有,2017-08-14
巴西压榨高峰原糖触底反弹,2017-08-14
"USDA上调单产至49.4蒲,报告利空重挫美豆",2017-08-11
糖价内强外弱USDA报告前夕，美盘豆类温和震荡,2017-08-10
方正中期：底部支撑稳固沪胶不必悲观,2017-08-10
天气好转，美豆重回弱势震荡,2017-08-09
"美豆优良率上调1%至60%,美豆冲高回落",2017-08-09
美豆主产区降雨偏少，美豆小幅反弹,2017-08-08
中信期货：政策预期不明朗郑棉短期料承压,2017-08-08
白糖进口利润转正聚烯烃高位震荡等待突破,2017-08-07
南华期货：铁矿石多单逢高离场,2017-08-07
兴证期货：供给压力增大玉米弱势运行,2017-08-07
华安期货：石化库存降低烯烃震荡偏强,2017-08-07
兴证期货：塑料供应压力短期波动为主,2017-08-07
原糖大幅波动郑糖6150盘整,2017-08-04
糖价冲高回落降雨高于预期，美豆重挫36美分,2017-08-02
"原糖大幅反弹美豆优良率上调2%至59%,关注市场反应",2017-08-01
内外糖价窄幅震荡现货紧缺使ICE期棉震荡整理,2017-07-31
政策传闻支撑糖价出口利好美棉冲高回落延续反弹走势,2017-07-28
糖价超跌反弹美棉遇阻回落，期价延续震荡走势,2017-07-27
原糖大幅下跌美棉生长优良率下降使期价继续反弹,2017-07-26
瑞达期货：周边金属走强带动沪铅增仓上行,2017-07-26
原糖持稳美国棉区降雨有利新棉生长,2017-07-25
方正中期：供应转为宽松玉米上行受阻,2017-07-25
浙商期货：棉花供应充足仍以震荡为主,2017-07-25
原糖冲高回落基金减持大豆空头,2017-07-24
中投期货：铁矿石下半年供给压力加大,2017-07-24
方正中期：外糖面临过剩内糖无奈补跌,2017-07-21
基金买盘支撑盘面美盘豆类商品全线上扬,2017-07-21
原糖延续上行郑糖或有补涨,2017-07-20
原糖延续反弹美豆冲高遭遇技术性抛压,2017-07-19
郑糖二次跌破6200，谷物拖累盘面，关注优良率下调至61%盘面反应,2017-07-18
原糖延续反弹棉花技术支撑显现，美棉止跌震荡整理,2017-07-17
优良率下调至62%提振美豆月度报告提防震荡,2017-07-12
徽商期货：产业链疲软延续塑料底部行情难改,2017-07-12
对话螺纹十字路口的交易之约,2017-07-10
白糖配额外进口利润开始转负,2017-07-10
内外糖价小幅反弹，美豆优良率下调至64%,2017-07-07
美盘豆类复盘后继续上涨关注优良率对盘面的影响,2017-07-06
郑糖大幅下跌，郑棉维持震荡走势,2017-07-05
美小麦轧空波及豆类基金翻仓推升美盘豆类,2017-07-04
华泰期货：原油市场供需趋于平衡过剩局面有望缓解,2017-07-04
方正中期：双焦上涨正当时趋势多单持有,2017-07-03
华泰期货：低库存力挺锌市股期联动走升,2017-07-03
进口钴矿价格趋涨四钴出口创新低---5月钴进出口分析,2017-07-03
季度报告略微偏多美豆上涨27美分反应过大,2017-07-03
临近交割原糖大幅反弹，USDA季度报告前夕美盘表现相对平稳,2017-06-30
南华期货：煤焦上涨过快短多逢高止盈,2017-06-30
兴证期货：原油下破前低关键点位考验,2017-06-30
USDA种植面积报告前美棉维持弱势,2017-06-29
银河期货：期货市场各品种评述与操作建议,2017-06-28
南华期货：国际市场要闻及外盘分析评述摘要,2017-06-28
白糖9-1价差回落油脂油料场内抛压依然浓郁,2017-06-28
中州期货：期货市场各品种分析及交易提示,2017-06-27
"中电投先融:惊天铜地,铜价这一线有横盘的可能",2017-06-27
银河期货：期货市场各品种评述与操作建议,2017-06-27
南华期货：国际市场要闻及外盘分析评述摘要,2017-06-27
瑞达期货：蛋价全面下调期价低开高走,2017-06-27
方正中期：港口库存续增铁矿石或压力区承压波动,2017-06-23
南华期货：国际市场要闻及外盘分析评述摘要,2017-06-23
方正中期：螺纹钢或上涨承压资金洗盘增多,2017-06-23
中州期货：期货市场各品种分析及交易提示,2017-06-20
中电投先融：惊天铜地，铜价逢高做空思路不变,2017-06-20
银河期货：期货市场各品种评述与操作建议,2017-06-20
方正中期：铁矿石或延续震荡注意多空资金流向,2017-06-20
南华期货：国际市场要闻及外盘分析评述摘要,2017-06-20
方正中期：螺纹钢承压调整，或延续震荡,2017-06-20
股市短期继续走低期货市场弱势反弹,2017-06-19
银河期货：期货市场各品种评述与操作建议,2017-06-19
东海期货：此时此刻此景，已非彼时彼刻彼景,2017-06-19
方正中期：铁矿石或支撑性波动防资金集中异动,2017-06-19
南华期货：国际市场要闻及外盘分析评述摘要,2017-06-19
方正中期：流动性紧张预期减弱螺纹钢或强势震荡,2017-06-19
弘业期货：玉米早评，玉米多头的饺子该吃完了,2017-06-19
银河期货：期货市场各品种评述与操作建议,2017-06-16
"方正中期：螺纹钢或维持强势,注意资金主动性",2017-06-16
南华期货：国际市场要闻及外盘分析评述摘要,2017-06-16
方正中期：铁矿石或延续支撑性反弹波动,2017-06-16
华信期货:增产预期使美棉继续下跌,2017-06-15
兴证期货：淡季即将临近PTA走势趋弱,2017-06-14
方正中期：螺纹钢或承压大幅震荡资金洗盘加剧,2017-06-14
南华期货：国际市场要闻及外盘分析评述摘要,2017-06-14
方正中期：铁矿石或承压震荡调整注意资金积极性,2017-06-14
瑞达期货：鸡蛋现货企稳，期价窄幅整理,2017-06-13
瑞达期货：市场再现普涨行情短期缺乏上行动能,2017-06-13
中电投先融:铜价美联储利息会议前反弹受阻,2017-06-13
方正中期：资金上攻主动性减弱螺纹钢或延续震荡,2017-06-13
银河期货：期货市场各品种评述与操作建议,2017-06-13
方正中期：现货市场疲弱铁矿石或延续承压波动,2017-06-13
南华期货：国际市场要闻及外盘分析评述摘要,2017-06-13
银河期货：期货市场各品种评述与操作建议,2017-06-12
方正中期：螺纹钢或强势大震荡防资金打压洗盘,2017-06-12
南华期货：国际市场要闻及外盘分析评述摘要,2017-06-12
方正中期：铁矿石受螺纹钢影响加大注意资金流向,2017-06-12
银河期货：期货市场各品种评述与操作建议,2017-06-09
方正中期：现货维稳偏弱铁矿石或延续承压波动,2017-06-09
方正中期：螺纹钢或反弹承压注意资金流向,2017-06-09
南华期货：国际市场要闻及外盘分析评述摘要,2017-06-09
方正中期：螺纹钢反弹承压注意支撑区支撑强度,2017-06-08
瑞达期货：中国铜进口攀升，沪铜振荡反弹,2017-06-08
瑞达期货：IF介入压力区回撤仍可逢低买入,2017-06-08
中州期货：期货市场各品种分析及交易提示,2017-06-08
中电投先融：反弹空间有限，后市继续看跌,2017-06-08
方正中期：现货弱稳螺纹钢或延续承压波动,2017-06-08
南华期货：国际市场要闻及外盘分析评述摘要,2017-06-08
方正中期：铁矿石或延续承压波动注意资金流向,2017-06-08
银河期货：期货市场各品种评述与操作建议,2017-06-08
瑞达期货：股指介入压力区间回撤仍可逢低买入,2017-06-07
瑞达期货：短期成交量低迷DCE玉米可逢高抛空,2017-06-07
中州期货：期货市场各品种分析及交易提示,2017-06-07
"中电投先融期货:惊天铜地,铜价反弹的力度有限",2017-06-07
银河期货：期货市场各品种评述与操作建议,2017-06-07
方正中期：铁矿石或再有下探，防范减仓洗盘,2017-06-07
方正中期：螺纹钢或延续大幅震荡资金洗盘加剧,2017-06-07
南华期货：国际市场要闻及外盘分析评述摘要,2017-06-07
方正中期：资金集中减仓螺纹钢或阶段性震荡反弹,2017-06-06
中电投先融期货：惊天铜地，铜价看跌思路不变,2017-06-06
方正中期：铁矿石库存压力较重注意螺纹钢影响,2017-06-06
银河期货：铜市尾盘加速下跌中期维持偏空思路,2017-06-06
瑞达期货：短期修复持续，逢低轻仓试多,2017-06-06
瑞达期货：沪铜跌速加快可继续顺势加空,2017-06-06
银河期货：期货市场各品种评述与操作建议,2017-06-06
方正中期：螺纹钢或承压洗盘大波动现货成交转差,2017-06-06
南华期货：国际市场要闻及外盘分析评述摘要,2017-06-06
方正中期：铁矿石或有反弹承压洗盘波动,2017-06-06
方正中期：铁矿石或承压调整洗盘注意螺纹影响,2017-06-05
银河期货：经济忧虑仍在，铜价受阻于5日均线,2017-06-05
中州期货：期货市场各品种分析及交易提示,2017-06-05
瑞达期货：鸡蛋现货平静，期价再度下探,2017-06-05
瑞达期货：中小盘逆袭持续关注中证500机会,2017-06-05
银河期货：期货市场各品种评述与操作建议,2017-06-05
方正中期：螺纹钢或有大幅洗盘注意关口支撑强度,2017-06-05
南华期货：国际市场要闻及外盘分析评述摘要,2017-06-05
方正中期：铁矿石高位承压洗盘注意资金情绪影响,2017-06-05
银河期货：期货市场各品种评述与操作建议,2017-06-02
方正中期：成交弱钢价回调螺纹钢或承压下探调整,2017-06-02
方正中期：市场形势差铁矿石或延续承压弱势波动,2017-06-02
南华期货：国际市场要闻及外盘分析评述摘要,2017-06-02
黑色系压力大继续偏空思维,2017-06-02
方正中期：螺纹钢或反弹承压洗盘资金分歧较大,2017-06-01
方正中期：铁矿石或有承压调整洗盘波动,2017-06-01
瑞达期货：标的微跌，期权涨跌各异,2017-06-01
瑞达期货：白糖标的微涨期权涨跌各异,2017-06-01
银河期货：人民币继续升值，铜市小幅震荡,2017-06-01
"中电投先融:惊天铜地,铜价继续看跌思路不变",2017-06-01
中州期货：期货市场各品种分析及交易提示,2017-06-01
银河期货：期货市场各品种评述与操作建议,2017-06-01
方正中期：螺纹钢或有反弹承压波动洗盘将加大,2017-06-01
南华期货：国际市场要闻及外盘分析评述摘要,2017-06-01
方正中期：铁矿石或延续承压弱势调整波动,2017-06-01
方正中期：螺纹钢或延续承压弱势波动防超跌洗盘,2017-05-31
中电投先融期货：惊天铜地，铜价看空思路不变,2017-05-31
瑞达期货：沪铜跌破均线支撑，顺势短空,2017-05-31
瑞达期货：指数冲高回落，后市亦需谨慎,2017-05-31
中州期货：期货市场各品种分析及交易提示,2017-05-31
方正中期：铁矿石或压力区承压波动资金洗盘加大,2017-05-31
南华期货：国际市场要闻及外盘分析评述摘要,2017-05-31
方正中期：库存低位贴水较大螺纹钢或支撑性波动,2017-05-31
银河期货：期货市场各品种评述与操作建议,2017-05-31
近期供应压力持续，豆粕09-01价差有望走缩,2017-05-24
国信期货：库存矛盾突出胶价低位运行,2017-05-22
海通期货2017“笑傲江湖”实盘大赛正式开赛,2017-05-18
中电投先融：惊天铜地，铜价整体弱势格局没改变,2017-05-18
中州期货：期货市场各品种分析及交易提示,2017-05-18
南华期货：国际市场要闻及外盘分析评述摘要,2017-05-18
方正中期：螺纹钢修复贴水延续强势防资金异动,2017-05-18
方正中期：铁矿石或维持强势防范资金洗盘,2017-05-18
方正中期：螺纹钢放量大涨修复贴水延续强势防洗盘,2017-05-18
银河期货：期货市场各品种评述与操作建议,2017-05-17
上海大陆期货：商品资讯及评论20170517,2017-05-17
南华期货：国际市场要闻及外盘分析评述摘要,2017-05-17
方正中期：铁矿石或反抽压力区注意高位资金流向,2017-05-17
煤炭暴跌打击市场螺纹钢或承压震荡调整,2017-05-12
华泰期货:商品大幅波动下的铜镍机会,2017-05-11
瑞达期货：供强需弱预期沪镍宜逢高空,2017-05-11
上海大陆期货：商品资讯及评论20170505,2017-05-05
南华期货：国际市场要闻及外盘分析评述摘要,2017-05-05
方正中期：螺纹钢或延续承压弱势注意资金情绪影响,2017-05-05
方正中期：铁矿石延续承压跌势防短线减仓洗盘,2017-05-05
广州期货：多重利空压制，铜价短期弱势难改,2017-05-05
银河期货：期货市场各品种评述与操作建议,2017-05-05
银河期货：期货市场各品种评述与操作建议,2017-05-04
上海大陆期货：商品资讯及评论20170504,2017-05-04
方正中期：螺纹钢延续承压弱势波动防资金减仓洗盘,2017-05-04
南华期货：国际市场要闻及外盘分析评述摘要,2017-05-04
方正中期：铁矿石破位暴跌防资金极端打压及洗盘,2017-05-04
银河期货：罢工忧虑情绪缓和，铜价震荡回落,2017-05-03
瑞达期货：沪铜承压回调因美联储利率决议在即,2017-05-03
瑞达期货：股指小幅下挫，走势略显纠结,2017-05-03
中州期货：期货市场各品种分析及交易提示,2017-05-03
银河期货：期货市场各品种评述与操作建议,2017-05-03
南华期货：国际市场要闻及外盘分析评述摘要,2017-05-03
上海大陆期货：商品资讯及评论20170503,2017-05-03
中电投先融期货：惊天铜地，铜价只是反弹而已,2017-05-02
瑞达期货：股指延续修复，短期反弹可期,2017-05-02
瑞达期货：鸡蛋高开低走，建议维持观望,2017-05-02
中州期货：期货市场各品种分析及交易提示,2017-05-02
银河期货：期货市场各品种评述与操作建议,2017-05-02
上海大陆期货：商品资讯及评论20170502,2017-05-02
南华期货：国际市场要闻及外盘分析评述摘要,2017-05-02
南华期货：国际市场要闻及外盘分析评述摘要,2017-04-28
方正中期：现货维稳挺价螺纹钢延续强势防洗盘,2017-04-28
上海大陆期货：商品资讯及评论20170428,2017-04-28
方正中期：铁矿石或有上涨承压波动防资金洗盘,2017-04-28
银河期货：企业利润增速放缓铜价延续震荡走势,2017-04-27
中州期货：期货市场各品种分析及交易提示,2017-04-27
中电投先融:铜价有小反弹，但不改下跌趋势,2017-04-27
银河期货：期货市场各品种评述与操作建议,2017-04-27
方正中期：螺纹钢或延续承压波动市场抛压仍较重,2017-04-27
方正中期：铁矿石整体形势较差延续承压弱势波动,2017-04-27
南华期货：国际市场要闻及外盘分析评述摘要,2017-04-27
上海大陆期货：商品资讯及评论20170427,2017-04-27
瑞达期货：期指止跌趋稳，短线仍有反复,2017-04-26
瑞达期货：鸡蛋延续反弹，建议多单继续持有,2017-04-26
中电投先融：铜价短期反弹，后市看空思路不变,2017-04-26
银河期货：铜价震荡上行，短期仍维持震荡思路,2017-04-26
中州期货：期货市场各品种分析及交易提示,2017-04-26
银河期货：期货市场各品种评述与操作建议,2017-04-26
上海大陆期货：商品资讯及评论20170426,2017-04-26
方正中期：螺纹钢或有上冲承压波动防减仓洗盘,2017-04-26
南华期货：国际市场要闻及外盘分析评述摘要,2017-04-26
方正中期：铁矿石跟螺纹波动或上涨承压防洗盘,2017-04-26
中电投先融：惊天铜地，铜价反弹的力度有限,2017-04-25
中州期货：期货市场各品种分析及交易提示,2017-04-25
瑞达期货：期指弱势回升，信心仍需修复,2017-04-25
瑞达期货：豆油反弹乏力，表现弱于豆粕,2017-04-25
银河期货：期货市场各品种评述与操作建议,2017-04-25
南华期货：国际市场要闻及外盘分析评述摘要,2017-04-25
方正中期：市场心态仍偏弱螺纹钢延续震荡波动,2017-04-25
上海大陆期货：商品资讯及评论20170425,2017-04-25
方正中期：铁矿石延续震荡市场弱势形势下防洗盘,2017-04-25
银河期货：期货市场各品种评述与操作建议,2017-04-24
方正中期：库存日产皆增钢坯大跌螺纹钢或大洗盘,2017-04-24
南华期货：国际市场要闻及外盘分析评述摘要,2017-04-24
方正中期：现货市场形势仍较弱铁矿石或回踩支撑,2017-04-24
银河期货：期货市场各品种评述与操作建议,2017-04-21
方正中期：铁矿石或上冲承压洗盘防资金异动,2017-04-21
南华期货：国际市场要闻及外盘分析评述摘要,2017-04-21
方正中期：螺纹钢延续反弹或有承压洗盘波动,2017-04-21
上海大陆期货：商品资讯及评论 201704214,2017-04-21
中电投先融期货：惊天铜地，铜价看空思路不变,2017-04-20
中州期货：期货市场各品种分析及交易提示,2017-04-20
银河期货：期货市场各品种评述与操作建议,2017-04-20
方正中期：螺纹钢冲高回调，或承压下跌,2017-04-20
上海大陆期货：商品资讯及评论20170420,2017-04-20
方正中期：铁矿石或承压回落注意资金压盘力度,2017-04-20
南华期货：国际市场要闻及外盘分析评述摘要,2017-04-20
银河期货：期货市场各品种评述与操作建议,2017-04-19
方正中期：铁矿石大幅减仓延续弱势注意抛压情况,2017-04-19
方正中期：螺纹钢延续跌势期现货市场心态较差,2017-04-19
上海大陆期货：商品资讯及评论20170419,2017-04-19
南华期货：国际市场要闻及外盘分析评述摘要,2017-04-19
银河期货：期货市场各品种评述与操作建议,2017-04-18
方正中期：铁矿石破位延续跌势防范减仓洗盘,2017-04-18
南华期货：国际市场要闻及外盘分析评述摘要,2017-04-18
方正中期：螺纹钢延续跌势防资金打压后减仓,2017-04-18
上海大陆期货：商品资讯及评论20170418,2017-04-18
浙商期货：下游需求稳定镍价有望抬升,2017-04-17
银河期货：期货市场各品种评述与操作建议,2017-04-14
方正中期：铁矿石关口区支撑增强洗盘将加大,2017-04-14
南华期货：国际市场要闻及外盘分析评述摘要,2017-04-14
方正中期：6月底前取缔地条钢钢厂成本区支撑增强,2017-04-14
上海大陆期货：商品资讯及评论20170414,2017-04-14
银河期货：国内贸易形势改善铜价在下跌遇支撑,2017-04-13
中州期货：期货市场各品种分析及交易提示,2017-04-13
瑞达期货：沪铜探底回升46000关口失而复得,2017-04-13
瑞达期货：期指继续整固，回调仍可低吸,2017-04-13
上海大陆期货：商品资讯及评论20170413,2017-04-13
方正中期：螺纹钢反弹承压或延续弱势波动,2017-04-13
方正中期：铁矿石延续弱势500关口洗盘加大,2017-04-13
南华期货：国际市场要闻及外盘分析评述摘要,2017-04-13
银河期货：期货市场各品种评述与操作建议,2017-04-12
方正中期：铁矿石或延续承压弱势波动防洗盘,2017-04-12
方正中期：螺纹钢破位续跌防打压后减仓洗盘,2017-04-12
上海大陆期货：商品资讯及评论20170412,2017-04-12
上海大陆期货：商品资讯及评论 201704114,2017-04-11
南华期货：国际市场要闻及外盘分析评述摘要,2017-04-11
方正中期：螺纹钢超跌反弹3000关口洗盘加大,2017-04-11
方正中期：铁矿石市场形势较差或承压弱势波动,2017-04-11
银河期货：期货市场各品种评述与操作建议,2017-04-11
中电投先融：惊天铜地，铜价又来到时间窗节点,2017-04-06
银河期货：下游刚需入市，铜价高开后窄幅震荡,2017-04-06
中州期货：期货市场各品种分析及交易提示,2017-04-06
银河期货：期货市场各品种评述与操作建议,2017-04-06
方正中期：国务院部署改革重点任务螺纹钢或延震荡,2017-04-06
南华期货：国际市场要闻及外盘分析评述摘要,2017-04-06
上海大陆期货：商品资讯及评论20170406,2017-04-06
方正中期：铁矿石偏强震荡注意资金流向,2017-04-06
银河期货：节后铜市交投清淡，仍建议逢低买入,2017-04-05
中州期货：期货市场各品种分析及交易提示,2017-04-05
瑞达期货：政策利好刺激，期指延续升势,2017-04-05
瑞达期货：USDA报告利空，豆类低开高走,2017-04-05
银河期货：期货市场各品种评述与操作建议,2017-04-05
南华期货：国际市场要闻及外盘分析评述摘要,2017-04-05
上海大陆期货：商品资讯及评论20170405,2017-04-05
方正中期：螺纹钢注意雄安新区预期及钢厂调价影响,2017-04-05
方正中期：铁矿石注意钢厂调价及螺纹带动影响,2017-04-05
瑞达期货：沪指限售3200点或可适度低吸,2017-03-30
瑞达期货：沪铜振荡企稳，短期谨慎偏多,2017-03-30
"中电投先融:惊天铜地,铜价关注压力线的争夺",2017-03-30
中州期货：期货市场各品种分析及交易提示,2017-03-30
上海大陆期货：商品资讯及评论20170330,2017-03-30
南华期货：国际市场要闻及外盘分析评述摘要,2017-03-30
方正中期：螺纹钢延续支撑性偏强波动防减仓洗盘,2017-03-30
方正中期：铁矿石或有上冲承压波动防回调洗盘,2017-03-30
银河期货：期货市场各品种评述与操作建议,2017-03-30
银河期货：期货市场各品种评述与操作建议,2017-03-29
方正中期：铁矿石随螺纹强势反弹或续支撑性波动,2017-03-29
方正中期：螺纹钢环保预期显现后期或逐修复贴水,2017-03-29
南华期货：国际市场要闻及外盘分析评述摘要,2017-03-29
上海大陆期货：商品资讯及评论20170329,2017-03-29
瑞达期货：期指震荡回落，下方支撑成关键,2017-03-28
瑞达期货：承压系统均线，豆粕震荡回落,2017-03-28
中电投先融期货：惊天铜地，铜价反弹难以延续,2017-03-28
银河期货：年内新增矿产能有限，铜价小幅反弹,2017-03-28
银河期货：期货市场各品种评述与操作建议,2017-03-28
方正中期：螺纹钢或反弹承压波动防资金集中减仓,2017-03-28
方正中期：铁矿石或延续承压波动注意螺纹带动影响,2017-03-28
南华期货：国际市场要闻及外盘分析评述摘要,2017-03-28
银河期货：地产调控继续，铜价承压下挫,2017-03-27
中州期货：期货市场各品种分析及交易提示,2017-03-27
瑞达期货：豆油增仓大跌，向下寻找支撑,2017-03-27
瑞达期货：沪指冲高回落，上行格局未变,2017-03-27
南华期货：国际市场要闻及外盘分析评述摘要,2017-03-27
方正中期：螺纹钢或破位下跌防恐慌性超跌后反弹,2017-03-27
上海大陆期货：商品资讯及评论20170327,2017-03-27
方正中期：资金抛压较重铁矿石或破位续跌防洗盘,2017-03-27
银河期货：期货市场各品种评述与操作建议,2017-03-27
银河期货：期货市场各品种评述与操作建议,2017-03-24
上海大陆期货：商品资讯及评论20170324,2017-03-24
南华期货：国际市场要闻及外盘分析评述摘要,2017-03-24
方正中期：螺纹钢超跌反弹或有大幅震荡洗盘,2017-03-24
方正中期：铁矿石随螺纹波动注意多空资金主动性,2017-03-24
银河期货：铜矿罢工问题升级，铜价延续震荡,2017-03-23
中州期货：期货市场各品种分析及交易提示,2017-03-23
上海大陆期货：商品资讯及评论20170323,2017-03-23
南华期货：国际市场要闻及外盘分析评述摘要,2017-03-23
银河期货：期货市场各品种评述与操作建议,2017-03-23
方正中期：流动性紧张预期仍较重螺纹防打压反弹,2017-03-22
方正中期：铁矿石承压波动防洗盘资金紧张预期较重,2017-03-22
南华期货：国际市场要闻及外盘分析评述摘要,2017-03-22
上海大陆期货：商品资讯及评论20170322,2017-03-22
银河期货：期货市场各品种评述与操作建议,2017-03-22
中州期货：期货市场各品种分析及交易提示,2017-03-21
银河期货：期货市场各品种评述与操作建议,2017-03-21
方正中期：钢厂调价节点螺纹或延续承压波动,2017-03-21
南华期货：国际市场要闻及外盘分析评述摘要,2017-03-21
上海大陆期货：商品资讯及评论 201703213,2017-03-21
方正中期：资金市场流动性紧张铁矿石承压波动,2017-03-21
"瑞达期货：沪指弱势震荡,市场格局或转变",2017-03-20
瑞达期货：郑棉继续下行，短期偏弱走势,2017-03-20
"中电投先融期货:惊天铜地,铜价十字路口的徘徊",2017-03-20
银河期货：期货市场各品种评述与操作建议,2017-03-20
上海大陆期货：商品资讯及评论20170320,2017-03-20
方正中期：楼市分类调控政策压制螺纹高位承压波动,2017-03-20
南华期货：国际市场要闻及外盘分析评述摘要,2017-03-20
方正中期：铁矿石高位承压震荡注意资金情绪波动,2017-03-20
上海大陆期货：商品资讯及评论20170317,2017-03-17
南华期货：国际市场要闻及外盘分析评述摘要,2017-03-17
方正中期：资金集中增减仓洗盘铁矿石高位承压,2017-03-17
方正中期：发改委召开部际联席会议螺纹钢承压波动,2017-03-17
银河期货：期货市场各品种评述与操作建议,2017-03-17
方正中期：加息及耶伦讲话符预期铁矿石或续涨势,2017-03-16
方正中期：加息靴子落地螺纹钢或延续涨势,2017-03-16
上海大陆期货：商品资讯及评论20170316,2017-03-16
南华期货：国际市场要闻及外盘分析评述摘要,2017-03-16
上海大陆期货：商品资讯及评论20170315,2017-03-15
方正中期：远月拉涨修复深贴水螺纹钢延续强势,2017-03-15
南华期货：国际市场要闻及外盘分析评述摘要,2017-03-15
银河期货：期货市场各品种评述与操作建议,2017-03-15
方正中期：铁矿石或延续强势近远同涨修复深贴水,2017-03-15
银河期货：期货市场各品种评述与操作建议,2017-03-14
方正中期：去产能预计超预期螺纹钢或强势波动,2017-03-14
上海大陆期货：商品资讯及评论20170314,2017-03-14
南华期货：国际市场要闻及外盘分析评述摘要,2017-03-14
银河期货：期货市场各品种评述与操作建议,2017-03-13
中电投先融：惊天铜地，铜价反弹空间有限,2017-03-13
南华期货：国际市场要闻及外盘分析评述摘要,2017-03-13
上海大陆期货：商品资讯及评论20170313,2017-03-13
方正中期：螺纹钢或延续承压弱势波动防减仓洗盘,2017-03-13
银河期货：期货市场各品种评述与操作建议,2017-03-10
方正中期：螺纹钢或延续承压弱势波动防资金洗盘,2017-03-10
上海大陆期货：商品资讯及评论20170310,2017-03-10
方正中期：资金持续减仓铁矿石或有震荡洗盘,2017-03-10
南华期货：国际市场要闻及外盘分析评述摘要,2017-03-10
方正中期：美联储加息预期加重螺纹钢或承压续跌,2017-03-09
银河期货：期货市场各品种评述与操作建议,2017-03-09
南华期货：国际市场要闻及外盘分析评述摘要,2017-03-09
上海大陆期货：商品资讯及评论20170309,2017-03-09
方正中期：铁矿石承压续跌加息预期加重多头减仓,2017-03-09
华泰期货：油脂旺季过去调整在所难免,2017-02-16
银河期货：三月开始抛储新棉销售压力,2017-02-08
华安年报：供应紧平衡下棉价暂缓上行,2017-01-23
瑞达年报：供需格局扭转沪胶仍有高点,2017-01-06
南华期货：螺纹反弹可继续短空,2017-01-03
双焦夜盘震荡下行，走势较弱,2016-12-14
华泰期货：下游需求增加棉花底部抬升,2016-12-12
神华期货：油价支撑有限塑料震荡格局,2016-12-12
信达期货：豆油逐步下跌棕油高位震荡,2016-12-07
国鑫金服：美国非农公布在即轻仓参与等机会,2016-12-02
国鑫金服：减产利好持续发酵，油价延续强势,2016-12-02
南华期货：国际市场要闻及外盘分析评述摘要,2016-12-02
方正中期：中频炉关停行动扩大螺纹钢或维持强势,2016-12-02
方正中期：铁矿石或上涨承压震荡资金洗盘加大,2016-12-02
瑞达期货：期货市场各品种分析及交易提示,2016-12-02
广州期货：政策为黑色降温大量资金离场黑色暴跌,2016-12-01
证金贵金属：ADP数据靓丽OPEC意外达成协议,2016-12-01
方正中期：螺纹钢或有支撑性大幅震荡洗盘波动,2016-12-01
南华期货：国际市场要闻及外盘分析评述摘要,2016-12-01
方正中期：原油暴涨搅局铁矿石或有大幅洗盘震荡,2016-12-01
