date,title,url
2018-04-18,【中大期货金属(有色金属)日报20180418】,http://www.zdqh.com/about/news_info.php?3268
2018-04-17,【中大期货金属(有色金属)日报20180417——铝供应忧虑挥之不去 地缘政治危机缓解 美元回落,http://www.zdqh.com/about/news_info.php?3263
2018-04-16,【中大期货金属(有色)周报20180416——美制裁俄铝引发供应忧虑 国储抛锌引发市场恐慌 基本,http://www.zdqh.com/about/news_info.php?3260
2018-04-13,【中大期货金属(有色金属)日报20180413——铝供应忧虑挥之不去 国储抛锌传闻引发恐慌 基本,http://www.zdqh.com/about/news_info.php?3254
2018-04-12,【中大期货金属(有色金属)日报20180412——叙利亚引发地缘政治风险 美联储暗示更多加息 基,http://www.zdqh.com/about/news_info.php?3248
2018-04-10,【中大期货金属(有色金属)日报2018410——中美贸易战忧虑降温 美对俄铝实施制裁 基本金属,http://www.zdqh.com/about/news_info.php?3239
2018-04-09,【中大期货金属(有色)周报20180409——中美贸易战继续升级 中美欧经济数据好坏不一 基本金,http://www.zdqh.com/about/news_info.php?3235
2018-04-04,【中大期货金属(有色金属)日报2018404——市场预期中美贸易战将不会损及有色市场 基本金,http://www.zdqh.com/about/news_info.php?3229
2018-04-03,【中大期货金属(有色金属)日报2018403——中国制造业PMI好于预期 下游入市补库 基本金属全,http://www.zdqh.com/about/news_info.php?3226
2018-04-02,【中大期货金属(有色)周报20180402——中美贸易战峰回路转 市场忧虑情绪大幅波动 基本金属,http://www.zdqh.com/about/news_info.php?3219
2018-03-30,【中大期货金属(有色金属)日报20180330——中美重启贸易谈判 美元指数小幅回升 基本金属涨,http://www.zdqh.com/about/news_info.php?3216
2018-03-29,【中大期货金属(有色金属)日报20180329——中美贸易战狼烟再起 美国四季度GDP好于预期 基本,http://www.zdqh.com/about/news_info.php?3211
2018-03-28,【中大期货金属(有色金属)日报20180328——中美贸易战忧虑降温 伦铜继续猛增 基本金属冲高,http://www.zdqh.com/about/news_info.php?3206
2018-03-27,【中大期货金属(有色金属)日报20180327——中美开始贸易谈判 伦铜库存猛增 基本金属低探回,http://www.zdqh.com/about/news_info.php?3201
2018-03-26,【中大期货金属(有色)周报20180326——美联储如期加息VS中美贸易战剑拔弩张 基本金属悉数,http://www.zdqh.com/about/news_info.php?3198
2018-03-23,【中大期货金属(有色金属)日报20180323——英央行按兵不动 中美贸易战升温 基本金属全线回,http://www.zdqh.com/about/news_info.php?3191
2018-03-22,【中大期货金属(有色金属)日报20180322——美联储如期加息 预期今年加息三次 美元回落 基,http://www.zdqh.com/about/news_info.php?3186
2018-03-21,【中大期货金属(有色金属)日报20180321——贸易保护主义与美联储加息双重忧虑上升 基本金,http://www.zdqh.com/about/news_info.php?3180
2018-03-20,【中大期货金属(有色金属)日报20180320——贸易战打压金属需求前景 市场预期美联储加息 基,http://www.zdqh.com/about/news_info.php?3174
2018-03-19,【中大期货金属(有色)周报20180319——中美贸易战扩大引发对经济复苏前景忧虑 基本金属宽,http://www.zdqh.com/about/news_info.php?3169
2018-03-16,【中大期货金属(有色金属)日报20180316——贸易战忧虑重燃 美元指数回升 基本金属涨跌不一,http://www.zdqh.com/about/news_info.php?3161
2018-03-15,【中大期货金属(有色金属)日报20180315——中国数据好于预期 美国加大中美贸易战力度 基本,http://www.zdqh.com/about/news_info.php?3156
2018-03-14,【中大期货金属(有色金属)日报20180314——美国务卿蒂勒森被解职 通胀数据温和 基本金属持,http://www.zdqh.com/about/news_info.php?3148
2018-03-13,【中大期货金属(有色金属)日报20180313——伦铜库存猛增 中国铝炼厂即将复工 基本金属全线,http://www.zdqh.com/about/news_info.php?3141
2018-03-12,【中大期货金属(有色)周报20180312——特朗普悍然发动贸易战 美薪资增速放缓打压美元 基本,http://www.zdqh.com/about/news_info.php?3135
2018-03-09,【中大期货金属(有色金属)日报20180309——美正式开启贸易战 欧央行调整QE措辞 基本金属多,http://www.zdqh.com/about/news_info.php?3128
2018-03-08,【中大期货金属(有色金属)日报20180308——科恩辞职引市场忧虑回升 美劳动力市场持续增长,http://www.zdqh.com/about/news_info.php?3123
2018-03-07,【中大期货金属(有色金属)日报20180307——美贸易战忧虑缓解 中国需求预期回升 基本金属涨,http://www.zdqh.com/about/news_info.php?3116
2018-03-06,【中大期货金属(有色金属)日报20180306——美开启全球贸易战 欧美经济数据分化 基本金属涨,http://www.zdqh.com/about/news_info.php?3111
2018-03-05,【中大期货金属(有色)周报20180305——鲍威尔国会首秀暗示美联储将渐进加息 美元回升 基本,http://www.zdqh.com/about/news_info.php?3107
2018-03-02,【中大期货金属(有色金属)日报20180302——美元持续回升 欧美经济数据好坏不一 基本金属持,http://www.zdqh.com/about/news_info.php?3100
2018-03-01,【中大期货金属(有色金属)日报20180301——美元持续反弹回升 全球经济数据逊于预期 基本金,http://www.zdqh.com/about/news_info.php?3092
2018-02-28,【中大期货金属(有色金属)日报20180228——美联储将渐进加息提振美元反弹回升 基本金属进,http://www.zdqh.com/about/news_info.php?3085
2018-02-27,【中大期货金属(有色金属)日报20180227——美元宽幅震荡 中国铜1月进口增加 基本金属宽幅,http://www.zdqh.com/about/news_info.php?3079
2018-02-26,【中大期货金属(有色)周报20180226——美元上蹿下跳 全球基本金属供应依然短缺 基本金属横,http://www.zdqh.com/about/news_info.php?3071
2018-02-23,【中大期货金属(有色金属)日报20180223——美元由涨转跌 美联储或将提前加息 基本金属涨跌,http://www.zdqh.com/about/news_info.php?3062
2018-02-22,【中大期货金属(有色金属)日报20180222——中国春节休市 美元企稳回升 外盘基本金属多数冲,http://www.zdqh.com/about/news_info.php?3057
2018-02-14,【中大期货金属(有色金属)日报20180214——铜供应忧虑情绪回升 美元持续走软 基本金属多数,http://www.zdqh.com/about/news_info.php?3050
2018-02-13,【中大期货金属(有色金属)日报20180213——美元疲软 白宫公布特朗普基建计划 基本金属外强,http://www.zdqh.com/about/news_info.php?3044
2018-02-12,【中大期货金属(有色)周报20180212——五大央行货币政策分化 美国政府停摆将成常态 基本金,http://www.zdqh.com/about/news_info.php?3040
2018-02-09,【中大期货金属(有色金属)日报20180209——欧美英货币政策前景分化 国内铜进口持续放缓 基,http://www.zdqh.com/about/news_info.php?3032
2018-02-08,【中大期货金属(有色金属)日报20180208——油价下滑 美元上涨 基本面忧虑回升 基本金属悉,http://www.zdqh.com/about/news_info.php?3024
2018-02-07,【中大期货金属(有色金属)日报20180207——澳联储按兵不动 美元走强 国内需求持续萎靡 基,http://www.zdqh.com/about/news_info.php?3017
2018-02-06,【中大期货金属(有色金属)日报20180206——鲍威尔就任联储主席 欧美服务业PMI回升 基本金属,http://www.zdqh.com/about/news_info.php?3010
2018-02-04,【中大期货金属(有色)周报20180205——美联储3月将加息 美将推1.5万亿基建投资 基本金属多,http://www.zdqh.com/about/news_info.php?2999
2018-02-02,【中大期货金属(有色金属)日报20180202——节前国内有色需求走软 品种间基本面分化 基本金,http://www.zdqh.com/about/news_info.php?2995
2018-02-01,【中大期货金属(有色金属)日报20180201——特朗普透露1.5万亿基建计划 美联储3月将加息 基,http://www.zdqh.com/about/news_info.php?2982
2018-01-31,【中大期货金属(有色金属)日报20180131——欧美经济数据好坏不一 美财长表态支持强势美元,http://www.zdqh.com/about/news_info.php?2969
2018-01-30,【中大期货金属(有色金属)日报20180130——市场聚焦美国基建计划与联储议息会议 基本金属,http://www.zdqh.com/about/news_info.php?2961
2018-01-29,【中大期货金属(有色)周报20180129——美国政府结束停摆 美元剧烈震荡 伦铜库存激增 基本,http://www.zdqh.com/about/news_info.php?2955
2018-01-26,【中大期货金属(有色金属)日报20180126——伦铜库存继续猛增 特朗普表态力挺强势美元 基本,http://www.zdqh.com/about/news_info.php?2951
2018-01-25,【中大期货金属(有色金属)日报20180125——伦铜库存继续猛增 美元指数跌至三年低位 铜引领,http://www.zdqh.com/about/news_info.php?2944
2018-01-24,【中大期货金属(有色金属)日报20180124——伦铜库存猛增 LME基金净多头减持 铜引领基本金属,http://www.zdqh.com/about/news_info.php?2937
2018-01-23,【中大期货金属(有色金属)日报20180123——美国政府即将结束关门 中国需求前景预期乐观 基,http://www.zdqh.com/about/news_info.php?2933
2018-01-22,【中大期货金属(有色)周报20180122——中美经济前景向好 基本面品种间呈现分化 基本金属宽,http://www.zdqh.com/about/news_info.php?2928
2018-01-19,【中大期货金属(有色金属)日报20180119——中美数据好于预期而美国政府关门大限将至 基本,http://www.zdqh.com/about/news_info.php?2923
2018-01-18,【中大期货金属(有色金属)日报20180118——欧央行副行长否认将调整QE 投资者获利了结 基本,http://www.zdqh.com/about/news_info.php?2917
2018-01-17,【中大期货金属(有色金属)日报20180117——美元触底回升 基金经理减持净多头寸 基本金属除,http://www.zdqh.com/about/news_info.php?2911
2018-01-16,【中大期货金属(有色金属)日报20180116——美元走软 秘鲁发生强震 LME库存回落 基本金属全,http://www.zdqh.com/about/news_info.php?2904
2018-01-15,【中大期货金属(有色)周报20180115——全球经济数据好坏不一 欧美央行货币政策分化 基本金,http://www.zdqh.com/about/news_info.php?2898
2018-01-12,【中大期货金属(有色金属)日报20180112——欧央行考虑调整前瞻指引 国际原油价格冲高回落,http://www.zdqh.com/about/news_info.php?2890
2018-01-11,【中大期货金属(有色金属)日报20180111——世行经济展望报告与美元走软提供支撑 外盘基本,http://www.zdqh.com/about/news_info.php?2883
2018-01-10,【中大期货金属(有色金属)日报20180110——LME基金净多回落 美职位空缺数小于预期 基本金属,http://www.zdqh.com/about/news_info.php?2876
2018-01-09,【中大期货金属(有色金属)日报20180109——美元走强 品种间供需状况分化 铅强铝弱】,http://www.zdqh.com/about/news_info.php?2868
2018-01-08,【中大期货金属(有色)周报20180108——全球制造业PMI好于预期 美非农数据助力联储加息 基,http://www.zdqh.com/about/news_info.php?2863
2018-01-05,【中大期货金属(有色金属)日报20180105——原油价格大幅波动 小非农数据超预期 铜价冲高回,http://www.zdqh.com/about/news_info.php?2855
2018-01-04,【中大期货金属(有色金属)日报20180104——美国遭遇严寒 汽车电池需求猛增引市场忧虑 铅价,http://www.zdqh.com/about/news_info.php?2849
2018-01-03,【中大期货金属(有色金属)日报20180103——欧美制造业PMI创新高 基本面继续分化 基本金属两,http://www.zdqh.com/about/news_info.php?2843
2017-12-22,【中大期货金属(有色金属)日报20171222——日本央行维持量化宽松政策不变 美三季度GDP持续,http://www.zdqh.com/about/news_info.php?2811
2017-12-21,【中大期货金属(有色金属)日报20171221——美参众两院通过税改投票 中央经济工作会议定调2,http://www.zdqh.com/about/news_info.php?2805
2017-12-20,【中大期货金属(有色金属)日报20171220——LME基金净多持仓回升 国内铝供应增速进一步放缓,http://www.zdqh.com/about/news_info.php?2799
2017-12-19,【中大期货金属(有色金属)日报20171219——美国会本周将通过税改法案 钢材出口税下调提振,http://www.zdqh.com/about/news_info.php?2791
2017-12-18,【中大期货金属(有色)周报20171218——三大央行货币政策分化 嘉能可复产不及预期 伦镍蓄势,http://www.zdqh.com/about/news_info.php?2787
2017-12-15,【中大期货金属(有色金属)日报20171215——中国数据强劲VS中国央行上调公开市场利率 基本,http://www.zdqh.com/about/news_info.php?2781
2017-12-14,【中大期货金属(有色金属)日报20171214——美联储加息25个基点 WBMS报告利多 基本金属多数收,http://www.zdqh.com/about/news_info.php?2774
2017-12-13,【中大期货金属(有色金属)日报20171213——中国汽车产销回升 LME基金净多持仓续降 基本金属,http://www.zdqh.com/about/news_info.php?2766
2017-12-12,【中大期货金属(有色金属)日报20171212——市场聚焦三大央行议息会议 美元疲软 基本金属多,http://www.zdqh.com/about/news_info.php?2758
2017-12-11,【中大期货金属(有色)周报20171211——全球风险事件接二连三 基本面好坏不一 基本金属悉数,http://www.zdqh.com/about/news_info.php?2753
2017-12-01,【中大期货金属(有色金属)日报20171201——中国经济下行忧虑显现 欧美数据持续好转 基本金,http://www.zdqh.com/about/news_info.php?2719
2017-11-30,【中大期货金属(有色金属)日报20171130——美国经济增长强劲 中国需求忧虑挥之不去 多数基,http://www.zdqh.com/about/news_info.php?2711
2017-11-29,【中大期货金属(有色金属)日报20171129——中国需求忧虑持续升温 美国政府面临关门风险 镍,http://www.zdqh.com/about/news_info.php?2707
2017-11-28,【中大期货金属(有色金属)日报20171128——中国加大对高风险融资打击力度 需求忧虑升温 基,http://www.zdqh.com/about/news_info.php?2701
2017-11-27,【中大期货金属(有色)周报20171127——全球经济不确定性增加 铜矿罢工引供应忧虑 基本金属,http://www.zdqh.com/about/news_info.php?2696
2017-11-22,【中大期货金属(有色金属)日报20171122——LME库存持续下滑 美参院发布全面税收法案 基本金,http://www.zdqh.com/about/news_info.php?2679
2017-11-21,【中大期货金属(有色金属)日报20171121——德国政府组阁失败 多品种供需报告发布 基本金属,http://www.zdqh.com/about/news_info.php?2673
2017-11-20,【中大期货金属(有色)周报20171120——全球经济复苏前景分化 品种基本面分化 基本金属悉数,http://www.zdqh.com/about/news_info.php?2669
2017-11-17,【中大期货金属(有色金属)日报20171117——中国经济忧虑挥之不去 美众院批准税改法案 基本,http://www.zdqh.com/about/news_info.php?2660
2017-11-16,【中大期货金属(有色金属)日报20171116——美国数据总体表现良好 中国开始实施冬季限产令,http://www.zdqh.com/about/news_info.php?2653
2017-11-15,【中大期货金属(有色金属)日报20171115——中国数据不及预期 国际原油价格大跌 基本金属全,http://www.zdqh.com/about/news_info.php?2646
2017-11-14,【中大期货金属(有色金属)日报20171114——中国货币供应增速创历史新低 英国首相面临下台,http://www.zdqh.com/about/news_info.php?2638
2017-11-13,【中大期货金属(有色)周报20171113——供需面进一步分化 市场乐观情绪消退 镍与铝领跌基本,http://www.zdqh.com/about/news_info.php?2634
2017-11-10,【中大期货金属(有色金属)日报20171110——中国通胀数据超预期 市场忧虑美税改前景 铅锌强,http://www.zdqh.com/about/news_info.php?2628
2017-11-09,【中大期货金属(有色金属)日报20171109——美税改法案或将延迟 中国进出口数据双双回落 基,http://www.zdqh.com/about/news_info.php?2622
2017-11-08,【中大期货金属(有色金属)日报20171108——美元上涨激发获利了结 基金净多头多数回落 铜锌,http://www.zdqh.com/about/news_info.php?2614
2017-11-07,【中大期货金属(有色金属)日报20171107——电动车需求前景引燃市场预期 铜与镍领涨基本金,http://www.zdqh.com/about/news_info.php?2607
2017-11-06,【中大期货金属(有色)周报20171106——全球央行政策进一步分化 供需面好坏不一 镍领涨基本,http://www.zdqh.com/about/news_info.php?2604
2017-11-03,【中大期货金属(有色金属)日报20171103——英央行十年来首次加息 众议院税改方案出炉 基本,http://www.zdqh.com/about/news_info.php?2597
2017-11-02,【中大期货金属(有色金属)日报20171102——美联储按兵不动 鲍威尔将被提名下任主席人选 基,http://www.zdqh.com/about/news_info.php?2590
2017-11-01,【中大期货金属(有色金属)日报20171101——经济数据好坏不一 新能源汽车推动镍需求前景 镍,http://www.zdqh.com/about/news_info.php?2585
2017-10-31,【中大期货金属(有色金属)日报20171031——西班牙政治忧虑缓解 联储会议召开在际 基本金属,http://www.zdqh.com/about/news_info.php?2578
2017-10-30,【中大期货金属(有色)周报20171030——欧央行鸽派缩表 加泰罗尼亚宣布独立 基本金属继续分,http://www.zdqh.com/about/news_info.php?2573
2017-10-27,【中大期货金属(有色金属)日报20171027——欧央行缩减QE规模 美众议院通过预算解决方案 基,http://www.zdqh.com/about/news_info.php?2567
2017-10-26,【中大期货金属(有色金属)日报20171026——全球铜供应将增加 美国数据呈现回升 铜价低探回,http://www.zdqh.com/about/news_info.php?2561
2017-10-24,【中大期货金属(有色金属)日报20171024——中国经济前景提振市场乐观情绪 LME库存回落 基本,http://www.zdqh.com/about/news_info.php?2545
2017-10-23,【中大期货金属(有色)周报20171023——美联储主席人选白热化 中美经济数据好坏不一 基本金,http://www.zdqh.com/about/news_info.php?2538
2017-10-20,【中大期货金属(有色金属)日报20171020——中国数据符合预期 西班牙陷入动荡 基本金属走势,http://www.zdqh.com/about/news_info.php?2534
2017-10-17,【中大期货金属(有色金属)日报20171017——中国经济前景与需求前景点燃市场乐观情绪 铜价,http://www.zdqh.com/about/news_info.php?2512
2017-10-14,【中大期货金属(有色)周报20171016——美联储将稳步加息 供需面强弱有别 基本金属小幅分化,http://www.zdqh.com/about/news_info.php?2505
2017-10-13,【中大期货金属(有色金属)日报20171013——市场对中国需求前景保持乐观 美元持续走软 基本,http://www.zdqh.com/about/news_info.php?2499
2017-10-12,【中大期货金属(有色金属)日报20171012——美元疲软 全球铅锌持续供应短缺 铝升水下滑 基,http://www.zdqh.com/about/news_info.php?2494
2017-10-11,【中大期货金属(有色金属)日报20171011——LME基金净多头持仓回升 供应短缺忧虑情绪上升 基,http://www.zdqh.com/about/news_info.php?2488
2017-10-10,【中大期货金属(有色金属)日报20171010——美元疲软 LME库存涨跌不一 基本金属价格走势分化,http://www.zdqh.com/about/news_info.php?2483
2017-10-09,【中大期货金属(有色)周报20171009——美联储12月加息概率上升 中国国庆休市一周 外盘基本,http://www.zdqh.com/about/news_info.php?2479
2017-09-29,【中大期货金属（黄金）日报20170929——美国经济复苏金银弱势】,http://www.zdqh.com/about/news_info.php?2471
2017-09-29,【中大期货金属(有色金属)日报20170929——美二季度GDP增长强劲 LME库存回落 伦铜尾盘大幅拉,http://www.zdqh.com/about/news_info.php?2468
2017-09-28,【中大期货金属(有色金属)日报20170928——环保部再发治污行动方案 印尼铜矿罢工 基本金属,http://www.zdqh.com/about/news_info.php?2462
2017-09-27,【中大期货金属（黄金）日报20170927——税改公布金银延续调整】,http://www.zdqh.com/about/news_info.php?2456
2017-09-27,【中大期货金属(有色金属)日报20170927——耶伦重申年底前加息 基金净多头持续回落 基本金,http://www.zdqh.com/about/news_info.php?2453
2017-09-22,【中大期货金属(有色金属)日报20170922——美联储十月缩表年底加息 中国上调铜精炼费 基本,http://www.zdqh.com/about/news_info.php?2436
2017-09-21,【中大期货金属(有色金属)日报20170921——河南限产限排 联储十月缩表 铝领涨基本金属】.pd,http://www.zdqh.com/about/news_info.php?2430
2017-09-20,【中大期货金属(有色金属)日报20170920——LME 基金持仓增减不一 市场静待联储会议 基本金,http://www.zdqh.com/about/news_info.php?2422
2017-09-19,【中大期货金属(有色金属)日报20170919——LME 库存回落 市场乐观情绪回升 基本金属全线回,http://www.zdqh.com/about/news_info.php?2415
2017-09-16,【中大期货金属(有色)周报20170918——中美数据好坏不一 朝鲜再次试射导弹 基本金属涨跌互,http://www.zdqh.com/about/news_info.php?2404
2017-09-15,【中大期货金属(有色金属)日报20170915——中国数据逊于预期 英央行加息概率上升 基本金属,http://www.zdqh.com/about/news_info.php?2399
2017-09-14,【中大期货金属(有色金属)日报20170914——LME库存持续回升 中国需求忧虑重燃 基本金属全线,http://www.zdqh.com/about/news_info.php?2389
2017-09-13,【中大期货金属(有色金属)日报20170913——LME 基金净多与库存增减不一 基本金属走势分化】,http://www.zdqh.com/about/news_info.php?2382
2017-09-11,【中大期货金属(有色)周报20170911——朝鲜核试验 费舍尔离职 美债务上限危机缓解 基本金,http://www.zdqh.com/about/news_info.php?2370
2017-09-08,【中大期货金属（黄金）日报20170908——欧央行按兵不动金银继续冲高】,http://www.zdqh.com/about/news_info.php?2366
2017-09-07,【中大期货金属（黄金）日报20170907——避险消退金银高位震荡】,http://www.zdqh.com/about/news_info.php?2358
2017-09-06,【中大期货金属（黄金）日报20170906——联储官员鸽派发言金银继续冲高】,http://www.zdqh.com/about/news_info.php?2350
2017-09-02,【中大期货金属(有色)周报20170904——朝鲜局势再度紧张 供需形势好坏不一 基本金属外强内,http://www.zdqh.com/about/news_info.php?2332
2017-09-01,【中大期货金属（黄金）日报20170901——美通胀疲软金银冲击前高】,http://www.zdqh.com/about/news_info.php?2330
2017-09-01,【中大期货金属(有色金属)日报20170901——中国制造业PMI稳中有升 美国PCE降低加息预期 锌价,http://www.zdqh.com/about/news_info.php?2325
2017-08-31,【中大期货金属（黄金）日报20170831——小非农强劲金银短线调整】,http://www.zdqh.com/about/news_info.php?2318
2017-08-31,【中大期货金属(有色金属)日报20170831——ADP数据超预期提振美元 基金持仓报告限制跌幅 铜,http://www.zdqh.com/about/news_info.php?2315
2017-08-30,【中大期货金属（黄金）日报20170830——金银短线超买】,http://www.zdqh.com/about/news_info.php?2312
2017-08-30,【中大期货金属(有色金属)日报20170830——朝鲜半岛局势升级 菲拟禁止原矿出口 镍领涨基本,http://www.zdqh.com/about/news_info.php?2307
2017-08-29,【中大期货金属（黄金）日报20170829——避险攀升金银突破】,http://www.zdqh.com/about/news_info.php?2304
2017-08-28,【中大期货金属(有色金属)日报20170829——英国休市 指引缺失 黑色系回落 影响有限 基本请,http://www.zdqh.com/about/news_info.php?2299
2017-08-28,【中大期货金属(有色)周报20170828—— 特朗普政府危机不断 国务院常务会议再提去产能 基,http://www.zdqh.com/about/news_info.php?2292
2017-08-25,【中大期货金属（黄金）日报20170825——央行年会前金银震荡】,http://www.zdqh.com/about/news_info.php?2287
2017-08-25,【中大期货金属(有色金属)日报20170825——中国铜进口增加 全球央行年会开幕 铜价一骑绝尘,http://www.zdqh.com/about/news_info.php?2282
2017-08-24,【中大期货金属（黄金）日报20170824——避险回升金银反弹】,http://www.zdqh.com/about/news_info.php?2278
2017-08-24,【中大期货金属(有色金属)日报20170824——市场预期中国需求前景强劲导致投机性买盘回升,http://www.zdqh.com/about/news_info.php?2273
2017-08-23,【中大期货金属（黄金）日报20170823——美股回升金银回调】,http://www.zdqh.com/about/news_info.php?2270
2017-08-23,【中大期货金属(有色金属)日报20170823——投机客与基金锁定利润 铅供应短缺超去年同期 基,http://www.zdqh.com/about/news_info.php?2265
2017-08-22,【中大期货金属（黄金）日报20170822——金银技术性反抽】,http://www.zdqh.com/about/news_info.php?2259
2017-08-22,【中大期货金属(有色金属)日报20170822——市场押注中国需求前景强劲且供应持续减少 基本,http://www.zdqh.com/about/news_info.php?2255
2017-08-21,【中大期货金属（黄金）日报20170818——避险攀升金银高位震荡】,http://www.zdqh.com/about/news_info.php?2252
2017-08-21,【中大期货金属(有色)周报20170821——欧美央行政策前景分化 环保风暴提振供应忧虑 锌接棒,http://www.zdqh.com/about/news_info.php?2248
2017-08-18,【中大期货金属（黄金）日报20170818——避险攀升金银高位震荡】,http://www.zdqh.com/about/news_info.php?2242
2017-08-18,【中大期货金属(有色金属)日报20170818——投资者获利了结 中国需求忧虑重燃 基本金属内强,http://www.zdqh.com/about/news_info.php?2239
2017-08-17,【中大期货金属（黄金）日报20170817——美联储纪要鸽派金银冲高】,http://www.zdqh.com/about/news_info.php?2232
2017-08-17,【中大期货金属(有色金属)日报20170817——供应忧虑重燃 美联储会议纪要引发美元回落 基本,http://www.zdqh.com/about/news_info.php?2230
2017-08-16,【中大期货金属（黄金）日报20170816——美零售好转金银下挫】,http://www.zdqh.com/about/news_info.php?2226
2017-08-16,【中大期货金属(有色金属)日报20170816——地缘政治紧张形势缓解 中国信贷数据好于预期 基,http://www.zdqh.com/about/news_info.php?2222
2017-08-15,【中大期货金属（黄金）日报20170815——中美贸易战恐升级金银冲高回落】,http://www.zdqh.com/about/news_info.php?2218
2017-08-15,【中大期货金属(有色金属)日报20170815——中国工业增加值增速放缓 美元回升 基本金属多数,http://www.zdqh.com/about/news_info.php?2214
2017-08-12,【中大期货金属(有色)周报20170814——地缘政治搅局 中国供应忧虑加剧 铝领涨基本金属】,http://www.zdqh.com/about/news_info.php?2205
2017-08-11,【中大期货金属（黄金）日报20170811——美PPI不及预期金银冲击前高】,http://www.zdqh.com/about/news_info.php?2200
2017-08-11,【中大期货金属(有色金属)日报20170811——地缘政治忧虑持续 LME库存持续回落 美元回升 基,http://www.zdqh.com/about/news_info.php?2197
2017-08-10,【中大期货金属（黄金）日报20170810——特朗普朝鲜互怼金银冲击前高】,http://www.zdqh.com/about/news_info.php?2193
2017-08-10,【中大期货金属(有色金属)日报20170810——地缘政治忧虑 VS 中国供应端减少 基本金属内强外,http://www.zdqh.com/about/news_info.php?2189
2017-08-09,【中大期货金属（黄金）日报20170809——朝鲜危机金银探底回升】,http://www.zdqh.com/about/news_info.php?2184
2017-08-09,【中大期货金属(有色金属)日报20170809——美元持续疲软 市场继续炒作中国削减铝产能 铝领,http://www.zdqh.com/about/news_info.php?2181
2017-08-08,【中大期货金属（黄金）日报20170808——金银窄幅震荡】,http://www.zdqh.com/about/news_info.php?2175
2017-08-08,【中大期货金属(有色金属)日报20170808——铝减产红利发酵 铅供应受限 黑色系暴涨 铝锌铅,http://www.zdqh.com/about/news_info.php?2172
2017-08-07,【中大期货金属(有色)周报20170807——联储内部存在分歧 全球经济数据好坏不一 基本金属涨,http://www.zdqh.com/about/news_info.php?2167
2017-08-04,【中大期货金属（黄金）日报20170804——美元疲软金银回升】,http://www.zdqh.com/about/news_info.php?2160
2017-08-04,【中大期货金属(有色金属)日报20170804——英央行维持基准利率 市场续炒中国需求 基本金属,http://www.zdqh.com/about/news_info.php?2157
2017-08-03,【中大期货金属（黄金）日报20170803——美ADP上修金银回落】,http://www.zdqh.com/about/news_info.php?2153
2017-08-03,【中大期货金属(有色金属)日报20170803——中国宏桥关闭落后产能200万吨 铝带动基本金属反,http://www.zdqh.com/about/news_info.php?2150
2017-08-02,【中大期货金属（黄金）日报20170802——通胀预期回升金银回落】,http://www.zdqh.com/about/news_info.php?2144
2017-08-02,【中大期货金属(有色金属)日报20170802——澳洲联储仍维稳利率 欧美经济好坏不一 基本金属,http://www.zdqh.com/about/news_info.php?2141
2017-08-01,【中大期货金属(有色金属)日报20170801——经济数据好坏不一 菲矿产政策存在变数 镍价高位,http://www.zdqh.com/about/news_info.php?2133
2017-07-30,【中大期货金属(有色)周报20170731——供应面状况频出 市场炒作氛围浓厚 基本金属涨跌不一,http://www.zdqh.com/about/news_info.php?2121
2017-07-28,【中大期货金属（黄金）日报20170728——通胀预期回升金银震荡】,http://www.zdqh.com/about/news_info.php?2117
2017-07-28,【中大期货金属(有色金属)日报20170728——云南个旧将关停冶炼厂一周 锡价触及六个月高位,http://www.zdqh.com/about/news_info.php?2114
2017-07-27,【中大期货金属（黄金）日报20170727——联储决议担忧通胀金银延续反弹】,http://www.zdqh.com/about/news_info.php?2110
2017-07-27,【中大期货金属(有色金属)日报20170727——市场炒作中国将禁止废铜进口 美联储将于9月缩表,http://www.zdqh.com/about/news_info.php?2107
2017-07-26,【中大期货金属（黄金）日报20170726——有色暴涨提振金银】,http://www.zdqh.com/about/news_info.php?2103
2017-07-26,【中大期货金属(有色金属)日报20170726——工信部言论带动金属全线反弹 市场疯炒中国需求,http://www.zdqh.com/about/news_info.php?2099
2017-07-25,【中大期货金属（黄金）日报20170725——联储决议前金银震荡】,http://www.zdqh.com/about/news_info.php?2094
2017-07-25,【中大期货金属(有色金属)日报20170725——自由港印尼铜矿延长罢工 美元持续疲软 铜价震荡,http://www.zdqh.com/about/news_info.php?2091
2017-07-22,【中大期货金属(有色)周报20170724——全球经济前景喜忧参半 供需基本面好坏不一 基本金属,http://www.zdqh.com/about/news_info.php?2083
2017-07-21,【中大期货金属（黄金）日报20170721——市场倒逼欧元金银反弹】,http://www.zdqh.com/about/news_info.php?2078
2017-07-21,【中大期货金属(有色金属)日报20170721——日欧货币政策分化 全球铝日均产量有所增加 铝价,http://www.zdqh.com/about/news_info.php?2075
2017-07-20,【中大期货金属（黄金）日报20170720——美股新高金银反弹】,http://www.zdqh.com/about/news_info.php?2070
2017-07-20,【中大期货金属(有色金属)日报20170720——秘鲁铜矿罢工影响有限 中国铜产量稳步增长 铜价,http://www.zdqh.com/about/news_info.php?2067
2017-07-19,【中大期货金属（黄金）日报20170719——特朗普医改受挫金银反弹】,http://www.zdqh.com/about/news_info.php?2065
2017-07-19,【中大期货金属(有色金属)日报20170719——中国房地产市场降温 秘鲁发生地震 铜价宽幅震荡,http://www.zdqh.com/about/news_info.php?2059
2017-07-18,【中大期货金属（黄金）日报20170718——通胀降温金银震荡】,http://www.zdqh.com/about/news_info.php?2053
2017-07-18,【中大期货金属(有色金属)日报20170718——中国经济数据好于预期 铝产量创三年新高 铝价冲,http://www.zdqh.com/about/news_info.php?2050
2017-07-15,【中大期货金属(有色)周报20170717——美联储将稳步加息与缩表 基本面持续分化 基本金属内,http://www.zdqh.com/about/news_info.php?2042
2017-07-14,【中大期货金属（黄金）日报20170714——美通胀好转金银震荡】,http://www.zdqh.com/about/news_info.php?2036
2017-07-14,【中大期货金属(有色金属)日报20170714——市场传言中国将进一步削减铝产能 期铝一骑绝尘,http://www.zdqh.com/about/news_info.php?2033
2017-07-13,【中大期货金属（黄金）日报20170713——耶伦证词中性金银震荡】,http://www.zdqh.com/about/news_info.php?2027
2017-07-13,【中大期货金属(有色金属)日报20170713——LME库存下降 美联储看好经济增长前景 基本金属冲,http://www.zdqh.com/about/news_info.php?2026
2017-07-12,【中大期货金属（黄金）日报20170712——金银延续超跌反弹】,http://www.zdqh.com/about/news_info.php?2020
2017-07-12,【中大期货金属(有色金属)日报20170712——信发铝项目违规 黑色系反弹 智利罢工 基本金属,http://www.zdqh.com/about/news_info.php?2018
2017-07-11,【中大期货金属（黄金）日报20170711——金银超跌反弹】,http://www.zdqh.com/about/news_info.php?2012
2017-07-11,【中大期货金属(有色金属)日报20170711——中国通胀数据迟滞 智利铜矿再度罢工 基本金属涨,http://www.zdqh.com/about/news_info.php?2011
2017-07-10,【中大期货金属(有色)周报20170710——美国数据好坏不一 各品种供需面延续分化之势 基本金,http://www.zdqh.com/about/news_info.php?2004
2017-07-07,【中大期货金属（黄金）日报20170707——欧央行会议纪要分歧金银震荡】,http://www.zdqh.com/about/news_info.php?1998
2017-07-07,【中大期货金属(有色金属)日报20170707——市场乐观预期中国工业数据 菲取消矿业环保限制,http://www.zdqh.com/about/news_info.php?1995
2017-07-06,【中大期货金属（黄金）日报20170706——美联储会议纪要分歧金银震荡】,http://www.zdqh.com/about/news_info.php?1991
2017-07-06,【中大期货金属(有色金属)日报20170706——供需面好坏不一 美联储坚持加息步伐 基本金属继,http://www.zdqh.com/about/news_info.php?1987
2017-07-05,【中大期货金属（黄金）日报20170705——美国休市金银震荡】,http://www.zdqh.com/about/news_info.php?1983
2017-07-05,【中大期货金属(有色金属)日报20170705——市场乐观情绪消退 中国央行货币政策基调不变 基,http://www.zdqh.com/about/news_info.php?1980
2017-07-04,【中大期货金属（黄金）日报20170704——全球债市收益率回升金银承压】,http://www.zdqh.com/about/news_info.php?1977
2017-07-04,【中大期货金属(有色金属)日报20170704——库存增减不一 中国需求预期回升 基本金属小幅分,http://www.zdqh.com/about/news_info.php?1973
2017-07-01,【中大期货金属(有色)周报20170703——全球央行态度由鸽转鹰 供需基本面好坏不一 基本金属,http://www.zdqh.com/about/news_info.php?1962
2017-06-30,【中大期货金属（黄金）日报20170630——全球债市收益率回升金银承压】,http://www.zdqh.com/about/news_info.php?1959
2017-06-30,【中大期货金属(有色金属)日报20170630——LME库存持续回落 美国GDP小幅上修 基本金属冲高回,http://www.zdqh.com/about/news_info.php?1955
2017-06-29,【中大期货金属（黄金）日报20170629——欧央行解读德拉吉言论金银震荡】,http://www.zdqh.com/about/news_info.php?1951
2017-06-29,【中大期货金属(有色金属)日报20170629——美元疲软 基金净多增加 原油回升 基本金属悉数,http://www.zdqh.com/about/news_info.php?1948
2017-06-28,【中大期货金属（黄金）日报20170628——德拉吉鹰派发言金银震荡】,http://www.zdqh.com/about/news_info.php?1946
2017-06-28,【中大期货金属(有色金属)日报20170628——美元疲软 国内黑色系再度狂涨 基本金属震荡走强,http://www.zdqh.com/about/news_info.php?1943
2017-06-27,【中大期货金属（黄金）日报20170627——基金撤退金银弱势】,http://www.zdqh.com/about/news_info.php?1938
2017-06-27,【中大期货金属(有色金属)日报20170627——市场持续炒作中国需求预期与矿场供应忧虑 市场,http://www.zdqh.com/about/news_info.php?1936
2017-06-24,【中大期货金属(有色)周报201706026——美联储鹰鸽互现 供需面各不相同 基本金属大多上扬,http://www.zdqh.com/about/news_info.php?1928
2017-06-23,【中大期货金属(有色金属)日报20170623——经济数据好坏不一 LME库存持续回落 基本金属悉数,http://www.zdqh.com/about/news_info.php?1922
2017-06-22,【中大期货金属(有色金属)日报20170622——美元先扬后抑 行业组织报告凸显供应短缺 基本金,http://www.zdqh.com/about/news_info.php?1916
2017-06-21,【中大期货金属（黄金）日报20170621——缩表预期压制金银弱势】,http://www.zdqh.com/about/news_info.php?1913
2017-06-21,【中大期货金属(有色金属)日报20170621——中国需求前景难料 基金多头减持 基本金属内强外,http://www.zdqh.com/about/news_info.php?1909
2017-06-20,【中大期货金属（黄金）日报20170620——缩表预期压制金银弱势】,http://www.zdqh.com/about/news_info.php?1903
2017-06-20,【中大期货金属(有色金属)日报20170620——英国开启退欧谈判 LME库存持续回落 基本金属除锡,http://www.zdqh.com/about/news_info.php?1901
2017-06-17,【中大期货金属(有色)周报201706019—— 三大央行货币政策分化 中美数据好坏不一 基本金属,http://www.zdqh.com/about/news_info.php?1896
2017-06-16,【中大期货金属(有色金属)日报20170616——英美央行货币政策持续分化 美国数据好坏不一 基,http://www.zdqh.com/about/news_info.php?1891
2017-06-15,【中大期货金属(有色金属)日报20170615——美联储稳步加息 中国工业数据回升 基本金属持续,http://www.zdqh.com/about/news_info.php?1887
2017-06-14,【中大期货金属（黄金）日报20170614——美联储决议前金银弱势】,http://www.zdqh.com/about/news_info.php?1884
2017-06-14,【中大期货金属(有色金属)日报20170614——市场静待联储议息会议结果 基本金属外强内弱】,http://www.zdqh.com/about/news_info.php?1881
2017-06-13,【中大期货金属(有色金属)日报20170613——市场静待联储议息会议结果与中国公布经济数据,http://www.zdqh.com/about/news_info.php?1875
2017-06-10,【中大期货金属(有色)周报201706012—— 黑天鹅事件接二连三 中国铜进口环比暴升 基本金属,http://www.zdqh.com/about/news_info.php?1868
2017-06-09,【中大期货金属（黄金）日报20170609——欧央行鹰派预期落空，金银回落】,http://www.zdqh.com/about/news_info.php?1862
2017-06-09,【中大期货金属(有色金属)日报20170609——中国5月进出口数据喜人 欧央行维持利率不变 铜,http://www.zdqh.com/about/news_info.php?1859
2017-06-08,【中大期货金属（黄金）日报20170608——欧元震荡，金银回落】,http://www.zdqh.com/about/news_info.php?1855
2017-06-08,【中大期货金属(有色金属)日报20170608——智利北部强降雨阻碍铜矿生产 伦铜小幅回升】,http://www.zdqh.com/about/news_info.php?1853
2017-06-07,【中大期货金属（黄金）日报20170607——避险攀升，金银强势】,http://www.zdqh.com/about/news_info.php?1849
2017-06-07,【中大期货金属(有色金属)日报20170607——中国需求持续疲软 地缘政治紧张局势升级 基本金,http://www.zdqh.com/about/news_info.php?1846
2017-06-06,【中大期货金属（黄金）日报20170606——7国断交卡塔尔，金银震荡】,http://www.zdqh.com/about/news_info.php?1842
2017-06-06,【中大期货金属(有色金属)日报20170606——基金净多头减持 美元反弹 市场避险情绪升温 基,http://www.zdqh.com/about/news_info.php?1840
2017-06-03,【中大期货金属(有色)周报20170605——联储加息步伐将放缓 全球镍供应增加忧虑持续 基本金,http://www.zdqh.com/about/news_info.php?1832
2017-06-02,【中大期货金属（黄金）日报20160602——ADP好于预期金银承压】,http://www.zdqh.com/about/news_info.php?1827
2017-06-02,【中大期货金属(有色金属)日报20170602——供应忧虑各不相同 铜涨而镍创11个月新低】,http://www.zdqh.com/about/news_info.php?1824
2017-06-01,【中大期货金属（黄金）日报20160601——原油回落金银承压】,http://www.zdqh.com/about/news_info.php?1820
2017-06-01,【中大期货金属(有色金属)日报20170601——中国数据提供短期支撑 镍供应增加忧虑显现 基本,http://www.zdqh.com/about/news_info.php?1818
2017-05-31,【中大期货金属（黄金）日报20160531——原油回升金银冲高回落】,http://www.zdqh.com/about/news_info.php?1811
2017-05-31,【中大期货金属(有色)周报20170529——三大经济体前景错综复杂 供需基本面出现分化 基本金,http://www.zdqh.com/about/news_info.php?1810
2017-05-26,【中大期货金属(有色金属)日报20170526——自由港印尼铜矿罢工引发供应忧虑 铜引领基本金,http://www.zdqh.com/about/news_info.php?1805
2017-05-25,【中大期货金属(有色金属)日报20170525——穆迪下调中国信贷评级 美联储公布5月会议纪要,http://www.zdqh.com/about/news_info.php?1802
2017-05-24,【中大期货金属(有色金属)日报20170524——行业组织数据与海关数据好坏不一 基本金属涨跌,http://www.zdqh.com/about/news_info.php?1796
2017-05-23,【中大期货金属(有色金属)日报20170523——中国加大整顿钢铁行业波及锌与镍 基本金属普涨,http://www.zdqh.com/about/news_info.php?1791
2017-05-20,【中大期货金属(有色)周报20170522——特朗普泄密门事件搅局 供需基本面好坏不一 基本金属,http://www.zdqh.com/about/news_info.php?1783
2017-05-19,【中大期货金属（黄金）日报20160519——避险情绪暂缓金银冲高回落】,http://www.zdqh.com/about/news_info.php?1776
2017-05-19,【中大期货金属(有色金属)日报20170519——特朗普“通俄门”持续发酵引发美国政治不确定,http://www.zdqh.com/about/news_info.php?1774
2017-05-18,【中大期货金属（黄金）日报20170518——特朗普危机发酵金银延续超跌反弹】,http://www.zdqh.com/about/news_info.php?1771
2017-05-18,【中大期货金属(有色金属)日报20170518——全球供需好坏不一 市场弱化美基建计划前景 基本,http://www.zdqh.com/about/news_info.php?1769
2017-05-17,【中大期货金属(有色金属)日报20170517——中国加强金融监管 美国经济数据向好 基本金属持,http://www.zdqh.com/about/news_info.php?1762
2017-05-16,【中大期货金属（黄金）日报20170516——通胀回升金银延续超跌反弹】,http://www.zdqh.com/about/news_info.php?1755
2017-05-16,【中大期货金属(有色金属)日报20170516——中国数据与“一带一路”计划提振市场信心 基本,http://www.zdqh.com/about/news_info.php?1754
2017-05-13,【中大期货金属(有色)周报20170515——中美数据好坏不一 法国大选未出现黑天鹅事件 基本金,http://www.zdqh.com/about/news_info.php?1749
2017-05-12,【中大期货金属（黄金）日报20170512——通胀回升金银延续超跌反弹】,http://www.zdqh.com/about/news_info.php?1744
2017-05-12,【中大期货金属(有色金属)日报20170512——LME 库存持续回落 美国数据向好 基本金属冲高回,http://www.zdqh.com/about/news_info.php?1742
2017-05-11,【中大期货金属（黄金）日报20170511——通胀回升金银延续超跌反弹】,http://www.zdqh.com/about/news_info.php?1735
2017-05-11,【中大期货金属(有色金属)日报20170511——中国经济数据疲软 美联储官员再放鹰派言论 基本,http://www.zdqh.com/about/news_info.php?1734
2017-05-10,【中大期货金属(有色金属)日报20170510——美元回升 LME库存回落 基本金属涨幅有限】,http://www.zdqh.com/about/news_info.php?1726
2017-05-09,【中大期货金属（黄金）日报20170509——避险趋弱金银震荡】,http://www.zdqh.com/about/news_info.php?1721
2017-05-09,【中大期货金属(有色金属)日报20170509——中国进口数据疲软 联储官员鹰鸽相对 基本金属持,http://www.zdqh.com/about/news_info.php?1720
2017-05-06,【中大期货金属(有色)周报20170508——美联储加息前景大涨 菲国会否决环保部长任命 基本金,http://www.zdqh.com/about/news_info.php?1714
2017-05-05,【中大期货金属（黄金）日报20170505——通胀回落金银下挫】,http://www.zdqh.com/about/news_info.php?1711
2017-05-05,【中大期货金属(有色金属)日报20170505——美联储议息声明助推加息预期 伦铜库存持续大增,http://www.zdqh.com/about/news_info.php?1707
2017-05-04,【中大期货金属(有色金属)日报20170504——伦铜库存大增 菲国会否决环保部长任命 基本金属,http://www.zdqh.com/about/news_info.php?1700
2017-05-03,【中大期货金属（黄金）日报20170503——美联储利率决议前金银窄幅震荡】,http://www.zdqh.com/about/news_info.php?1695
2017-05-03,【中大期货金属(有色金属)日报20170503——美政府停摆危机暂缓 印尼铜矿罢工 基本金属冲高,http://www.zdqh.com/about/news_info.php?1693
2017-04-29,【中大期货金属(有色)周报20170501——美国政府将陷停摆危机 政治局会议释放六大信号 基本,http://www.zdqh.com/about/news_info.php?1686
2017-04-28,【中大期货金属（黄金）日报20170428——欧日维持鸽派，金银重回弱势】,http://www.zdqh.com/about/news_info.php?1681
2017-04-28,【中大期货金属(有色金属)日报20170428——欧日央行维持利率不变 欧美经济数据分化 基本金,http://www.zdqh.com/about/news_info.php?1678
2017-04-27,【中大期货金属(有色金属)日报20170427——全球库存持续下滑 中国需求忧虑依存 基本金属走,http://www.zdqh.com/about/news_info.php?1673
2017-04-26,【中大期货金属（黄金）日报20170426——避险消退税改重燃，金银重回弱势】,http://www.zdqh.com/about/news_info.php?1667
2017-04-26,【中大期货金属(有色金属)日报20170426——市场风险意愿持续增强 中国需求忧虑依然存在 基,http://www.zdqh.com/about/news_info.php?1666
2017-04-25,【中大期货金属（黄金）日报20170425——避险暂时消退，金银重回震荡】,http://www.zdqh.com/about/news_info.php?1660
2017-04-25,【中大期货金属(有色金属)日报20170425——法国首轮选举结果符合预期 全球库存持续回落 基,http://www.zdqh.com/about/news_info.php?1659
2017-04-22,【中大期货金属(有色)周报20170424——欧美经济前景黯淡 金属基本面好坏不一 基本金属小幅,http://www.zdqh.com/about/news_info.php?1653
2017-04-21,【中大期货金属（黄金）日报20170421——法国大选不确定性，金强银弱分化】,http://www.zdqh.com/about/news_info.php?1649
2017-04-21,【中大期货金属(有色金属)日报20170421——原油亚洲盘反弹 自由港印尼分支将罢工 基本金属,http://www.zdqh.com/about/news_info.php?1648
2017-04-20,【中大期货金属（黄金）日报20170420——美联储鹰派言论，金银震荡回落】,http://www.zdqh.com/about/news_info.php?1642
2017-04-20,【中大期货金属(有色金属)日报20170420——需求忧虑挥之不去 铁矿石价格反弹提振市场情绪,http://www.zdqh.com/about/news_info.php?1641
2017-04-19,【中大期货金属（黄金）日报20170419——英大选重启，金银震荡】,http://www.zdqh.com/about/news_info.php?1635
2017-04-19,【中大期货金属(有色金属)日报20170419——朝鲜半岛形势持续紧张 中国需求忧虑并未减退 基,http://www.zdqh.com/about/news_info.php?1633
2017-04-18,【中大期货金属（黄金）日报20170418——地缘政治风险趋缓，金银回落】,http://www.zdqh.com/about/news_info.php?1627
2017-04-18,【中大期货金属(有色金属)日报20170418——中国数据提振乐观情绪 新疆昌吉削减铝产能 基本,http://www.zdqh.com/about/news_info.php?1626
2017-04-15,【中大期货金属(有色)周报20170417——地缘政治搅局 下游需求旺季不旺 基本金属震荡回落】,http://www.zdqh.com/about/news_info.php?1619
2017-04-14,【中大期货金属（黄金）日报20170414——地缘政治风险频发，金银冲高】,http://www.zdqh.com/about/news_info.php?1615
2017-04-14,【中大期货金属(有色金属)日报20170414——特朗普打压强势美元 中国3月进口环比回升 基本,http://www.zdqh.com/about/news_info.php?1612
2017-04-13,【中大期货金属（黄金）日报20170413——川普反水言论，金银突破200均线】,http://www.zdqh.com/about/news_info.php?1608
2017-04-13,【中大期货金属(有色金属)日报20170413——地缘政治忧虑升温 美国政府基建承诺落空 基本金,http://www.zdqh.com/about/news_info.php?1605
2017-04-12,【中大期货金属（黄金）日报20170412——地缘政治风险酝酿，金银冲击200均线】,http://www.zdqh.com/about/news_info.php?1601
2017-04-12,【中大期货金属(有色金属)日报20170412——南方铜业秘鲁铜矿罢工 韦凡塔精锌产量激增 基本,http://www.zdqh.com/about/news_info.php?1599
2017-04-11,【中大期货金属（黄金）日报20170411——关注美空袭后续，金银探底回升】,http://www.zdqh.com/about/news_info.php?1595
2017-04-11,【中大期货金属(有色金属)日报20170411——地缘政治忧虑升级 国内消费旺季不旺 基本金属震,http://www.zdqh.com/about/news_info.php?1592
2017-04-08,【中大期货金属(有色)周报20170403——国内需求前景好坏不一 基本面呈现分化 基本金属涨跌,http://www.zdqh.com/about/news_info.php?1584
2017-04-07,【中大期货金属（黄金）日报20170407——欧央行鸽派纪要，金银回落】,http://www.zdqh.com/about/news_info.php?1578
2017-04-06,【中大期货金属（黄金）日报20170406——联储纪要维持鸽派，金银探底回升】,http://www.zdqh.com/about/news_info.php?1574
2017-04-05,【中大期货金属（黄金）日报20170405——特朗普二度医保案冲刺被泼冷水，金银震荡】,http://www.zdqh.com/about/news_info.php?1567
2017-04-01,【中大期货金属(有色)周报20170403——国内需求前景好坏不一 基本面呈现分化 基本金属涨跌,http://www.zdqh.com/about/news_info.php?1566
2017-03-31,【中大期货金属（黄金）日报20170331——美经济数据向好，金银震荡】,http://www.zdqh.com/about/news_info.php?1564
2017-03-31,【中大期货金属(有色金属)日报20170331——中国数据即将发布 VS 美联储官员鹰派言论 基本金,http://www.zdqh.com/about/news_info.php?1560
2017-03-30,【中大期货金属（黄金）日报20170330——美股反弹，金回落银补涨】,http://www.zdqh.com/about/news_info.php?1554
2017-03-30,【中大期货金属(有色金属)日报20170330——市场再度炒作中国铝减产计划 铝引领基本金属继,http://www.zdqh.com/about/news_info.php?1553
2017-03-29,【中大期货金属（黄金）日报20170329——美股反弹，金回落银补涨】,http://www.zdqh.com/about/news_info.php?1546
2017-03-29,【中大期货金属(有色金属)日报20170329——市场忧虑情绪下降 中国铜二季度加工费回落 铜引,http://www.zdqh.com/about/news_info.php?1545
2017-03-28,【中大期货金属（黄金）日报20170328——医改乌云未消，金银继续反弹】,http://www.zdqh.com/about/news_info.php?1539
2017-03-28,【中大期货金属(有色金属)日报20170328——特朗普医改法案被撤 美元先扬后抑 基本金属全线,http://www.zdqh.com/about/news_info.php?1538
2017-03-25,【中大期货金属(有色)周报20170327——智利铜矿罢工一波三折 美联储密集表态 基本金属进一,http://www.zdqh.com/about/news_info.php?1530
2017-03-24,【中大期货金属（黄金）日报20170324——金强银弱继续反弹】,http://www.zdqh.com/about/news_info.php?1523
2017-03-24,【中大期货金属(有色金属)日报20170324——智利罢工结束 欧美经济数据回升 内外盘基本金属,http://www.zdqh.com/about/news_info.php?1522
2017-03-23,【中大期货金属（黄金）日报20170323——伦敦恐怖袭击，金强银弱继续反弹】,http://www.zdqh.com/about/news_info.php?1517
2017-03-23,【中大期货金属(有色金属)日报20170323——必和必拓无限期暂停智利铜矿生产 铜带领基本金,http://www.zdqh.com/about/news_info.php?1513
2017-03-22,【中大期货金属（黄金）日报20170322——美股回落，金强银弱反弹】,http://www.zdqh.com/about/news_info.php?1508
2017-03-22,【中大期货金属(有色金属)日报20170322——智利与印尼铜矿供应中断问题有所缓和 铜引领基,http://www.zdqh.com/about/news_info.php?1504
2017-03-21,【中大期货金属（黄金）日报20170321——预期落地，金强银弱反弹】,http://www.zdqh.com/about/news_info.php?1498
2017-03-21,【中大期货金属(有色金属)日报20170321——中国加大楼市调控政策 交易所库存预期上升 基本,http://www.zdqh.com/about/news_info.php?1494
2017-03-18,【中大期货金属(有色)周报20170320——美联储加息落下帷幕 供需忧虑炒作持续 基本金属内外,http://www.zdqh.com/about/news_info.php?1484
2017-03-17,【中大期货金属（黄金）日报20170317——BOE加息预期酝酿，金强银弱反弹】,http://www.zdqh.com/about/news_info.php?1479
2017-03-17,【中大期货金属(有色金属)日报20170317——美联储如期加息但未暗示将加速收紧政策 大部分,http://www.zdqh.com/about/news_info.php?1475
2017-03-16,【中大期货金属（黄金）日报20170316——美联储如预期加息，金银落地反弹】,http://www.zdqh.com/about/news_info.php?1470
2017-03-16,【中大期货金属(有色金属)日报20170316——美元走软与供应干扰犹存抵消联储加息预期 大部,http://www.zdqh.com/about/news_info.php?1467
2017-03-15,【中大期货金属（黄金）日报20170315——美联储议息会议前，金银短线盘整】,http://www.zdqh.com/about/news_info.php?1460
2017-03-15,【中大期货金属(有色金属)日报20170315——美联储加息预期上升VS欧洲政治乱局持续 基本金,http://www.zdqh.com/about/news_info.php?1458
2017-03-14,【中大期货金属（黄金）日报20170314——欧央行加息预期，金银短线反弹】,http://www.zdqh.com/about/news_info.php?1453
2017-03-14,【中大期货金属(有色金属)日报20170314——秘鲁铜矿罢工 美元疲软 黑色系暴涨 内外基本金,http://www.zdqh.com/about/news_info.php?1448
2017-03-11,【中大期货金属(有色)周报20170313——全球宏观经济前景与金属供需基本面均发生变化 铜与,http://www.zdqh.com/about/news_info.php?1440
2017-03-10,【中大期货金属（黄金）日报20170310——ECB观望，美元金银同跌】,http://www.zdqh.com/about/news_info.php?1431
2017-03-10,【中大期货金属(有色金属)日报20170310——智利铜供应有望缓解 菲环保部长任命存变数 铜与,http://www.zdqh.com/about/news_info.php?1430
2017-03-09,【中大期货金属（黄金）日报20170309——小非农好于预期，金银继续回落】,http://www.zdqh.com/about/news_info.php?1423
2017-03-09,【中大期货金属(有色金属)日报20170309——中国铜进口数据不佳 伦铜库存持续增加 铜引领基,http://www.zdqh.com/about/news_info.php?1420
2017-03-08,【中大期货金属（黄金）日报20170308——加息渐进，金银继续回落】,http://www.zdqh.com/about/news_info.php?1418
2016-06-24,【中大期货金属(有色金属)日报20160624——市场翘首以待英国公投结果 基本金属继续缓步上,http://www.zdqh.com/about/news_info.php?1211
2016-06-23,【中大期货金属(有色金属)日报20160623——英国留欧预期增强VS耶伦半年度证词 基本金属内,http://www.zdqh.com/about/news_info.php?1209
2016-06-22,【中大期货金属(有色金属)日报20160622——中国铜出口激增VS英国退欧前景 基本金属外强内,http://www.zdqh.com/about/news_info.php?1207
2016-06-20,【中大期货金属(有色)周报20160621——美联储按兵不动VS英国退欧公投 内外盘基本金属持续,http://www.zdqh.com/about/news_info.php?1204
2016-06-20,【中大期货金属(有色金属)日报20160620——英国退欧忧虑有所缓解 美元疲软 油价回升 基本,http://www.zdqh.com/about/news_info.php?1203
2016-06-08,【中大期货金属(有色金属)日报20160608——中国数据即将公布 中国需求忧虑情绪重燃 基本金,http://www.zdqh.com/about/news_info.php?1189
2016-06-04,【中大期货金属(有色金属)日报20160606——美非农就业数据令人失望 美元急速回落 基本金属,http://www.zdqh.com/about/news_info.php?1182
2016-06-03,【中大期货金属(有色金属)日报20160603——欧央行会议与OPEC会议搅局 基本金属再度分化】,http://www.zdqh.com/about/news_info.php?1179
2016-06-02,【中大期货金属(有色金属)日报20160602——国际油价快速拉升VS美联储经济褐皮书 基本金属,http://www.zdqh.com/about/news_info.php?1175
2016-06-01,【中大期货金属(有色金属)日报20160601——美元震荡走强 中国忧虑情绪重燃 基本金属维持分,http://www.zdqh.com/about/news_info.php?1168
2016-05-30,【中大期货金属(有色)周报20160531——美联储官员鹰派表态VS美元疲软与油价回升 基本金属,http://www.zdqh.com/about/news_info.php?1158
2016-05-30,【中大期货金属(有色金属)日报20160530——美国GDP逊于预期 耶伦发表鹰派言论 基本金属持续,http://www.zdqh.com/about/news_info.php?1157
2016-05-27,【中大期货金属(有色金属)日报20160527——美国数据来袭VS美联储高官表态 基本金属持续分,http://www.zdqh.com/about/news_info.php?1155
2016-05-26,【中大期货金属(有色金属)日报20160526——美联储官员鹰派言论再现 美国新房销售创新高 基,http://www.zdqh.com/about/news_info.php?1152
2016-05-25,【中大期货金属(有色金属)日报20160525——空头回补助推金属价格 美元指数回升限制涨幅 内,http://www.zdqh.com/about/news_info.php?1148
2016-05-21,【中大期货金属(有色)周报20160524——美联储鹰派言论VS全球金属供需过剩格局延续 基本金,http://www.zdqh.com/about/news_info.php?1138
2016-05-21,【中大期货金属(有色金属)日报20160523——美元指数走强PK黑金属反弹带动 基本金属内强外,http://www.zdqh.com/about/news_info.php?1137
2016-05-20,【中大期货金属(有色金属)日报20160520——美联储鹰派言论使得美元指数回升 基本金属持续,http://www.zdqh.com/about/news_info.php?1131
2016-05-19,【中大期货金属(有色金属)日报20160519——美联储鹰派言论 VS 4月议息会议纪要 基本金属震,http://www.zdqh.com/about/news_info.php?1127
2016-05-18,【中大期货金属（黄金）日报20160518——美CPI符合预期，金银震荡整理】,http://www.zdqh.com/about/news_info.php?1123
2016-05-18,【中大期货金属(有色金属)日报20160518——美元宽幅震荡 油价持续回升 联储官员轮番上阵,http://www.zdqh.com/about/news_info.php?1120
2016-05-17,【中大期货金属（黄金）周报20160517——美元技术反弹，金银延续震荡】,http://www.zdqh.com/about/news_info.php?1118
2016-05-15,【中大期货金属（黄金）日报20160516——美零售好转，金银震荡整理】,http://www.zdqh.com/about/news_info.php?1110
2016-05-14,【中大期货金属(有色)周报20160517——美联储官员密集发声 基本面好坏不一 基本金属继续分,http://www.zdqh.com/about/news_info.php?1109
2016-05-14,【中大期货金属(有色金属)日报20160516——国内忧虑情绪重燃 美元指数大幅反弹 内外盘基本,http://www.zdqh.com/about/news_info.php?1108
2016-05-13,【中大期货金属(有色金属)日报20160513——美联储官员密集表态 美元指数回升 基本金属内强,http://www.zdqh.com/about/news_info.php?1104
2016-05-12,【中大期货金属(有色金属)日报20160512——美元指数疲软 国际原油价格继续回升 基本金属持,http://www.zdqh.com/about/news_info.php?1098
2016-05-11,【中大期货金属(有色金属)日报20160511——中国数据好坏不一VS美联储加息前景 基本金属再,http://www.zdqh.com/about/news_info.php?1090
2016-05-09,【中大期货金属(有色)周报20160510——全球制造业数据疲软VS美非农业就业数据疲软 内外盘,http://www.zdqh.com/about/news_info.php?1077
2016-05-09,【中大期货金属(有色金属)日报20160509——内盘多重利空压制VS美非农就业数据疲软 基本金,http://www.zdqh.com/about/news_info.php?1074
2016-05-06,【中大期货金属（黄金）日报20160506——美国数据不佳，金银高位震荡】,http://www.zdqh.com/about/news_info.php?1071
2016-05-06,【中大期货金属(有色金属)日报20160506——中国忧虑情绪持续VS美联储官员讲话 基本金属持,http://www.zdqh.com/about/news_info.php?1070
2016-05-05,【中大期货金属（黄金）日报20160505——美元超跌反弹，金银高位回落】,http://www.zdqh.com/about/news_info.php?1067
2016-05-05,【中大期货金属(有色金属)日报20160505——全球制造业PMI不及预期引发市场忧虑情绪 基本金,http://www.zdqh.com/about/news_info.php?1065
2016-05-04,【中大期货金属(有色金属)日报20160504——全球经济前景VS资金流入助推期价 基本金属内强,http://www.zdqh.com/about/news_info.php?1059
2016-05-03,【中大期货金属（黄金）周报20160503——日欧货币齐升，金银趋势性行情确立】,http://www.zdqh.com/about/news_info.php?1055
2016-05-03,【中大期货金属(有色)周报20160503——国内交易所加强监管VS美联储议息会议 内外盘基本金,http://www.zdqh.com/about/news_info.php?1053
2016-04-29,【中大期货金属（黄金）日报20160429——日央行超预期宽松落空，金银再度冲击高位】,http://www.zdqh.com/about/news_info.php?1051
2016-04-29,【中大期货金属(有色金属)日报20160429——美联储加息前景迷茫VS中国加大投机监管 基本金,http://www.zdqh.com/about/news_info.php?1049
2016-04-28,【中大期货金属（黄金）日报20160428——联储会议暂时排除外部风险，金银高位盘整】,http://www.zdqh.com/about/news_info.php?1042
2016-04-28,【中大期货金属(有色金属)日报20160428——市场忧虑情绪VS美联储议息会议 基本金属震荡回,http://www.zdqh.com/about/news_info.php?1041
2016-04-27,【中大期货金属（黄金）日报20160427——金银跟随螺纹剧烈波动，短线试多为主】,http://www.zdqh.com/about/news_info.php?1034
2016-04-27,【中大期货金属(有色金属)日报20160427——美联储加息前景VS中国需求前景 基本金属内外盘,http://www.zdqh.com/about/news_info.php?1033
2016-04-25,【中大期货金属(有色)周报20160426——资金推动成本周基本金属上涨主要动因 内外盘基本金,http://www.zdqh.com/about/news_info.php?1023
2016-04-25,【中大期货金属(有色金属)日报20160425——市场乐观情绪持续炒作中国乐观预期 基本金属内,http://www.zdqh.com/about/news_info.php?1022
2016-04-25,【中大期货金属（黄金）日报20160425——金银跟随螺纹剧烈波动，短线观望为主】,http://www.zdqh.com/about/news_info.php?1017
2016-04-22,【中大期货金属（黄金）日报20160422——金银跟随螺纹暴动，趋势做多为主】,http://www.zdqh.com/about/news_info.php?1014
2016-04-22,【中大期货金属(有色金属)日报20160422——市场高调炒作欧央行议息会议与中国进出口数据,http://www.zdqh.com/about/news_info.php?1013
2016-04-21,【中大期货金属(有色金属)日报20160421——全球金属供需过剩不敌原油价格大幅反弹 基本金,http://www.zdqh.com/about/news_info.php?1006
2016-04-21,【中大期货金属（黄金）日报20160421——金银短线跟随大宗补涨】,http://www.zdqh.com/about/news_info.php?1005
2016-04-20,【中大期货金属(有色金属)日报20160420——中国库存数据VS美国房地产市场数据 基本金属外,http://www.zdqh.com/about/news_info.php?1002
2016-04-20,【中大期货金属（黄金）日报20160420——金银比大幅下挫短线受支撑线技术反弹】,http://www.zdqh.com/about/news_info.php?1001
2016-04-19,【中大期货金属（黄金）周报20160419——关注欧央行货币政策，金银维持震荡格局】,http://www.zdqh.com/about/news_info.php?996
2016-04-18,【中大期货金属（黄金）日报20160418——金银短线受支撑线技术反弹】,http://www.zdqh.com/about/news_info.php?991
2016-04-18,【中大期货金属(有色)周报20160419——中国外贸数据与宏观数据提振市场乐观情绪 内外盘基,http://www.zdqh.com/about/news_info.php?990
2016-04-18,【中大期货金属(有色金属)日报20160418——市场提前消化中国经济数据 关注焦点转向美国 基,http://www.zdqh.com/about/news_info.php?988
2016-04-15,【中大期货金属（黄金）日报20160416——美元指数企稳金银震荡回落】,http://www.zdqh.com/about/news_info.php?981
2016-04-15,【中大期货金属(有色金属)日报20160415——市场关注焦点转向中国即将公布的金融数据 内外,http://www.zdqh.com/about/news_info.php?980
2016-04-14,【中大期货金属（黄金）日报20160414——美PPI低于预期金银继续回弹震荡】,http://www.zdqh.com/about/news_info.php?976
2016-04-14,【中大期货金属(有色金属)日报20160414——中国外贸数据向好 市场乐观情绪高涨 基本金属震,http://www.zdqh.com/about/news_info.php?974
2016-04-13,【中大期货金属（黄金）日报20160413——美进口价格低于预期金银继续回弹震荡】,http://www.zdqh.com/about/news_info.php?966
2016-04-13,【中大期货金属(有色金属)日报20160413——美元指数疲软 国际原油价格飚涨 基本金属呈外强,http://www.zdqh.com/about/news_info.php?964
2016-04-12,【中大期货金属（黄金）周报20160412——日欧避险推动，金银强势回升】,http://www.zdqh.com/about/news_info.php?961
2016-04-11,【中大期货金属（黄金）日报20160411——美元成分汇率波动驱动黄金反弹】,http://www.zdqh.com/about/news_info.php?956
2016-04-11,【中大期货金属(有色)周报20160412——中国需求忧虑打压市场人气PK美联储加息前景 内外盘,http://www.zdqh.com/about/news_info.php?952
2016-04-11,【中大期货金属(有色金属)日报20160411——中国需求忧虑持续打压市场人气 内外盘基本金属,http://www.zdqh.com/about/news_info.php?951
2016-04-08,【中大期货金属（黄金）日报20160408——日元避险升值驱动黄金反弹】,http://www.zdqh.com/about/news_info.php?949
2016-04-08,【中大期货金属(有色金属)日报20160408——铜矿削减成本求生存与中国将一反常态出口铜 内,http://www.zdqh.com/about/news_info.php?948
2016-04-07,【中大期货金属（黄金）日报20160407——美联储会议纪要前，黄金弱势震荡】,http://www.zdqh.com/about/news_info.php?940
2016-04-06,【中大期货金属(有色金属)日报20160406——中国经济忧虑与中国需求忧虑再度发力 内外盘基,http://www.zdqh.com/about/news_info.php?929
2016-04-05,【中大期货金属（黄金）周报20160405——非农下信用继续收缩，金银延续调整】,http://www.zdqh.com/about/news_info.php?926
2016-04-05,【中大期货金属(有色)周报20160405——美元疲软不敌加息预期与中国经济忧虑前景 内外盘基,http://www.zdqh.com/about/news_info.php?920
2016-03-31,【中大期货金属(有色金属)日报20160331——耶伦鸽派言论VS欧美经济数据 内外盘基本震荡回,http://www.zdqh.com/about/news_info.php?909
2016-03-31,【中大期货金属（黄金）日报20160331——耶伦鸽派发言，金银延续震荡反弹】,http://www.zdqh.com/about/news_info.php?907
2016-03-30,【中大期货金属（黄金）日报20160330——PCE差于预期，金银小幅反弹】,http://www.zdqh.com/about/news_info.php?894
2016-03-30,【中大期货金属(有色金属)日报20160330——国际原油价格回落 耶伦讲话彰显鸽派 内外盘基本,http://www.zdqh.com/about/news_info.php?892
2016-03-28,【中大期货金属(有色)周报20160329——美联储官员鹰派言论呛声带动强势美元回归 内外盘基,http://www.zdqh.com/about/news_info.php?883
2016-03-28,【中大期货金属(有色金属)日报20160328——外盘休市内盘迷失方向 内盘基本金属呈现分化之,http://www.zdqh.com/about/news_info.php?882
2016-03-28,【中大期货金属（黄金）日报20160328——周五外盘休市，金银延续弱势】,http://www.zdqh.com/about/news_info.php?881
2016-03-25,【中大期货金属（黄金）日报20160325——隔夜数据平淡，金银延续弱势】,http://www.zdqh.com/about/news_info.php?875
2016-03-25,【中大期货金属(有色金属)日报20160325——强势美元回归VS市场炒作中国刺激政策预期 内外,http://www.zdqh.com/about/news_info.php?872
2016-03-24,【中大期货金属（黄金）日报20160324——金银技术性回调开始】,http://www.zdqh.com/about/news_info.php?868
2016-03-24,【中大期货金属(有色金属)日报20160324——欧洲恐怖袭击接连发生 美联储鹰派官员呛声 内外,http://www.zdqh.com/about/news_info.php?863
2016-03-23,【中大期货金属(有色金属)日报20160322——美联储4月加息预期上升VS中国需求前景 内外盘基,http://www.zdqh.com/about/news_info.php?855
2016-03-21,【中大期货金属（黄金）周报20160322——FED偏鸽风险情绪转向供需，金银逢高做空】,http://www.zdqh.com/about/news_info.php?849
2016-03-21,【中大期货金属（黄金）日报20160321——大宗持续反弹金银高位震荡】,http://www.zdqh.com/about/news_info.php?847
2016-03-21,【中大期货金属(有色)周报20160322——中国刺激政策落空 美联储加息次数大降 内外盘基本金,http://www.zdqh.com/about/news_info.php?840
2016-03-21,【中大期货金属(有色金属)日报20160321——市场乐观情绪消退 聚焦二季度需求变化 内外盘基,http://www.zdqh.com/about/news_info.php?838
2016-03-16,【中大期货金属(有色金属)日报20160316——中国忧虑挥之不去 市场焦点转向美联储 基本金属,http://www.zdqh.com/about/news_info.php?818
2016-03-16,【中大期货金属（黄金）日报20160316——技术破位贵金属fed会议前回落】,http://www.zdqh.com/about/news_info.php?814
2016-03-15,【中大期货金属（黄金）周报20160315——关注FED会议市场多空预期转换，金银短期超买】,http://www.zdqh.com/about/news_info.php?811
2016-03-14,【中大期货金属（黄金）日报20160314——技术压力贵金属fed会议前回落】,http://www.zdqh.com/about/news_info.php?800
2016-03-14,【中大期货金属(有色)周报20160315——中欧央行货币政策前景VS供需前景 基本金属冲高回落,http://www.zdqh.com/about/news_info.php?799
2016-03-14,【中大期货金属(有色金属)日报20160314——市场炒作周末数据预期 基本金属呈现分化之势】,http://www.zdqh.com/about/news_info.php?798
2016-03-11,【中大期货金属(有色金属)日报20160311——中欧经济前景忧虑打压市场人气 基本金属震荡下,http://www.zdqh.com/about/news_info.php?788
2016-03-10,【中大期货金属（黄金）日报20160310——黑色金属动荡后贵金属高位回落】,http://www.zdqh.com/about/news_info.php?777
2016-03-10,【中大期货金属（黄金）日报20160309——国内黑色飙涨带动贵金属高位震荡】,http://www.zdqh.com/about/news_info.php?776
2016-03-10,【中大期货金属(有色金属)日报20160310——中国通胀数据前景VS国际原油价格回升 基本金属,http://www.zdqh.com/about/news_info.php?773
2016-03-09,【中大期货金属(有色金属)日报20160309——贸易数据疲软 “两会”刺激政策预期落空 基本金,http://www.zdqh.com/about/news_info.php?765
2016-03-07,【中大期货金属（黄金）周报20160308——交易模式避险转通胀，金银短期超买】,http://www.zdqh.com/about/news_info.php?753
2016-03-07,【中大期货金属（黄金）日报20160307——非农亮眼，通胀预期金银反弹】,http://www.zdqh.com/about/news_info.php?752
2016-03-07,【中大期货金属(有色)周报20160308——中国出台刺激政策前景VS供需前景 基本金属短线大幅,http://www.zdqh.com/about/news_info.php?747
2016-03-07,【中大期货金属(有色金属)日报20160307——市场乐观情绪炒作热情不减 基本金属价格短线持,http://www.zdqh.com/about/news_info.php?746
2016-03-04,【中大期货金属（黄金）日报20160304——非农前，金银比值高位震荡】,http://www.zdqh.com/about/news_info.php?741
2016-03-04,【中大期货金属(有色金属)日报20160304——“两会”行情启动 市场寄望货币宽松政策 基本金,http://www.zdqh.com/about/news_info.php?737
2016-03-03,【中大期货金属(有色金属)日报20160303——供需面持续疲软VS经济数据好转 基本金属价格非,http://www.zdqh.com/about/news_info.php?726
2016-03-02,【中大期货金属（黄金）日报20160302——对冲信用风险和消费需求疲软，金银比冲击高位】,http://www.zdqh.com/about/news_info.php?723
2016-03-02,【中大期货金属(有色金属)日报20160229——市场乐观情绪炒作VS供需基本面持续疲软 基本金,http://www.zdqh.com/about/news_info.php?719
2016-02-29,【中大期货金属（黄金）日报20160229——对冲信用风险和消费需求疲软，金银比冲击高位】,http://www.zdqh.com/about/news_info.php?690
2016-02-29,【中大期货金属(有色)周报20160301——基本金属供需前景各不相同 内外盘持续分化】,http://www.zdqh.com/about/news_info.php?683
2016-02-29,【中大期货金属(有色金属)日报20160229——市场乐观情绪炒作VS供需基本面持续疲软 基本金,http://www.zdqh.com/about/news_info.php?682
2016-02-26,【中大期货金属(有色金属)日报20160226——中国股市VS美国经济数据 内外盘基本金属继续分,http://www.zdqh.com/about/news_info.php?678
2016-02-25,【中大期货金属（黄金）日报20160225——欧元区信用风险，黄金冲击高位】,http://www.zdqh.com/about/news_info.php?675
2016-02-25,【中大期货金属(有色金属)日报20160225——中国需求忧虑重燃 国际油价持续震荡 内外盘基本,http://www.zdqh.com/about/news_info.php?670
2016-02-24,【中大期货金属（黄金）日报20160224——加息预期疲软，黄金高位震荡】,http://www.zdqh.com/about/news_info.php?667
2016-02-24,【中大期货金属(有色金属)日报20160224——中国需求前景VS楼市提振政策 内外盘基本金属继,http://www.zdqh.com/about/news_info.php?663
2016-02-23,【中大期货金属（黄金）周报20160223——国内股市商品回暖，金价高位回落】,http://www.zdqh.com/about/news_info.php?660
2016-02-22,【中大期货金属（黄金）日报20160218——全球股汇暂稳，黄金小幅回落】,http://www.zdqh.com/about/news_info.php?635
2016-02-22,【中大期货金属（黄金）日报20160219——联储纪要符合预期，黄金高位震荡】,http://www.zdqh.com/about/news_info.php?634
2016-02-22,【中大期货金属（黄金）日报20160222——加息预期疲软，黄金高位震荡】,http://www.zdqh.com/about/news_info.php?633
2016-02-22,【中大期货金属(有色)周报20160223——全球经济好坏不一PK供需过剩形势严峻 内外盘基本金,http://www.zdqh.com/about/news_info.php?632
2016-02-22,【中大期货金属(有色金属)日报20160222——市场炒作补库存需求PK欧美货币宽松政策预期 内,http://www.zdqh.com/about/news_info.php?631
2017-03-08,【中大期货金属(有色金属)日报20170308——伦铜库存大增 菲第二轮矿业审查迎来变数 基本金,http://www.zdqh.com/about/news_info.php?1407
2017-03-08,【中大期货金属（黄金）日报20170308——加息渐进，金银继续回落】,http://www.zdqh.com/about/news_info.php?1410
2017-05-04,【中大期货金属（黄金）日报20170504——美联储鹰派基调金银破位】,http://www.zdqh.com/about/news_info.php?1701
2017-05-10,【中大期货金属（黄金）日报20170510——朝鲜半岛危机金银尾盘超跌反弹】,http://www.zdqh.com/about/news_info.php?1728
2017-05-17,【中大期货金属（黄金）日报20170517——美国经济数据好坏不一金银延续超跌反弹】,http://www.zdqh.com/about/news_info.php?1763
2017-06-13,【中大期货金属（黄金）日报20170613——美联储决议前金银弱势】,http://www.zdqh.com/about/news_info.php?1877
2017-08-01,【中大期货金属（黄金）日报20170801——通胀预期回升金银反弹】,http://www.zdqh.com/about/news_info.php?2136
2017-09-12,【中大期货金属(有色金属)日报20170912——中国通胀数据好于预期 朝鲜未再试射导弹 基本金,http://www.zdqh.com/about/news_info.php?2376
2017-10-19,【中大期货金属(有色金属)日报20171019——美元持续走强 全球基本金属持续供应短缺 基本金,http://www.zdqh.com/about/news_info.php?2528
2017-10-25,【中大期货金属(有色金属)日报20171025——中国进口数据上扬 LME基金净多头回升 基本金属多,http://www.zdqh.com/about/news_info.php?2552
2018-04-11,【中大期货金属(有色金属)日报20180411——中国释放扩大开放信号 贸易战忧虑降温 基本金属,http://www.zdqh.com/about/news_info.php?3244
